Id,Sales
40233,4735.8564
40234,4800.5776
40235,6945.194
40236,3771.2139
40237,6915.547
40238,5151.3726
40239,6428.248
40240,6972.0283
40241,4850.922
40242,3732.7424
40243,6230.536
40244,6473.3057
40245,5306.295
40246,6172.4673
40247,5305.809
40248,3632.128
40249,5005.4824
40250,8703.739
40251,9471.534
40252,8125.8584
40253,7911.991
40254,4330.7085
40255,6098.1064
40256,2744.145
40257,8910.506
40258,8406.549
40259,9103.358
40260,6917.203
40261,3444.9854
40262,4900.0176
40263,6214.6177
40264,9215.616
40265,4774.8936
40266,6039.261
40267,5192.8184
40268,6255.4146
40269,2867.63
40270,8442.651
40271,4280.798
40272,7451.733
40273,6654.0234
40274,4070.81
40275,8661.5205
40276,7079.9736
40277,4941.317
40278,4173.254
40279,7559.515
40280,10704.857
40281,6391.8755
40282,5907.509
40283,8569.961
40284,8108.949
40285,6267.12
40286,7199.334
40287,2665.1367
40288,2952.5713
40289,5255.801
40290,6662.9214
40291,9420.586
40292,7819.22
40293,4562.265
40294,8866.71
40295,8179.6216
40296,6961.6553
40297,3168.6172
40298,11204.901
40299,3915.6917
40300,4953.2515
40301,8153.4033
40302,4802.8633
40303,6480.2617
40304,3233.4048
40305,6273.6934
40306,5795.03
40307,5907.588
40308,8736.975
40309,7278.292
40310,4906.453
40311,3889.6802
40312,8070.262
40313,12479.026
40314,5799.216
40315,3283.8286
40316,6628.192
40317,6059.913
40318,6577.331
40319,9937.223
40320,2541.7622
40321,8518.848
40322,5227.158
40323,5845.878
40324,8037.346
40325,3280.588
40326,4933.8516
40327,5697.2095
40328,8101.883
40329,8030.4883
40330,4293.111
40331,5052.1265
40332,7731.378
40333,6123.4087
40334,5233.4443
40335,7490.541
40336,4934.5483
40337,6166.453
40338,4875.8286
40339,3544.9321
40340,6390.6074
40341,6699.2256
40342,6120.775
40343,8230.623
40344,8372.518
40345,4496.671
40346,9273.253
40347,3787.7915
40348,4006.169
40349,8592.723
40350,7368.3345
40351,8328.394
40352,9857.702
40353,7309.5146
40354,5276.184
40355,7717.093
40356,8084.276
40357,5287.611
40358,3175.2803
40359,5902.282
40360,5297.7886
40361,5703.7666
40362,4297.626
40363,6376.579
40364,7365.749
40365,6458.849
40366,6110.4907
40367,3195.5369
40368,7255.1216
40369,7674.739
40370,3716.2107
40371,5362.417
40372,3722.9062
40373,6341.0127
40374,3954.743
40375,5233.8735
40376,5100.2554
40377,7789.6387
40378,6549.3853
40379,7735.6934
40380,13481.086
40381,4571.7183
40382,5074.7056
40383,10367.945
40384,5645.8496
40385,8439.286
40386,7416.6196
40387,5971.7544
40388,6929.3403
40389,4915.677
40390,5897.004
40391,9104.981
40392,5578.0713
40393,3421.3982
40394,3820.0464
40395,8002.1675
40396,9444.364
40397,6165.5474
40398,6799.0815
40399,4927.7515
40400,2650.7034
40401,1959.3013
40402,4246.5894
40403,6037.297
40404,7200.2744
40405,5773.8926
40406,5164.287
40407,8618.159
40408,8339.745
40409,7419.7046
40410,5671.7256
40411,8653.643
40412,9861.6045
40413,4014.497
40414,6357.837
40415,5655.8535
40416,7258.3887
40417,3092.4924
40418,5635.9277
40419,5390.1963
40420,9018.889
40421,6346.8276
40422,8066.491
40423,7281.326
40424,4861.265
40425,8243.72
40426,17148.387
40427,9302.087
40428,4300.8247
40429,3853.1418
40430,7103.655
40431,9010.093
40432,4648.4834
40433,9502.725
40434,15784.171
40435,5197.164
40436,3323.611
40437,10090.878
40438,3609.8486
40439,7588.0347
40440,3764.2844
40441,6422.977
40442,3830.5774
40443,6969.495
40444,5364.0083
40445,5936.016
40446,10878.471
40447,6460.5127
40448,6180.998
40449,7542.216
40450,6057.2314
40451,6397.5356
40452,9056.532
40453,5385.232
40454,6511.5757
40455,4980.484
40456,3867.0828
40457,5347.6143
40458,5474.4634
40459,5850.6978
40460,8484.984
40461,9064.24
40462,8037.8447
40463,4727.597
40464,4129.634
40465,5152.0903
40466,6082.712
40467,6869.3706
40468,3070.3162
40469,7073.743
40470,6206.5317
40471,8460.668
40472,6175.8237
40473,4539.6
40474,3644.63
40475,2925.4028
40476,9146.072
40477,6074.404
40478,6611.018
40479,12561.085
40480,8269.4
40481,4782.57
40482,5950.319
40483,2949.2805
40484,5007.5503
40485,4655.73
40486,4606.3564
40487,8500.772
40488,5297.081
40489,9123.55
40490,10964.919
40491,6339.682
40492,6327.419
40493,5103.964
40494,5859.125
40495,5666.41
40496,11242.153
40497,6239.0815
40498,7406.348
40499,3444.315
40500,6153.0337
40501,5517.524
40502,8525.7
40503,6615.585
40504,5915.753
40505,6733.5757
40506,4887.6562
40507,9619.182
40508,7435.446
40509,6968.066
40510,9316.32
40511,7789.4155
40512,8931.25
40513,3708.8762
40514,5563.1724
40515,5183.5444
40516,9687.313
40517,6899.8594
40518,7888.0674
40519,6732.3105
40520,8523.415
40521,5099.1123
40522,7141.8354
40523,6587.816
40524,3330.6794
40525,12908.321
40526,15183.795
40527,7661.9907
40528,6728.035
40529,7494.457
40530,9146.352
40531,8548.051
40532,3768.2437
40533,5466.7617
40534,6304.611
40535,8415.221
40536,2835.291
40537,5178.3257
40538,5935.422
40539,5634.729
40540,5476.8716
40541,3358.1938
40542,3442.6167
40543,7695.725
40544,3989.3398
40545,4918.613
40546,5510.818
40547,5922.5957
40548,10042.9375
40549,10430.112
40550,6261.169
40551,7628.8184
40552,6953.1743
40553,10717.71
40554,5345.2583
40555,3886.3313
40556,5590.5464
40557,11800.819
40558,4364.853
40559,8013.9453
40560,2509.6685
40561,4214.009
40562,6743.2227
40563,6070.2104
40564,5408.4795
40565,8760.557
40566,9814.734
40567,7956.4434
40568,4764.3296
40569,10770.452
40570,2229.149
40571,4355.823
40572,7982.013
40573,4987.867
40574,10673.03
40575,3219.259
40576,5681.3203
40577,6075.1743
40578,8261.383
40579,9249.968
40580,5162.8936
40581,3273.279
40582,9449.49
40583,9932.012
40584,5305.495
40585,6036.065
40586,9244.474
40587,6263.421
40588,5722.2617
40589,4328.978
40590,8013.242
40591,4831.384
40592,13456.614
40593,7680.011
40594,12558.378
40595,6913.7466
40596,4807.103
40597,2580.1257
40598,6213.9653
40599,5845.07
40600,5372.165
40601,9351.065
40602,5786.9927
40603,3320.6606
40604,7648.5923
40605,3595.874
40606,9628.6455
40607,7430.9653
40608,7612.421
40609,9138.285
40610,4886.8545
40611,7718.3735
40612,7666.742
40613,5990.278
40614,6964.4116
40615,4009.6633
40616,9658.557
40617,6915.857
40618,4325.535
40619,5554.2646
40620,8130.494
40621,6893.1367
40622,4093.8596
40623,6037.556
40624,5641.7207
40625,5173.6797
40626,5495.4326
40627,10136.127
40628,5109.429
40629,4390.2793
40630,6231.3145
40631,6129.474
40632,3574.3215
40633,5834.5083
40634,8907.6
40635,7351.9077
40636,11822.81
40637,9610.039
40638,7442.683
40639,5369.762
40640,4606.7563
40641,10792.417
40642,8203.615
40643,7390.774
40644,6140.9673
40645,6483.495
40646,5386.419
40647,2670.734
40648,11617.672
40649,6748.544
40650,6374.6694
40651,5175.2295
40652,1509.13
40653,8532.224
40654,6125.1787
40655,4481.5254
40656,4435.1533
40657,7271.09
40658,5944.822
40659,4646.0586
40660,9378.299
40661,4634.0596
40662,4578.2773
40663,4045.2615
40664,2689.468
40665,5436.8296
40666,13791.712
40667,5249.1724
40668,6041.4907
40669,5818.0254
40670,4164.5767
40671,3682.9312
40672,6339.0234
40673,3304.5881
40674,9746.172
40675,7160.948
40676,2914.686
40677,8449.652
40678,2877.641
40679,3961.3655
40680,9248.442
40681,8622.385
40682,9703.126
40683,2747.27
40684,5779.375
40685,4619.478
40686,4548.846
40687,15084.633
40688,10844.979
40689,5697.791
40690,3767.5642
40691,5870.8506
40692,4844.0737
40693,2920.2693
40694,8119.521
40695,4969.73
40696,5519.387
40697,7599.5073
40698,4829.513
40699,5262.5127
40700,6479.1924
40701,7473.7627
40702,7234.4946
40703,3157.4827
40704,5629.1265
40705,7235.012
40706,8923.144
40707,6868.0146
40708,7855.535
40709,2675.9827
40710,8816.912
40711,5939.3013
40712,3287.9944
40713,4447.159
40714,4914.9077
40715,5056.2
40716,7332.985
40717,4555.807
40718,6012.907
40719,5618.816
40720,8170.257
40721,8574.278
40722,5327.443
40723,8223.537
40724,6763.4487
40725,2903.2886
40726,11022.1045
40727,4277.0796
40728,3470.1582
40729,6489.1685
40730,9960.414
40731,10048.256
40732,4583.941
40733,5258.1226
40734,6617.011
40735,7721.1567
40736,5236.395
40737,8983.227
40738,3048.6797
40739,5680.009
40740,4214.483
40741,3741.2017
40742,3090.1333
40743,7710.346
40744,7034.96
40745,5888.623
40746,5867.609
40747,7984.975
40748,8280.292
40749,4583.237
40750,5267.9873
40751,5643.066
40752,6819.15
40753,6380.3267
40754,2184.471
40755,6673.3203
40756,7320.3223
40757,6893.459
40758,6197.1436
40759,3158.1636
40760,9385.717
40761,3250.5261
40762,9797.479
40763,5864.252
40764,5191.06
40765,8538.305
40766,4369.873
40767,4571.544
40768,9021.091
40769,2901.749
40770,7138.4443
40771,9700.9795
40772,7283.389
40773,2830.7505
40774,5352.922
40775,4046.7668
40776,2465.6648
40777,5698.492
40778,6678.5225
40779,5820.79
40780,4756.002
40781,5880.6694
40782,4987.396
40783,9730.029
40784,5000.7583
40785,6169.7124
40786,4643.3164
40787,6217.885
40788,6124.46
40789,6827.552
40790,8290.818
40791,9782.613
40792,8093.7114
40793,6465.506
40794,5708.072
40795,3069.4375
40796,6265.829
40797,9525.855
40798,7364.281
40799,6982.1235
40800,12326.339
40801,3633.1052
40802,5095.174
40803,5009.3037
40804,8582.559
40805,9342.267
40806,7839.4424
40807,7912.633
40808,8744.295
40809,7719.6323
40810,6557.8613
40811,5605.091
40812,2543.8413
40813,5206.929
40814,3480.5981
40815,3276.7314
40816,7921.0674
40817,16145.689
40818,6174.693
40819,3574.1545
40820,5070.4233
40821,4376.105
40822,6095.6235
40823,2308.11
40824,7072.0566
40825,7436.191
40826,3888.2075
40827,11284.199
40828,11260.579
40829,4674.54
40830,6062.3237
40831,4105.087
40832,4213.5464
40833,4591.065
40834,9323.813
40835,4256.2007
40836,4487.163
40837,5318.644
40838,6027.09
40839,5980.7495
40840,8262.289
40841,3270.8257
40842,8370.153
40843,7200.0137
40844,5602.119
40845,4352.0815
40846,4249.884
40847,5106.7734
40848,5121.662
40849,9896.458
40850,4699.6577
40851,4305.6274
40852,6617.617
40853,5104.6016
40854,5761.5195
40855,4847.434
40856,5964.388
40857,10324.231
40858,7409.365
40859,6861.892
40860,3664.6096
40861,5062.754
40862,6036.8247
40863,4633.1626
40864,5163.859
40865,5552.9404
40866,11203.513
40867,7406.3975
40868,4769.2583
40869,6385.477
40870,5044.1426
40871,7662.5386
40872,5499.481
40873,9525.483
40874,7184.8525
40875,5311.7437
40876,4374.732
40877,2445.6055
40878,4782.807
40879,17749.928
40880,2641.7158
40881,5309.7075
40882,7505.731
40883,7479.5537
40884,6197.8115
40885,8780.977
40886,6204.839
40887,6679.408
40888,3063.8323
40889,8635.775
40890,4958.664
40891,6545.7627
40892,8918.294
40893,4433.356
40894,8698.12
40895,6992.267
40896,3605.4883
40897,6920.4365
40898,6820.542
40899,2972.5586
40900,9302.638
40901,6574.0947
40902,4934.2188
40903,9353.982
40904,8364.424
40905,7138.6553
40906,4770.2227
40907,4517.893
40908,5819.6353
40909,3726.7793
40910,6532.447
40911,2698.0054
40912,5995.245
40913,3436.4382
40914,6327.914
40915,5947.107
40916,5453.689
40917,6074.8555
40918,9224.867
40919,6259.4556
40920,8310.302
40921,5850.815
40922,6874.7456
40923,8946.451
40924,7593.3706
40925,4130.7173
40926,5986.08
40927,5963.324
40928,4788.1475
40929,11717.109
40930,5533.789
40931,5954.2134
40932,8550.864
40933,7321.0903
40934,2291.6113
40935,9006.055
40936,8750.719
40937,6572.9785
40938,8047.4487
40939,7341.0186
40940,8306.055
40941,5509.8667
40942,4824.8716
40943,3865.0176
40944,6734.449
40945,8684.675
40946,2927.0386
40947,7953.416
40948,7314.599
40949,5970.046
40950,7511.582
40951,5245.1333
40952,7679.4473
40953,2887.8357
40954,5032.162
40955,5427.627
40956,4060.2344
40957,6423.8594
40958,7605.076
40959,8126.9355
40960,6946.254
40961,4472.386
40962,6443.6255
40963,8050.128
40964,8112.446
40965,3031.0334
40966,3100.684
40967,8785.902
40968,6687.1343
40969,4229.8843
40970,7952.0884
40971,7153.7256
40972,7015.421
40973,5247.215
40974,2125.2944
40975,6064.573
40976,6634.0425
40977,5698.617
40978,8514.632
40979,7199.7803
40980,4066.7231
40981,6477.277
40982,3361.3477
40983,1334.7644
40984,7161.276
40985,10340.729
40986,6171.6313
40987,5009.858
40988,3220.0332
40989,5674.5503
40990,7991.6343
40991,6429.542
40992,9160.757
40993,4335.921
40994,4147.589
40995,4197.0356
40996,6476.1094
40997,3950.1997
40998,2831.6257
40999,4259.4663
41000,4042.357
41001,7113.568
41002,5065.256
41003,5903.234
41004,5744.487
41005,7776.603
41006,5282.0757
41007,4255.271
41008,9770.78
41009,7928.9585
41010,6704.096
41011,2380.782
41012,7175.2373
41013,5660.1763
41014,4515.2993
41015,8112.136
41016,9209.641
41017,6992.0933
41018,6695.9165
41019,6602.7188
41020,8050.796
41021,11524.451
41022,3722.0469
41023,4128.4565
41024,5667.6587
41025,6049.3677
41026,6484.497
41027,9364.186
41028,7594.6597
41029,6263.5347
41030,3208.9783
41031,6925.448
41032,7256.4434
41033,4316.093
41034,6842.344
41035,3660.176
41036,7294.005
41037,6206.9697
41038,5871.209
41039,6659.135
41040,4139.932
41041,5013.1997
41042,6742.1743
41043,6267.413
41044,9120.914
41045,5779.9097
41046,9119.844
41047,5594.515
41048,4047.0215
41049,8824.223
41050,3271.6433
41051,11003.744
41052,6093.531
41053,4822.709
41054,7507.02
41055,4883.281
41056,4908.1567
41057,6102.523
41058,3115.4976
41059,3264.233
41060,6675.2427
41061,5874.088
41062,9982.364
41063,6474.0713
41064,5483.986
41065,4149.9395
41066,6146.1943
41067,3442.3442
41068,10686.485
41069,7045.5835
41070,12551.157
41071,5648.694
41072,5583.7354
41073,7813.8525
41074,7621.182
41075,3499.5054
41076,8912.104
41077,6782.927
41078,5630.4688
41079,5710.288
41080,5498.6836
41081,3148.7085
41082,5426.1675
41083,4074.5708
41084,3108.4023
41085,7751.1514
41086,6319.433
41087,19625.05
41088,7208.837
39377,0.0
39378,0.0
39379,0.0
39380,0.0
39381,0.0
39382,0.0
39383,0.0
39384,0.0
39385,0.0
39386,0.0
39387,0.0
39388,0.0
39389,0.0
39390,0.0
39391,0.0
39392,0.0
39393,0.0
39394,0.0
39395,0.0
39396,0.0
39397,0.0
39398,0.0
39399,0.0
39400,0.0
39401,0.0
39402,0.0
39403,0.0
39404,0.0
39405,0.0
39406,0.0
39407,0.0
39408,0.0
39409,0.0
39410,0.0
39411,0.0
39412,0.0
39413,0.0
39414,0.0
39415,0.0
39416,0.0
39417,0.0
39418,0.0
39419,0.0
39420,0.0
39421,0.0
39422,0.0
39423,0.0
39424,0.0
39425,0.0
39426,0.0
39427,0.0
39428,0.0
39429,0.0
39430,0.0
39431,0.0
39432,0.0
39433,0.0
39434,0.0
39435,0.0
39436,0.0
39437,0.0
39438,0.0
39439,0.0
39440,0.0
39441,0.0
39442,0.0
39443,0.0
39444,0.0
39445,0.0
39446,0.0
39447,0.0
39448,0.0
39449,0.0
39450,0.0
39451,0.0
39452,0.0
39453,0.0
39454,0.0
39455,0.0
39456,0.0
39457,0.0
39458,0.0
39459,0.0
39460,0.0
39461,0.0
39462,0.0
39463,0.0
39464,0.0
39465,0.0
39466,0.0
39467,0.0
39468,4491.9766
39469,0.0
39470,0.0
39471,0.0
39472,0.0
39473,0.0
39474,0.0
39475,0.0
39476,0.0
39477,0.0
39478,0.0
39479,0.0
39480,0.0
39481,0.0
39482,0.0
39483,0.0
39484,0.0
39485,0.0
39486,0.0
39487,0.0
39488,0.0
39489,0.0
39490,0.0
39491,0.0
39492,0.0
39493,0.0
39494,0.0
39495,0.0
39496,0.0
39497,0.0
39498,0.0
39499,0.0
39500,0.0
39501,0.0
39502,0.0
39503,0.0
39504,0.0
39505,0.0
39506,0.0
39507,0.0
39508,0.0
39509,0.0
39510,0.0
39511,0.0
39512,0.0
39513,0.0
39514,0.0
39515,0.0
39516,0.0
39517,0.0
39518,0.0
39519,0.0
39520,0.0
39521,0.0
39522,0.0
39523,0.0
39524,0.0
39525,0.0
39526,0.0
39527,0.0
39528,0.0
39529,0.0
39530,0.0
39531,0.0
39532,0.0
39533,0.0
39534,0.0
39535,0.0
39536,2661.752
39537,0.0
39538,0.0
39539,0.0
39540,0.0
39541,0.0
39542,0.0
39543,0.0
39544,0.0
39545,0.0
39546,0.0
39547,0.0
39548,0.0
39549,0.0
39550,0.0
39551,0.0
39552,0.0
39553,0.0
39554,0.0
39555,0.0
39556,0.0
39557,0.0
39558,0.0
39559,0.0
39560,0.0
39561,0.0
39562,0.0
39563,0.0
39564,0.0
39565,0.0
39566,0.0
39567,0.0
39568,0.0
39569,0.0
39570,0.0
39571,0.0
39572,0.0
39573,0.0
39574,0.0
39575,0.0
39576,0.0
39577,14003.854
39578,21550.793
39579,0.0
39580,0.0
39581,0.0
39582,0.0
39583,0.0
39584,0.0
39585,0.0
39586,6452.414
39587,0.0
39588,0.0
39589,0.0
39590,0.0
39591,0.0
39592,0.0
39593,0.0
39594,0.0
39595,0.0
39596,0.0
39597,0.0
39598,0.0
39599,0.0
39600,0.0
39601,0.0
39602,0.0
39603,0.0
39604,0.0
39605,5151.481
39606,0.0
39607,0.0
39608,0.0
39609,0.0
39610,0.0
39611,0.0
39612,0.0
39613,0.0
39614,0.0
39615,3282.535
39616,0.0
39617,0.0
39618,0.0
39619,0.0
39620,0.0
39621,0.0
39622,0.0
39623,0.0
39624,0.0
39625,0.0
39626,0.0
39627,0.0
39628,0.0
39629,0.0
39630,0.0
39631,0.0
39632,0.0
39633,9139.61
39634,0.0
39635,0.0
39636,0.0
39637,0.0
39638,0.0
39639,0.0
39640,0.0
39641,0.0
39642,0.0
39643,0.0
39644,0.0
39645,0.0
39646,0.0
39647,0.0
39648,0.0
39649,0.0
39650,8266.585
39651,0.0
39652,0.0
39653,0.0
39654,0.0
39655,0.0
39656,0.0
39657,0.0
39658,0.0
39659,0.0
39660,0.0
39661,0.0
39662,0.0
39663,0.0
39664,0.0
39665,0.0
39666,0.0
39667,0.0
39668,0.0
39669,0.0
39670,0.0
39671,0.0
39672,0.0
39673,0.0
39674,0.0
39675,0.0
39676,0.0
39677,0.0
39678,0.0
39679,0.0
39680,0.0
39681,0.0
39682,0.0
39683,0.0
39684,0.0
39685,0.0
39686,0.0
39687,0.0
39688,0.0
39689,0.0
39690,0.0
39691,0.0
39692,0.0
39693,0.0
39694,0.0
39695,0.0
39696,0.0
39697,0.0
39698,0.0
39699,0.0
39700,0.0
39701,0.0
39702,0.0
39703,0.0
39704,0.0
39705,0.0
39706,0.0
39707,0.0
39708,0.0
39709,0.0
39710,0.0
39711,0.0
39712,1949.8254
39713,0.0
39714,0.0
39715,0.0
39716,0.0
39717,0.0
39718,0.0
39719,0.0
39720,0.0
39721,0.0
39722,0.0
39723,0.0
39724,0.0
39725,0.0
39726,5025.878
39727,0.0
39728,0.0
39729,0.0
39730,0.0
39731,0.0
39732,0.0
39733,0.0
39734,0.0
39735,0.0
39736,0.0
39737,0.0
39738,0.0
39739,0.0
39740,0.0
39741,0.0
39742,0.0
39743,0.0
39744,0.0
39745,0.0
39746,0.0
39747,0.0
39748,0.0
39749,0.0
39750,0.0
39751,0.0
39752,0.0
39753,0.0
39754,0.0
39755,0.0
39756,0.0
39757,0.0
39758,0.0
39759,0.0
39760,0.0
39761,0.0
39762,0.0
39763,0.0
39764,0.0
39765,0.0
39766,0.0
39767,0.0
39768,0.0
39769,7564.499
39770,0.0
39771,0.0
39772,0.0
39773,0.0
39774,0.0
39775,0.0
39776,0.0
39777,0.0
39778,0.0
39779,2721.6938
39780,0.0
39781,0.0
39782,0.0
39783,4773.737
39784,0.0
39785,0.0
39786,0.0
39787,0.0
39788,0.0
39789,0.0
39790,0.0
39791,0.0
39792,0.0
39793,0.0
39794,0.0
39795,0.0
39796,0.0
39797,0.0
39798,0.0
39799,0.0
39800,0.0
39801,0.0
39802,0.0
39803,0.0
39804,0.0
39805,0.0
39806,0.0
39807,0.0
39808,0.0
39809,0.0
39810,17391.36
39811,0.0
39812,0.0
39813,0.0
39814,0.0
39815,0.0
39816,0.0
39817,0.0
39818,0.0
39819,0.0
39820,0.0
39821,0.0
39822,0.0
39823,0.0
39824,6711.9854
39825,0.0
39826,0.0
39827,0.0
39828,0.0
39829,0.0
39830,0.0
39831,0.0
39832,0.0
39833,0.0
39834,0.0
39835,0.0
39836,0.0
39837,0.0
39838,0.0
39839,0.0
39840,0.0
39841,0.0
39842,0.0
39843,0.0
39844,0.0
39845,0.0
39846,0.0
39847,0.0
39848,0.0
39849,0.0
39850,0.0
39851,0.0
39852,0.0
39853,0.0
39854,0.0
39855,0.0
39856,0.0
39857,0.0
39858,0.0
39859,0.0
39860,0.0
39861,0.0
39862,0.0
39863,0.0
39864,0.0
39865,0.0
39866,0.0
39867,0.0
39868,0.0
39869,0.0
39870,0.0
39871,0.0
39872,0.0
39873,0.0
39874,0.0
39875,0.0
39876,0.0
39877,0.0
39878,0.0
39879,0.0
39880,0.0
39881,0.0
39882,0.0
39883,0.0
39884,0.0
39885,0.0
39886,0.0
39887,0.0
39888,0.0
39889,0.0
39890,0.0
39891,0.0
39892,0.0
39893,0.0
39894,0.0
39895,0.0
39896,0.0
39897,0.0
39898,0.0
39899,10653.554
39900,0.0
39901,0.0
39902,0.0
39903,0.0
39904,0.0
39905,0.0
39906,0.0
39907,0.0
39908,0.0
39909,0.0
39910,0.0
39911,0.0
39912,0.0
39913,0.0
39914,0.0
39915,0.0
39916,0.0
39917,0.0
39918,0.0
39919,0.0
39920,0.0
39921,0.0
39922,0.0
39923,0.0
39924,0.0
39925,0.0
39926,0.0
39927,0.0
39928,0.0
39929,0.0
39930,0.0
39931,0.0
39932,0.0
39933,0.0
39934,0.0
39935,0.0
39936,0.0
39937,0.0
39938,0.0
39939,0.0
39940,0.0
39941,0.0
39942,0.0
39943,3540.103
39944,13693.411
39945,0.0
39946,0.0
39947,0.0
39948,0.0
39949,0.0
39950,0.0
39951,0.0
39952,0.0
39953,0.0
39954,0.0
39955,0.0
39956,0.0
39957,0.0
39958,0.0
39959,0.0
39960,0.0
39961,0.0
39962,0.0
39963,0.0
39964,0.0
39965,0.0
39966,0.0
39967,0.0
39968,0.0
39969,0.0
39970,0.0
39971,0.0
39972,11125.249
39973,0.0
39974,0.0
39975,0.0
39976,0.0
39977,0.0
39978,0.0
39979,0.0
39980,0.0
39981,0.0
39982,0.0
39983,0.0
39984,0.0
39985,0.0
39986,0.0
39987,0.0
39988,0.0
39989,0.0
39990,0.0
39991,0.0
39992,0.0
39993,0.0
39994,0.0
39995,0.0
39996,0.0
39997,0.0
39998,0.0
39999,0.0
40000,0.0
40001,0.0
40002,0.0
40003,0.0
40004,0.0
40005,0.0
40006,0.0
40007,0.0
40008,0.0
40009,0.0
40010,0.0
40011,0.0
40012,0.0
40013,0.0
40014,0.0
40015,0.0
40016,0.0
40017,0.0
40018,0.0
40019,0.0
40020,0.0
40021,0.0
40022,0.0
40023,0.0
40024,0.0
40025,0.0
40026,0.0
40027,0.0
40028,0.0
40029,0.0
40030,0.0
40031,0.0
40032,0.0
40033,0.0
40034,0.0
40035,0.0
40036,0.0
40037,0.0
40038,0.0
40039,0.0
40040,0.0
40041,0.0
40042,3205.6218
40043,0.0
40044,0.0
40045,0.0
40046,2345.4219
40047,0.0
40048,0.0
40049,0.0
40050,0.0
40051,0.0
40052,0.0
40053,0.0
40054,0.0
40055,0.0
40056,0.0
40057,0.0
40058,0.0
40059,0.0
40060,0.0
40061,0.0
40062,0.0
40063,0.0
40064,0.0
40065,0.0
40066,0.0
40067,0.0
40068,0.0
40069,0.0
40070,0.0
40071,0.0
40072,0.0
40073,0.0
40074,0.0
40075,0.0
40076,0.0
40077,0.0
40078,0.0
40079,0.0
40080,0.0
40081,0.0
40082,0.0
40083,0.0
40084,0.0
40085,0.0
40086,0.0
40087,0.0
40088,0.0
40089,0.0
40090,0.0
40091,0.0
40092,0.0
40093,0.0
40094,0.0
40095,0.0
40096,0.0
40097,2275.1719
40098,0.0
40099,0.0
40100,0.0
40101,0.0
40102,0.0
40103,0.0
40104,0.0
40105,0.0
40106,0.0
40107,0.0
40108,0.0
40109,0.0
40110,0.0
40111,0.0
40112,9792.163
40113,0.0
40114,0.0
40115,0.0
40116,0.0
40117,0.0
40118,0.0
40119,0.0
40120,0.0
40121,0.0
40122,0.0
40123,0.0
40124,0.0
40125,0.0
40126,0.0
40127,0.0
40128,0.0
40129,0.0
40130,0.0
40131,0.0
40132,0.0
40133,0.0
40134,0.0
40135,0.0
40136,0.0
40137,0.0
40138,0.0
40139,0.0
40140,0.0
40141,0.0
40142,0.0
40143,0.0
40144,0.0
40145,0.0
40146,0.0
40147,0.0
40148,0.0
40149,0.0
40150,0.0
40151,0.0
40152,0.0
40153,0.0
40154,0.0
40155,0.0
40156,0.0
40157,0.0
40158,0.0
40159,0.0
40160,0.0
40161,0.0
40162,0.0
40163,0.0
40164,0.0
40165,0.0
40166,0.0
40167,0.0
40168,0.0
40169,0.0
40170,0.0
40171,0.0
40172,0.0
40173,0.0
40174,0.0
40175,0.0
40176,4803.6514
40177,0.0
40178,0.0
40179,0.0
40180,0.0
40181,0.0
40182,0.0
40183,0.0
40184,0.0
40185,0.0
40186,0.0
40187,0.0
40188,0.0
40189,0.0
40190,0.0
40191,0.0
40192,0.0
40193,0.0
40194,0.0
40195,0.0
40196,0.0
40197,0.0
40198,0.0
40199,0.0
40200,0.0
40201,0.0
40202,0.0
40203,0.0
40204,0.0
40205,0.0
40206,0.0
40207,0.0
40208,0.0
40209,0.0
40210,0.0
40211,0.0
40212,0.0
40213,0.0
40214,0.0
40215,0.0
40216,0.0
40217,11497.302
40218,4899.7603
40219,0.0
40220,0.0
40221,0.0
40222,0.0
40223,0.0
40224,0.0
40225,0.0
40226,0.0
40227,0.0
40228,0.0
40229,0.0
40230,0.0
40231,0.0
40232,0.0
38521,5534.2324
38522,10113.443
38523,12038.824
38524,8636.813
38525,9377.413
38526,7228.0664
38527,9658.363
38528,10840.967
38529,7601.9434
38530,7743.658
38531,8892.719
38532,10536.226
38533,9514.061
38534,10455.401
38535,8143.09
38536,6419.113
38537,7655.0874
38538,13078.305
38539,13006.878
38540,13337.836
38541,10943.521
38542,7097.309
38543,7483.1143
38544,5883.8003
38545,9351.752
38546,14020.023
38547,10912.171
38548,8777.225
38549,7866.812
38550,5823.3223
38551,8286.668
38552,13293.514
38553,9376.948
38554,6819.436
38555,7809.3223
38556,9753.406
38557,5010.823
38558,10655.281
38559,6144.7407
38560,8337.55
38561,8649.097
38562,7580.9165
38563,9955.779
38564,10134.426
38565,6390.437
38566,8960.994
38567,9224.251
38568,13817.795
38569,7821.458
38570,11276.711
38571,8851.534
38572,11887.009
38573,9180.279
38574,12362.565
38575,6940.082
38576,6459.465
38577,8613.532
38578,8033.3687
38579,11899.714
38580,10521.123
38581,7622.9707
38582,10162.36
38583,8233.19
38584,13130.172
38585,5163.9326
38586,16444.178
38587,6766.972
38588,7831.8794
38589,10451.503
38590,6412.0264
38591,8715.053
38592,8338.289
38593,10329.708
38594,7501.251
38595,7566.3677
38596,9452.718
38597,9495.042
38598,9671.536
38599,6718.179
38600,9350.228
38601,14054.511
38602,8646.325
38603,6407.2334
38604,8849.221
38605,7421.4526
38606,7942.598
38607,8919.392
38608,5405.349
38609,11728.883
38610,7895.7075
38611,9437.098
38612,10601.414
38613,6057.5723
38614,7530.7573
38615,7810.7974
38616,10936.531
38617,11497.674
38618,6783.4185
38619,6645.6514
38620,9171.475
38621,7593.9067
38622,7866.4067
38623,11186.535
38624,8961.122
38625,10093.072
38626,7664.4243
38627,5913.045
38628,9743.197
38629,9711.005
38630,10169.079
38631,11418.608
38632,11067.855
38633,7930.9253
38634,11600.709
38635,8089.027
38636,10511.103
38637,12020.329
38638,9471.001
38639,12910.464
38640,9647.84
38641,10012.419
38642,8125.6875
38643,9343.416
38644,10348.443
38645,9327.763
38646,5583.416
38647,7289.081
38648,10727.742
38649,7874.1235
38650,6520.2954
38651,11545.729
38652,8314.702
38653,7119.2354
38654,7110.1216
38655,7350.6597
38656,10225.294
38657,8892.939
38658,9260.005
38659,7600.6816
38660,7918.514
38661,9137.179
38662,5186.853
38663,9051.773
38664,7626.2285
38665,10847.689
38666,9814.005
38667,7822.786
38668,14046.256
38669,7468.7534
38670,6354.4844
38671,13475.314
38672,8492.182
38673,11227.623
38674,9626.9
38675,7192.978
38676,8396.492
38677,7056.3975
38678,10499.65
38679,15414.523
38680,7852.149
38681,4583.866
38682,6168.865
38683,12018.793
38684,11765.801
38685,8787.075
38686,9618.695
38687,5782.838
38688,6763.32
38689,3960.6663
38690,6575.537
38691,8001.458
38692,8864.358
38693,8896.851
38694,8643.926
38695,10674.526
38696,11535.415
38697,9644.841
38698,7037.356
38699,11489.913
38700,14801.12
38701,8548.687
38702,10424.096
38703,7382.7983
38704,8668.389
38705,6176.1953
38706,9916.507
38707,8156.88
38708,11074.561
38709,8822.859
38710,11449.94
38711,10222.223
38712,6869.194
38713,12415.301
38714,20856.5
38715,13099.276
38716,8467.651
38717,4442.4614
38718,7961.4536
38719,12372.651
38720,7397.2764
38721,12803.695
38722,18923.22
38723,5298.7637
38724,7858.9673
38725,10474.795
38726,6497.1763
38727,12876.88
38728,9064.448
38729,10674.7705
38730,4712.712
38731,9281.11
38732,8292.898
38733,9672.219
38734,13524.267
38735,8174.552
38736,7402.1177
38737,9172.078
38738,7046.4976
38739,6988.5195
38740,9829.611
38741,7814.337
38742,7797.845
38743,10399.865
38744,8144.1777
38745,7306.218
38746,10024.277
38747,9723.442
38748,11043.023
38749,10447.775
38750,8884.0205
38751,6976.106
38752,5340.906
38753,8755.193
38754,9540.668
38755,8712.809
38756,5631.3496
38757,11598.419
38758,10173.183
38759,12145.979
38760,8534.576
38761,7890.2725
38762,7569.7173
38763,6034.355
38764,12488.396
38765,6681.0903
38766,9892.192
38767,17528.89
38768,9063.358
38769,8701.548
38770,6982.7095
38771,5936.9165
38772,9759.548
38773,5861.3945
38774,8381.114
38775,12259.65
38776,7401.2
38777,18332.398
38778,16597.787
38779,6517.889
38780,9499.436
38781,7173.0273
38782,9026.668
38783,7394.4688
38784,13862.252
38785,10209.663
38786,12731.012
38787,6346.64
38788,9107.856
38789,6353.9326
38790,10503.286
38791,9361.649
38792,8371.151
38793,8099.3335
38794,6859.4907
38795,11238.98
38796,11425.776
38797,7576.001
38798,13542.582
38799,8199.345
38800,11970.312
38801,6896.083
38802,7027.791
38803,7357.59
38804,13931.995
38805,7844.02
38806,10024.306
38807,9496.491
38808,12136.448
38809,6286.668
38810,10500.702
38811,9369.903
38812,5906.816
38813,17665.57
38814,18368.607
38815,9669.525
38816,9952.323
38817,11771.334
38818,13653.05
38819,13518.076
38820,8169.065
38821,10621.291
38822,7771.5015
38823,10676.736
38824,5263.1655
38825,7894.7285
38826,7706.001
38827,7287.225
38828,9331.465
38829,6628.736
38830,7231.287
38831,9134.286
38832,5463.8423
38833,6287.4473
38834,7407.6836
38835,10282.035
38836,12478.1455
38837,10686.547
38838,9362.596
38839,8066.8145
38840,8367.208
38841,14477.022
38842,9925.108
38843,7640.994
38844,6973.6245
38845,11974.456
38846,5702.646
38847,9698.564
38848,4638.447
38849,6948.2285
38850,10791.161
38851,7732.742
38852,6987.32
38853,10950.705
38854,11529.872
38855,12804.953
38856,7778.4575
38857,12387.906
38858,4467.3125
38859,7403.17
38860,9673.677
38861,6236.5947
38862,10218.333
38863,6859.8833
38864,6744.831
38865,11686.062
38866,13871.351
38867,10283.947
38868,7243.7954
38869,6770.0
38870,13158.83
38871,9925.639
38872,8258.531
38873,7156.933
38874,9098.202
38875,12154.565
38876,6115.12
38877,8646.522
38878,10683.683
38879,10728.54
38880,16428.36
38881,7215.062
38882,15198.341
38883,9167.696
38884,6518.5107
38885,4946.1694
38886,7820.8237
38887,8234.714
38888,7717.461
38889,9239.062
38890,6568.2217
38891,6750.0635
38892,9730.8
38893,5237.0146
38894,9794.414
38895,9796.778
38896,11259.559
38897,11558.477
38898,7864.4937
38899,11892.18
38900,8045.108
38901,7202.665
38902,7201.5244
38903,7257.516
38904,13522.112
38905,8653.099
38906,6732.4263
38907,10538.095
38908,11153.297
38909,10061.433
38910,8715.942
38911,11250.51
38912,6923.434
38913,6456.9453
38914,8275.207
38915,10570.942
38916,8931.957
38917,8333.217
38918,8145.032
38919,6924.0415
38920,5394.2085
38921,7187.238
38922,10494.094
38923,11254.513
38924,12855.8955
38925,14588.46
38926,10262.754
38927,8607.168
38928,6239.8315
38929,12882.727
38930,13741.6875
38931,10255.503
38932,11155.808
38933,11672.661
38934,7907.4946
38935,5257.917
38936,13368.222
38937,8735.05
38938,9783.967
38939,8151.4126
38940,4490.7983
38941,14006.752
38942,7606.5054
38943,6895.478
38944,6041.456
38945,8425.509
38946,8988.009
38947,12019.917
38948,8196.021
38949,6131.158
38950,7066.676
38951,5899.879
38952,4273.234
38953,9048.917
38954,19101.754
38955,6941.492
38956,7517.5815
38957,9429.773
38958,6800.638
38959,7082.722
38960,6649.031
38961,5813.2993
38962,10223.968
38963,9344.699
38964,5361.3433
38965,11469.089
38966,8891.039
38967,6330.4976
38968,11066.029
38969,10890.015
38970,11959.333
38971,7797.8306
38972,9915.939
38973,6609.0576
38974,6580.167
38975,18141.96
38976,12338.371
38977,8157.806
38978,8210.355
38979,6533.2007
38980,7436.7935
38981,5848.5605
38982,11821.569
38983,6764.268
38984,6999.1597
38985,9446.77
38986,6605.6226
38987,8513.828
38988,10191.022
38989,10368.084
38990,9504.429
38991,6342.8457
38992,7309.0757
38993,8709.402
38994,11382.0205
38995,11166.645
38996,9075.876
38997,6534.385
38998,9942.57
38999,7833.9336
39000,5821.284
39001,9867.748
39002,9446.571
39003,8685.146
39004,8249.855
39005,8974.397
39006,8670.051
39007,7578.227
39008,8770.597
39009,8921.34
39010,9537.174
39011,11709.223
39012,7781.426
39013,6443.515
39014,14716.537
39015,8645.426
39016,4864.823
39017,10284.408
39018,10767.001
39019,13655.303
39020,6460.0195
39021,8147.4253
39022,7805.331
39023,9426.015
39024,8398.158
39025,12447.55
39026,4382.6807
39027,9648.171
39028,8248.958
39029,7775.787
39030,7312.4507
39031,9090.855
39032,11306.823
39033,7425.6445
39034,11748.062
39035,9234.321
39036,11432.132
39037,6029.758
39038,8602.481
39039,7866.542
39040,9552.832
39041,11507.57
39042,5427.6787
39043,8935.041
39044,9635.536
39045,10146.989
39046,6511.731
39047,5372.6978
39048,10874.736
39049,9480.003
39050,11463.664
39051,8783.724
39052,7374.142
39053,11238.016
39054,9533.572
39055,10574.764
39056,9953.415
39057,8174.131
39058,11063.476
39059,13531.194
39060,9928.867
39061,6591.9897
39062,8264.409
39063,6160.586
39064,4694.1646
39065,11067.032
39066,7378.314
39067,11303.89
39068,6810.0693
39069,9861.454
39070,8378.524
39071,13298.7
39072,6750.514
39073,7485.1274
39074,8450.949
39075,10098.455
39076,6619.574
39077,9707.505
39078,9097.838
39079,12537.602
39080,9740.206
39081,9333.388
39082,7325.917
39083,6332.6357
39084,6704.4546
39085,14284.95
39086,12911.375
39087,9962.219
39088,14514.019
39089,8432.222
39090,7034.1416
39091,9126.048
39092,10831.747
39093,13299.309
39094,9469.927
39095,11435.534
39096,11154.786
39097,8854.084
39098,8939.593
39099,7730.3384
39100,6771.9116
39101,7028.213
39102,5422.8765
39103,7684.833
39104,11161.959
39105,19192.146
39106,8931.25
39107,6701.8457
39108,10029.508
39109,5395.67
39110,8064.9062
39111,5254.387
39112,11450.366
39113,8987.349
39114,8838.997
39115,16293.465
39116,12686.54
39117,8755.962
39118,9544.308
39119,5287.913
39120,6858.2017
39121,7088.5615
39122,10666.517
39123,6978.994
39124,5689.509
39125,7625.414
39126,7368.9463
39127,10176.88
39128,9257.956
39129,4057.772
39130,9712.959
39131,10603.305
39132,10864.007
39133,7668.3877
39134,6687.0703
39135,10089.55
39136,5895.682
39137,11861.392
39138,6420.8394
39139,7820.4883
39140,9068.807
39141,7712.6777
39142,6180.403
39143,8218.464
39144,9845.581
39145,12579.164
39146,13311.034
39147,7754.6562
39148,5113.3833
39149,7168.431
39150,8073.765
39151,6864.2944
39152,9186.655
39153,7540.957
39154,14314.683
39155,9889.853
39156,7694.771
39157,10317.419
39158,6062.659
39159,11980.008
39160,7464.0244
39161,15416.905
39162,8239.255
39163,7875.851
39164,8099.2407
39165,5676.407
39166,10296.696
39167,20077.75
39168,6393.851
39169,6462.016
39170,13272.99
39171,8632.474
39172,9514.251
39173,10490.102
39174,8693.932
39175,7124.0312
39176,6297.975
39177,12498.585
39178,8556.411
39179,8636.517
39180,8976.357
39181,6323.473
39182,9252.333
39183,8107.7734
39184,4986.5303
39185,11152.105
39186,11104.228
39187,5582.8145
39188,9413.312
39189,9304.855
39190,6709.2397
39191,11720.933
39192,8610.526
39193,10329.176
39194,6240.7183
39195,7141.9175
39196,7957.354
39197,5415.986
39198,9838.597
39199,6145.796
39200,7358.537
39201,6719.2812
39202,8089.621
39203,7532.5894
39204,9130.715
39205,9867.898
39206,10777.82
39207,8461.37
39208,9973.951
39209,7908.023
39210,11591.043
39211,11666.562
39212,8386.976
39213,4959.3027
39214,8051.1797
39215,9438.376
39216,5613.266
39217,14264.202
39218,7674.4316
39219,8545.328
39220,12780.637
39221,8128.168
39222,6003.079
39223,14211.325
39224,12785.977
39225,7049.3945
39226,11959.208
39227,12742.978
39228,7744.995
39229,6912.316
39230,9045.008
39231,7895.3613
39232,7541.295
39233,9257.753
39234,6837.79
39235,7699.741
39236,10592.429
39237,10039.71
39238,10639.703
39239,7462.402
39240,8670.1
39241,5183.93
39242,10279.437
39243,9556.696
39244,7959.859
39245,8492.628
39246,10437.756
39247,11892.135
39248,8152.6875
39249,7387.158
39250,7952.179
39251,9082.318
39252,9465.547
39253,5753.1616
39254,5661.899
39255,9762.396
39256,8096.5063
39257,7860.7065
39258,10828.184
39259,8047.5405
39260,9684.736
39261,7409.2944
39262,4739.499
39263,8831.868
39264,8702.328
39265,9790.417
39266,12072.583
39267,11293.372
39268,6469.355
39269,10804.333
39270,5189.169
39271,4354.448
39272,9984.554
39273,15018.613
39274,9792.724
39275,9884.232
39276,7729.734
39277,9608.298
39278,11959.927
39279,8845.93
39280,10422.237
39281,6974.948
39282,5677.0513
39283,7160.183
39284,6962.0605
39285,7658.3154
39286,7356.5303
39287,7386.1084
39288,5600.7354
39289,9380.526
39290,10761.478
39291,7791.281
39292,8164.9595
39293,9108.708
39294,7229.2593
39295,6194.0884
39296,11969.409
39297,10167.789
39298,7443.5283
39299,5422.204
39300,17179.555
39301,8209.486
39302,8624.86
39303,11579.076
39304,10483.01
39305,10479.911
39306,7576.8467
39307,8959.276
39308,13020.308
39309,15998.109
39310,7597.71
39311,7038.148
39312,6730.1855
39313,8344.486
39314,7723.838
39315,10395.135
39316,12122.149
39317,7327.14
39318,5622.1074
39319,8669.653
39320,10295.165
39321,6869.5474
39322,10076.067
39323,5229.8613
39324,10303.111
39325,10080.027
39326,9991.07
39327,11425.548
39328,8588.217
39329,6178.104
39330,7505.3374
39331,10815.251
39332,10696.602
39333,9641.769
39334,9722.098
39335,9030.121
39336,6243.6777
39337,11542.14
39338,5457.863
39339,13164.529
39340,8112.446
39341,6613.0933
39342,9222.914
39343,7387.306
39344,9467.434
39345,9852.917
39346,5497.3306
39347,6833.9893
39348,11068.753
39349,11856.539
39350,11948.867
39351,7604.438
39352,7759.3843
39353,9788.97
39354,8719.326
39355,7484.185
39356,13290.28
39357,11130.832
39358,14182.431
39359,5923.381
39360,8254.255
39361,10150.349
39362,9538.375
39363,7422.833
39364,13324.295
39365,8392.177
39366,7207.998
39367,7094.4126
39368,7560.344
39369,6887.2354
39370,9112.506
39371,7095.421
39372,7189.226
39373,12043.027
39374,8019.5273
39375,22437.055
39376,8891.336
37665,4778.361
37666,8518.336
37667,10122.331
37668,7122.55
37669,7983.81
37670,6263.302
37671,8312.926
37672,8943.832
37673,6278.4644
37674,6467.06
37675,7631.7295
37676,9045.137
37677,7825.435
37678,9102.646
37679,6911.3994
37680,5359.0576
37681,6266.851
37682,11088.385
37683,11125.546
37684,11367.7
37685,9109.325
37686,5931.2114
37687,6481.139
37688,5186.3584
37689,8153.341
37690,11949.539
37691,9613.037
37692,7224.4756
37693,6513.924
37694,5126.149
37695,6872.2607
37696,11298.188
37697,7749.961
37698,5720.925
37699,6445.9614
37700,8228.512
37701,4069.82
37702,8726.939
37703,4995.4517
37704,6984.062
37705,7184.743
37706,6146.7866
37707,8376.895
37708,8289.885
37709,5606.053
37710,7566.6562
37711,7696.878
37712,11833.979
37713,6522.342
37714,9679.768
37715,7611.0703
37716,10181.035
37717,7636.615
37718,10482.49
37719,5627.784
37720,5500.4355
37721,7093.296
37722,6618.299
37723,9955.817
37724,8719.027
37725,6609.442
37726,8281.927
37727,7383.953
37728,11070.062
37729,4490.3574
37730,14259.441
37731,5722.016
37732,6873.742
37733,8904.873
37734,5618.6016
37735,7308.1973
37736,7002.946
37737,8404.681
37738,6215.6133
37739,6318.481
37740,8242.996
37741,7900.039
37742,7582.5723
37743,5738.435
37744,8060.646
37745,11937.226
37746,7350.309
37747,5415.211
37748,7241.4053
37749,6487.225
37750,6712.3633
37751,7719.448
37752,4495.8687
37753,9520.76
37754,6755.828
37755,7843.646
37756,9757.929
37757,5437.493
37758,6194.5967
37759,6330.5703
37760,8985.4375
37761,9641.86
37762,5821.234
37763,5694.661
37764,7772.6357
37765,6478.7534
37766,6757.368
37767,9661.191
37768,7533.3726
37769,8798.489
37770,6562.2666
37771,5064.7485
37772,7953.0366
37773,8438.602
37774,8487.404
37775,9745.038
37776,8799.664
37777,6667.416
37778,9589.127
37779,6794.5693
37780,8942.126
37781,10181.355
37782,7779.5776
37783,10995.624
37784,8483.18
37785,8312.474
37786,6524.75
37787,7950.6704
37788,8629.699
37789,7715.7754
37790,4785.148
37791,6412.3564
37792,9261.117
37793,6596.7827
37794,5521.715
37795,9356.017
37796,7244.4175
37797,6477.419
37798,5991.678
37799,5944.249
37800,8616.811
37801,7403.9536
37802,7902.5034
37803,6087.338
37804,6609.1772
37805,7388.624
37806,4613.551
37807,7779.8374
37808,5984.881
37809,9209.018
37810,8460.394
37811,7179.5366
37812,12356.825
37813,6401.479
37814,5606.6685
37815,11730.572
37816,7093.6206
37817,9214.693
37818,8349.319
37819,5995.1655
37820,6908.9736
37821,6129.93
37822,8637.794
37823,13185.363
37824,7057.791
37825,3978.49
37826,5387.7754
37827,10244.866
37828,9887.881
37829,7304.3784
37830,8008.146
37831,4930.055
37832,5917.4966
37833,3520.4558
37834,5774.432
37835,6782.8945
37836,7722.7256
37837,7736.195
37838,7126.5254
37839,8888.733
37840,9836.626
37841,8132.5264
37842,6012.672
37843,9541.377
37844,12430.869
37845,6812.85
37846,8644.106
37847,5959.702
37848,7192.1
37849,4708.9644
37850,8057.7715
37851,6459.1016
37852,9459.979
37853,7669.0166
37854,9690.243
37855,8553.368
37856,5974.17
37857,10520.39
37858,18230.227
37859,11433.331
37860,7119.6226
37861,3789.6382
37862,6870.57
37863,10438.891
37864,6352.933
37865,11658.03
37866,16831.064
37867,4646.9053
37868,6555.0347
37869,9126.03
37870,5597.472
37871,10772.672
37872,7474.975
37873,8469.913
37874,4365.94
37875,7784.573
37876,6903.954
37877,8047.9707
37878,11134.495
37879,6888.7925
37880,6228.997
37881,7758.407
37882,6205.164
37883,5846.9434
37884,8503.497
37885,6597.6826
37886,6465.8633
37887,8446.099
37888,6823.8994
37889,6355.351
37890,8208.179
37891,7847.3125
37892,9143.071
37893,9204.784
37894,7847.1104
37895,5971.299
37896,4390.9785
37897,7439.525
37898,7928.747
37899,6945.6978
37900,4934.4917
37901,9680.765
37902,8217.657
37903,10309.668
37904,7429.477
37905,6346.5312
37906,6377.5522
37907,5185.3
37908,10617.635
37909,5713.59
37910,8492.223
37911,15152.532
37912,7925.7827
37913,7492.649
37914,5696.9976
37915,5171.469
37916,8191.9727
37917,4948.982
37918,6985.6543
37919,10539.19
37920,6044.696
37921,15750.847
37922,14487.507
37923,5559.5547
37924,7879.9536
37925,6207.195
37926,7542.4604
37927,6377.899
37928,11623.745
37929,8337.621
37930,10578.678
37931,5226.9385
37932,7859.162
37933,5313.112
37934,9402.257
37935,7462.786
37936,7165.6763
37937,7052.5757
37938,6325.7295
37939,9527.155
37940,10034.178
37941,6415.452
37942,11260.074
37943,7198.3247
37944,9997.371
37945,6041.306
37946,5971.572
37947,5876.167
37948,11585.605
37949,6446.134
37950,8292.233
37951,7737.11
37952,9861.99
37953,5413.5117
37954,8701.448
37955,7917.1997
37956,4826.957
37957,15079.886
37958,15962.354
37959,7666.8228
37960,8121.798
37961,9873.867
37962,11926.323
37963,11676.324
37964,6932.401
37965,8810.027
37966,6208.687
37967,8851.036
37968,4690.5796
37969,6689.2646
37970,6420.1904
37971,6269.4937
37972,8069.123
37973,5747.655
37974,5875.5
37975,7637.905
37976,4765.193
37977,5486.895
37978,6468.072
37979,8140.015
37980,10261.364
37981,9233.396
37982,7951.9746
37983,7010.712
37984,6751.5054
37985,12197.475
37986,8179.091
37987,6525.808
37988,5781.7734
37989,9957.896
37990,4942.566
37991,8121.504
37992,3854.48
37993,6009.5186
37994,8772.078
37995,6715.834
37996,5565.0723
37997,9175.989
37998,9771.4795
37999,11224.016
38000,6726.8354
38001,10738.235
38002,3712.4053
38003,6287.7354
38004,7700.3877
38005,5089.4277
38006,8734.051
38007,5712.4673
38008,5802.8896
38009,9969.976
38010,11672.494
38011,8865.948
38012,6220.465
38013,5685.4185
38014,11645.439
38015,8401.812
38016,7001.7974
38017,5971.9707
38018,7683.726
38019,10442.714
38020,5160.087
38021,7328.517
38022,8390.128
38023,9065.477
38024,14234.195
38025,5644.062
38026,13412.499
38027,7748.3794
38028,5736.35
38029,4302.3223
38030,6833.5786
38031,6675.663
38032,6552.5967
38033,8026.2153
38034,5668.9346
38035,5545.1387
38036,8241.621
38037,4375.5586
38038,8593.125
38039,8015.7646
38040,9652.607
38041,9656.586
38042,6130.0474
38043,10242.902
38044,7240.9424
38045,6192.3105
38046,6181.9414
38047,6329.954
38048,11770.672
38049,7305.995
38050,6044.9263
38051,8788.224
38052,9359.971
38053,8379.516
38054,7100.9927
38055,9648.778
38056,6237.2017
38057,6036.347
38058,7041.4717
38059,9097.646
38060,7578.5957
38061,7064.2227
38062,6636.821
38063,5592.648
38064,4722.7744
38065,6075.8755
38066,8936.541
38067,9624.064
38068,11051.495
38069,12090.916
38070,8602.875
38071,7176.6953
38072,5447.1123
38073,11180.487
38074,11426.812
38075,8517.759
38076,9658.428
38077,9814.781
38078,6911.577
38079,4591.297
38080,11498.946
38081,7181.6943
38082,7961.3545
38083,7105.3286
38084,3728.4683
38085,12202.886
38086,6465.962
38087,6059.5894
38088,5415.6396
38089,7005.865
38090,7550.241
38091,9831.918
38092,7083.736
38093,5427.073
38094,5704.2456
38095,5195.915
38096,3615.6143
38097,7588.932
38098,16784.96
38099,5939.794
38100,6462.9717
38101,7982.8354
38102,5857.331
38103,5985.7715
38104,5706.3135
38105,5062.261
38106,8709.443
38107,7650.6494
38108,4632.5435
38109,9356.204
38110,7225.7715
38111,5483.055
38112,9647.196
38113,9107.006
38114,10365.217
38115,6858.5356
38116,8376.264
38117,5679.7812
38118,5545.7627
38119,15742.768
38120,10451.821
38121,7056.546
38122,7167.57
38123,5527.406
38124,6494.865
38125,5121.491
38126,10170.418
38127,6007.381
38128,6249.5044
38129,7959.9956
38130,5503.175
38131,7391.8877
38132,8386.359
38133,8712.784
38134,7762.1304
38135,5365.0312
38136,6434.106
38137,7135.5645
38138,9607.913
38139,9586.841
38140,7725.4736
38141,5512.9893
38142,8318.565
38143,6706.3667
38144,4883.1597
38145,8178.303
38146,8031.499
38147,7355.071
38148,7077.995
38149,7543.5825
38150,6950.025
38151,6483.056
38152,7868.0425
38153,7736.003
38154,7466.773
38155,10099.572
38156,6836.8057
38157,5613.4697
38158,12568.587
38159,7139.8945
38160,4248.883
38161,8981.076
38162,9330.788
38163,11733.661
38164,5629.33
38165,6820.9062
38166,6761.475
38167,8004.16
38168,7075.3086
38169,10329.048
38170,3859.653
38171,7591.3286
38172,6775.504
38173,6644.295
38174,5817.415
38175,7808.883
38176,9047.285
38177,6553.8345
38178,10252.901
38179,7738.1284
38180,9138.033
38181,5012.0806
38182,7291.5425
38183,7033.833
38184,8013.4565
38185,9583.23
38186,4118.9604
38187,8041.203
38188,7994.348
38189,8779.318
38190,5603.525
38191,4680.644
38192,8850.166
38193,7977.096
38194,9673.2705
38195,7265.911
38196,6317.9746
38197,9310.289
38198,8048.608
38199,8392.057
38200,8484.58
38201,6707.736
38202,9358.614
38203,11509.754
38204,8539.07
38205,5654.009
38206,6676.962
38207,5226.036
38208,4029.629
38209,9356.57
38210,6248.9204
38211,9678.069
38212,5445.289
38213,8291.926
38214,6843.532
38215,11424.523
38216,5644.767
38217,6241.3257
38218,6832.9136
38219,8765.053
38220,5697.9375
38221,8057.3564
38222,7980.468
38223,11027.446
38224,8427.141
38225,7582.623
38226,6190.7573
38227,5551.9556
38228,5605.7007
38229,12300.596
38230,10634.712
38231,8917.129
38232,13149.496
38233,6817.836
38234,6086.56
38235,7588.6934
38236,9300.907
38237,11215.637
38238,7849.3486
38239,9530.954
38240,8743.394
38241,7533.7607
38242,7599.812
38243,6287.0757
38244,5668.735
38245,5872.822
38246,4695.741
38247,6064.377
38248,9471.264
38249,16601.334
38250,7641.825
38251,5723.2114
38252,7903.461
38253,4649.193
38254,6679.695
38255,4680.211
38256,9650.343
38257,7498.6187
38258,7340.3887
38259,14099.124
38260,11611.303
38261,7447.5264
38262,8012.7227
38263,4513.6157
38264,6102.8486
38265,6082.4277
38266,8875.797
38267,5853.3154
38268,4886.384
38269,6582.515
38270,6511.3896
38271,8075.8213
38272,7631.562
38273,3738.4297
38274,7869.4688
38275,8902.589
38276,8771.727
38277,5910.192
38278,5376.6143
38279,8438.852
38280,5215.529
38281,10260.17
38282,5118.195
38283,6171.054
38284,7652.7954
38285,6649.05
38286,5242.0723
38287,6765.1973
38288,8108.7017
38289,10859.904
38290,11217.818
38291,6337.5903
38292,4318.09
38293,6221.0347
38294,7097.905
38295,5605.246
38296,7606.7886
38297,6691.505
38298,12434.309
38299,8289.348
38300,6812.9346
38301,9017.082
38302,5418.5537
38303,9879.124
38304,6237.344
38305,13552.247
38306,7075.8823
38307,6483.192
38308,6588.652
38309,4917.464
38310,8579.751
38311,16972.58
38312,5382.7617
38313,5382.7876
38314,11034.085
38315,7438.0703
38316,8203.303
38317,8566.823
38318,7026.7383
38319,5920.212
38320,5389.194
38321,10521.6045
38322,7142.7075
38323,7356.811
38324,8017.4624
38325,5529.494
38326,8038.711
38327,6927.199
38328,4427.0425
38329,9303.453
38330,9585.616
38331,4918.862
38332,8211.342
38333,7680.597
38334,5596.639
38335,10022.288
38336,7313.636
38337,8685.577
38338,5390.716
38339,5938.9214
38340,7345.8584
38341,4538.1934
38342,8471.787
38343,5034.2217
38344,6369.4546
38345,5660.5166
38346,6828.6133
38347,6568.654
38348,8103.9155
38349,7965.023
38350,9290.561
38351,6903.691
38352,8441.935
38353,7125.9272
38354,9479.135
38355,9898.837
38356,7312.046
38357,4098.9434
38358,7024.889
38359,7893.7573
38360,4893.3613
38361,12231.387
38362,6334.6895
38363,7150.458
38364,10910.725
38365,7247.1543
38366,5016.51
38367,12202.862
38368,10551.521
38369,5939.2163
38370,9548.205
38371,10791.47
38372,6714.963
38373,6114.222
38374,7618.057
38375,6667.5303
38376,6713.157
38377,7774.9116
38378,5680.334
38379,6880.7085
38380,8535.513
38381,7960.793
38382,8754.05
38383,6578.686
38384,7624.2285
38385,4649.916
38386,8661.372
38387,7987.527
38388,6902.4795
38389,7369.5996
38390,8570.043
38391,10094.96
38392,6606.089
38393,5934.2954
38394,6828.9585
38395,7895.9487
38396,7759.991
38397,4973.054
38398,4843.5703
38399,8583.786
38400,7405.705
38401,6612.2983
38402,9025.179
38403,6801.8447
38404,8135.2026
38405,6085.515
38406,4099.8623
38407,7457.293
38408,7236.5444
38409,7946.4473
38410,10325.216
38411,9609.178
38412,5667.3076
38413,9177.933
38414,4633.379
38415,3870.6702
38416,8412.1875
38417,13063.807
38418,8353.716
38419,8050.0205
38420,5823.611
38421,8091.473
38422,9883.242
38423,7426.1187
38424,9145.715
38425,5904.957
38426,4847.2954
38427,6297.9033
38428,5874.228
38429,6705.8105
38430,5968.2695
38431,5967.848
38432,4733.0747
38433,7891.416
38434,8740.992
38435,6425.3975
38436,6990.8066
38437,7535.9165
38438,6055.949
38439,5508.248
38440,9767.333
38441,8675.584
38442,6403.14
38443,4356.118
38444,15104.471
38445,7027.905
38446,7067.39
38447,9599.962
38448,8861.933
38449,8547.781
38450,6508.4585
38451,7725.223
38452,10655.525
38453,13699.159
38454,6266.218
38455,5860.109
38456,5558.2925
38457,7040.679
38458,6283.9224
38459,9118.113
38460,10119.001
38461,6454.2114
38462,4849.4736
38463,7349.082
38464,9183.7295
38465,5685.9336
38466,8250.792
38467,4552.54
38468,8336.197
38469,8774.948
38470,8473.589
38471,9629.646
38472,7289.832
38473,5185.963
38474,6453.805
38475,9070.147
38476,9240.683
38477,7900.3105
38478,8064.7217
38479,7570.656
38480,5215.3994
38481,10069.708
38482,4815.212
38483,11131.458
38484,6628.6978
38485,5325.7866
38486,7897.9746
38487,6563.8564
38488,8192.199
38489,8560.812
38490,4883.779
38491,5730.4272
38492,9107.127
38493,9971.269
38494,10598.876
38495,6548.6045
38496,6818.1484
38497,8164.4224
38498,6959.5176
38499,6200.8154
38500,11471.922
38501,9174.834
38502,12184.929
38503,4956.607
38504,6804.148
38505,9207.989
38506,8262.353
38507,6020.873
38508,11177.801
38509,7282.0903
38510,6235.4053
38511,5741.72
38512,6084.8184
38513,6104.7354
38514,7395.2446
38515,5885.8267
38516,5919.845
38517,9831.57
38518,6990.32
38519,19868.67
38520,7254.208
36809,4455.5156
36810,7711.8613
36811,9031.525
36812,6459.471
36813,7374.6904
36814,5946.744
36815,7837.9546
36816,8361.848
36817,5912.3345
36818,5738.2437
36819,7133.775
36820,8385.248
36821,7280.653
36822,8468.168
36823,6337.409
36824,4952.8545
36825,5720.0137
36826,10073.905
36827,10331.915
36828,10137.587
36829,8422.046
36830,5127.5083
36831,6223.83
36832,4767.4478
36833,7818.4297
36834,10962.43
36835,9002.182
36836,6726.7324
36837,5865.309
36838,4875.885
36839,6632.1255
36840,10822.618
36841,7045.328
36842,5603.311
36843,6071.7275
36844,7693.318
36845,3698.7327
36846,8470.47
36847,4624.354
36848,6867.7524
36849,6838.3774
36850,5682.751
36851,8048.761
36852,7706.986
36853,5464.176
36854,6882.901
36855,7522.7173
36856,11374.695
36857,6226.039
36858,8916.049
36859,7431.6455
36860,9544.135
36861,6918.259
36862,9854.929
36863,4930.0317
36864,4841.903
36865,6472.5645
36866,6360.7
36867,9464.717
36868,8099.797
36869,6017.1987
36870,7903.7397
36871,7177.0923
36872,10208.183
36873,4105.815
36874,13254.634
36875,5298.6675
36876,6317.6494
36877,8351.924
36878,5267.123
36879,6846.535
36880,6392.1743
36881,7713.825
36882,6010.029
36883,5885.945
36884,7965.023
36885,7544.4966
36886,6829.4473
36887,5330.1777
36888,7560.748
36889,11286.61
36890,6706.4565
36891,5209.9897
36892,6926.7563
36893,6265.656
36894,6357.4487
36895,7671.9434
36896,3999.029
36897,8703.747
36898,6215.8447
36899,7286.8564
36900,9261.4795
36901,4836.1973
36902,5951.0225
36903,5853.282
36904,8345.314
36905,8982.173
36906,5222.523
36907,5297.6567
36908,7328.887
36909,6200.443
36910,6433.2104
36911,9022.244
36912,6824.798
36913,8095.4873
36914,6120.8335
36915,4623.3794
36916,7399.139
36917,8063.876
36918,7914.225
36919,9021.813
36920,8504.349
36921,6188.2305
36922,9176.899
36923,6337.9106
36924,8032.8784
36925,9535.154
36926,7236.855
36927,9927.958
36928,8390.424
36929,7779.5557
36930,6203.803
36931,7547.066
36932,7986.232
36933,6933.479
36934,4389.747
36935,6162.9546
36936,8363.371
36937,6358.9165
36938,4991.694
36939,8676.784
36940,6898.076
36941,6405.9746
36942,5740.7563
36943,5368.835
36944,7910.4746
36945,6982.3765
36946,7158.285
36947,5905.4697
36948,5893.8774
36949,7048.6753
36950,4352.3804
36951,7004.1753
36952,5638.3154
36953,8524.049
36954,7937.736
36955,6855.187
36956,11498.694
36957,6006.4126
36958,5418.7812
36959,10854.188
36960,6829.089
36961,8693.509
36962,7789.371
36963,5801.152
36964,6613.6543
36965,5917.051
36966,8026.713
36967,11865.465
36968,6665.0063
36969,3866.1497
36970,5113.676
36971,9382.763
36972,9513.925
36973,6856.0894
36974,7390.0547
36975,4826.9707
36976,5315.7275
36977,3267.7754
36978,5359.165
36979,6455.6895
36980,7434.538
36981,7118.142
36982,6478.5557
36983,8659.505
36984,9232.842
36985,7789.7427
36986,5730.4604
36987,8922.055
36988,11101.368
36989,6161.2266
36990,8022.71
36991,5610.9644
36992,6828.6006
36993,4323.1265
36994,7558.037
36995,5835.744
36996,8816.887
36997,7293.2812
36998,9338.204
36999,8010.621
37000,5712.62
37001,9766.42
37002,17001.66
37003,10725.308
37004,6242.1055
37005,3593.2886
37006,6596.1914
37007,9570.652
37008,6062.6245
37009,11302.122
37010,16151.818
37011,4458.675
37012,5954.9062
37013,8794.84
37014,5302.222
37015,10088.55
37016,6996.53
37017,7673.656
37018,4134.908
37019,7423.3853
37020,6452.137
37021,7348.199
37022,10586.46
37023,6663.4106
37024,5940.083
37025,7324.247
37026,5870.5146
37027,5567.8545
37028,8243.586
37029,6208.669
37030,6082.6133
37031,7369.459
37032,6275.5786
37033,6080.293
37034,7645.4995
37035,7219.998
37036,8624.737
37037,9025.894
37038,7548.448
37039,5625.965
37040,4226.049
37041,6947.46
37042,7373.115
37043,6533.6245
37044,4718.429
37045,8825.704
37046,7552.3516
37047,9566.601
37048,7030.4795
37049,5652.7417
37050,5815.923
37051,4868.774
37052,9747.575
37053,5602.162
37054,8311.023
37055,13968.1045
37056,7637.2344
37057,6981.611
37058,5527.9805
37059,4820.975
37060,7594.7397
37061,4843.635
37062,6277.368
37063,10049.022
37064,5796.611
37065,14398.864
37066,13319.949
37067,5425.4116
37068,7311.363
37069,5764.653
37070,6955.8477
37071,6077.0576
37072,11083.774
37073,8034.832
37074,9354.009
37075,4781.781
37076,7430.5967
37077,5207.823
37078,8962.823
37079,7070.964
37080,6679.72
37081,6800.7095
37082,6085.051
37083,8806.633
37084,9442.013
37085,6244.3027
37086,10272.487
37087,6903.6777
37088,9153.542
37089,5591.1436
37090,5732.0947
37091,5532.1265
37092,10566.043
37093,6228.872
37094,7777.0923
37095,7216.2666
37096,9167.417
37097,5045.904
37098,8317.788
37099,7457.421
37100,4390.392
37101,13843.992
37102,15239.912
37103,7277.9033
37104,7220.1494
37105,9044.835
37106,11128.114
37107,10680.963
37108,6139.2456
37109,7728.3403
37110,5908.1064
37111,8415.968
37112,4313.2075
37113,6299.357
37114,6021.9985
37115,6052.288
37116,7474.012
37117,5324.3135
37118,5142.908
37119,7332.719
37120,4569.12
37121,5217.912
37122,6136.845
37123,7261.2417
37124,9445.328
37125,9064.819
37126,7369.7334
37127,6683.149
37128,6466.7886
37129,11387.992
37130,7520.0195
37131,6097.6704
37132,5419.6187
37133,9665.247
37134,4737.3975
37135,7647.739
37136,3628.1802
37137,5611.6978
37138,8010.614
37139,6464.1367
37140,5435.4243
37141,8630.168
37142,9307.412
37143,10725.921
37144,6199.414
37145,10573.594
37146,3396.3164
37147,5783.6597
37148,7219.165
37149,4842.914
37150,8505.225
37151,5350.701
37152,5450.5166
37153,9076.1875
37154,10804.281
37155,8495.244
37156,5762.443
37157,5301.509
37158,10994.492
37159,8149.026
37160,6341.4546
37161,5796.8984
37162,7215.3647
37163,9647.969
37164,4969.929
37165,6629.8423
37166,7810.7227
37167,8463.437
37168,13290.078
37169,5606.9517
37170,12568.946
37171,7315.653
37172,5388.2124
37173,3918.7073
37174,6230.364
37175,6330.697
37176,6216.509
37177,7748.631
37178,5502.1987
37179,5033.7847
37180,7746.399
37181,3851.5947
37182,8239.97
37183,7648.4536
37184,8768.447
37185,9014.331
37186,5647.0127
37187,9327.656
37188,6958.6743
37189,5956.0483
37190,6019.024
37191,5771.3267
37192,10876.655
37193,6847.463
37194,5755.291
37195,8029.148
37196,8714.4375
37197,7752.4453
37198,6561.9976
37199,8801.763
37200,5981.4
37201,5869.7417
37202,6597.6006
37203,9086.988
37204,6878.123
37205,6494.4316
37206,6305.561
37207,5330.701
37208,4415.689
37209,5989.524
37210,8634.367
37211,8859.363
37212,10554.823
37213,11132.138
37214,8083.142
37215,6769.3413
37216,5071.749
37217,10350.142
37218,10626.145
37219,7831.1025
37220,8946.144
37221,9120.235
37222,6563.869
37223,4136.703
37224,10662.337
37225,6794.1284
37226,7191.3794
37227,6662.464
37228,3180.704
37229,11351.676
37230,6165.512
37231,5579.0664
37232,5025.9546
37233,6643.5723
37234,6934.451
37235,8548.932
37236,7007.142
37237,5288.882
37238,5302.9097
37239,4816.08
37240,3339.3044
37241,7046.3765
37242,15669.219
37243,5635.1484
37244,6078.304
37245,7399.04
37246,5535.605
37247,5505.8633
37248,5566.8403
37249,4456.2383
37250,8367.225
37251,7141.802
37252,4359.0527
37253,8657.622
37254,6252.605
37255,5036.3447
37256,9114.443
37257,8446.518
37258,9680.949
37259,5831.326
37260,7485.8843
37261,5308.269
37262,5214.962
37263,14629.3955
37264,10019.211
37265,6708.5933
37266,6421.7397
37267,5264.5312
37268,5860.3433
37269,4705.7134
37270,9798.572
37271,5679.9004
37272,5883.273
37273,7536.3335
37274,5251.481
37275,6776.066
37276,7671.3066
37277,8245.002
37278,7313.9155
37279,4789.518
37280,6049.91
37281,6784.3247
37282,8887.368
37283,8966.894
37284,7270.57
37285,5088.7725
37286,8051.886
37287,6201.4307
37288,4517.669
37289,7468.276
37290,7481.23
37291,6865.185
37292,6696.0312
37293,6862.966
37294,6455.794
37295,6170.3306
37296,7510.873
37297,7550.8174
37298,6586.057
37299,9477.742
37300,6441.131
37301,5170.473
37302,11837.388
37303,6576.854
37304,4043.6914
37305,8189.223
37306,8814.213
37307,10942.6455
37308,5220.9443
37309,6196.6885
37310,6448.606
37311,7595.0293
37312,6444.818
37313,9674.239
37314,3600.4048
37315,6956.9956
37316,6228.1533
37317,5869.0195
37318,5218.9077
37319,7271.4297
37320,8411.626
37321,6036.4795
37322,9284.661
37323,7143.498
37324,8276.999
37325,4963.074
37326,6810.0693
37327,6579.546
37328,7837.1396
37329,8924.216
37330,3871.0874
37331,7944.1436
37332,7464.9575
37333,8054.636
37334,5224.4814
37335,4332.5513
37336,8368.317
37337,6772.0923
37338,9051.498
37339,6764.2876
37340,5956.355
37341,8946.161
37342,6952.0537
37343,7389.505
37344,8254.42
37345,5933.9272
37346,8786.933
37347,10821.772
37348,7905.0366
37349,5057.194
37350,6166.9766
37351,4920.992
37352,3550.3435
37353,8384.68
37354,6020.3677
37355,8749.834
37356,5263.1807
37357,7752.4746
37358,6346.6343
37359,10595.622
37360,5398.7227
37361,5984.5273
37362,6230.423
37363,8127.455
37364,5570.2344
37365,7669.558
37366,7751.4985
37367,10286.154
37368,7993.0903
37369,7193.849
37370,6026.9062
37371,4899.3306
37372,5500.5615
37373,11262.866
37374,9584.647
37375,8513.316
37376,13005.489
37377,6148.505
37378,5758.542
37379,6855.2524
37380,8773.919
37381,10562.507
37382,7401.652
37383,8672.25
37384,8235.139
37385,7284.1675
37386,7119.799
37387,5744.7495
37388,5226.106
37389,5571.244
37390,4395.412
37391,5680.014
37392,8766.574
37393,15373.708
37394,6992.367
37395,5348.4917
37396,7232.432
37397,4376.0425
37398,6381.818
37399,4375.667
37400,9059.435
37401,7021.3384
37402,6556.2354
37403,12995.223
37404,11250.241
37405,6739.8857
37406,7428.882
37407,4280.0464
37408,5800.405
37409,5675.806
37410,8631.551
37411,5413.956
37412,4753.6523
37413,6203.608
37414,6158.0596
37415,7328.517
37416,7257.2256
37417,3577.5247
37418,7792.2764
37419,8202.544
37420,8014.121
37421,5253.751
37422,4928.499
37423,7727.0728
37424,5174.613
37425,9665.644
37426,4733.3594
37427,5825.028
37428,7243.685
37429,6235.75
37430,4914.341
37431,6333.5234
37432,7509.3975
37433,9799.908
37434,10285.331
37435,6052.784
37436,4166.8696
37437,5837.7705
37438,6467.3066
37439,5117.0767
37440,7048.1646
37441,6323.3525
37442,11829.713
37443,7862.6714
37444,6460.5
37445,8026.8276
37446,5219.0425
37447,9100.649
37448,5818.986
37449,12513.136
37450,6798.258
37451,6139.3745
37452,5798.7896
37453,4590.6704
37454,7959.51
37455,16360.469
37456,4910.6855
37457,5231.313
37458,9935.47
37459,7075.896
37460,7754.945
37461,8151.086
37462,6570.1577
37463,5565.216
37464,4883.453
37465,9922.193
37466,6676.599
37467,6900.399
37468,7620.099
37469,5207.5947
37470,7830.475
37471,6711.211
37472,4199.4224
37473,8435.415
37474,8920.157
37475,4655.228
37476,7969.2407
37477,7267.616
37478,5480.0747
37479,9241.035
37480,6923.9424
37481,8018.158
37482,4955.808
37483,5480.608
37484,6920.0337
37485,4422.138
37486,7769.063
37487,4666.663
37488,6047.4116
37489,4981.1772
37490,6358.4736
37491,6276.692
37492,7354.0396
37493,7462.907
37494,8836.704
37495,6518.1006
37496,7803.909
37497,6758.18
37498,8770.054
37499,9326.989
37500,6893.5117
37501,4012.9387
37502,6547.511
37503,7215.7847
37504,4652.041
37505,11609.963
37506,5958.759
37507,6716.5005
37508,10130.377
37509,6806.9653
37510,4627.937
37511,11441.861
37512,9884.081
37513,5768.2446
37514,8711.38
37515,9953.196
37516,6544.583
37517,5675.205
37518,7029.4736
37519,6198.1606
37520,6442.3843
37521,7463.569
37522,5135.193
37523,6499.1475
37524,7987.3364
37525,6979.6533
37526,8152.283
37527,6178.063
37528,7104.034
37529,4416.308
37530,7962.6836
37531,7256.935
37532,6535.3696
37533,7047.25
37534,8025.993
37535,9316.934
37536,6226.045
37537,5536.2915
37538,6521.4087
37539,7451.157
37540,7340.2065
37541,4570.467
37542,4458.602
37543,8195.419
37544,7213.1973
37545,6163.3013
37546,8426.337
37547,6612.3994
37548,7432.014
37549,5715.7705
37550,3998.8115
37551,7074.526
37552,6815.5537
37553,6928.4478
37554,9667.773
37555,9057.18
37556,5388.675
37557,8299.015
37558,4503.277
37559,3588.058
37560,7975.2095
37561,11814.581
37562,8020.8584
37563,7191.8047
37564,5005.502
37565,7267.2417
37566,9213.542
37567,6769.1543
37568,8624.935
37569,5761.97
37570,4496.6797
37571,5934.1255
37572,5640.7036
37573,6213.746
37574,5419.009
37575,5583.501
37576,4383.5503
37577,7407.351
37578,7664.008
37579,5935.609
37580,6355.557
37581,7247.9146
37582,5706.9883
37583,5144.4194
37584,9179.456
37585,8156.1255
37586,6292.217
37587,4078.3076
37588,13371.78
37589,6600.748
37590,6129.708
37591,8772.705
37592,8291.664
37593,7800.5977
37594,6298.0415
37595,7251.0815
37596,9847.947
37597,12841.595
37598,5491.2827
37599,5078.299
37600,5346.742
37601,6687.995
37602,6000.543
37603,8685.072
37604,9180.017
37605,6237.267
37606,4613.7397
37607,6769.8193
37608,8809.523
37609,5396.6733
37610,7638.75
37611,4301.4814
37612,7812.973
37613,8022.4497
37614,7804.423
37615,8770.455
37616,6558.9126
37617,4876.554
37618,6230.364
37619,7957.9307
37620,8691.047
37621,7574.043
37622,7747.0938
37623,6963.1826
37624,4891.01
37625,9365.186
37626,4559.8022
37627,10551.602
37628,6283.8022
37629,5126.78
37630,7378.279
37631,6129.3804
37632,7835.3013
37633,7940.7197
37634,4331.568
37635,5239.7827
37636,8154.71
37637,9228.202
37638,10141.011
37639,6273.2505
37640,6399.574
37641,7324.834
37642,6596.858
37643,5625.718
37644,10708.463
37645,8466.989
37646,11171.289
37647,4800.793
37648,6286.656
37649,8954.373
37650,7853.3325
37651,5415.6553
37652,10438.482
37653,6944.1675
37654,5880.877
37655,5455.5566
37656,5670.8384
37657,5594.0347
37658,6570.4087
37659,5399.7114
37660,5373.4717
37661,8913.3955
37662,6641.2095
37663,18658.242
37664,6899.017
35953,4467.8325
35954,7410.637
35955,9120.636
35956,6616.1025
35957,7269.814
35958,5831.949
35959,7733.7456
35960,7925.6016
35961,5623.336
35962,5722.071
35963,7048.1377
35964,8228.025
35965,7057.6226
35966,8535.895
35967,6053.108
35968,4895.005
35969,5715.318
35970,9920.111
35971,10319.742
35972,10039.682
35973,8128.021
35974,5117.648
35975,6318.8906
35976,4618.896
35977,7758.5625
35978,10844.948
35979,9058.856
35980,6452.519
35981,5552.9194
35982,4750.7876
35983,6675.625
35984,10399.022
35985,7119.9214
35986,5665.3345
35987,5744.536
35988,7655.964
35989,3703.7852
35990,8394.074
35991,4601.1045
35992,6762.359
35993,6748.8916
35994,5610.1133
35995,7925.7676
35996,7562.3926
35997,5247.4404
35998,6667.467
35999,7223.6143
36000,11284.199
36001,6263.636
36002,8555.995
36003,7195.524
36004,9267.161
36005,6817.1924
36006,9791.743
36007,4861.043
36008,4890.3613
36009,6287.004
36010,6319.626
36011,9477.056
36012,7963.2153
36013,5777.6885
36014,7664.4097
36015,6909.066
36016,10174.667
36017,4023.6138
36018,13002.165
36019,5039.492
36020,6100.9106
36021,8196.271
36022,5078.783
36023,6631.6826
36024,6216.473
36025,7563.2
36026,5979.101
36027,5685.001
36028,7985.668
36029,7625.967
36030,6430.781
36031,5297.8037
36032,7383.411
36033,11179.837
36034,6639.968
36035,5061.9814
36036,6757.471
36037,6130.632
36038,6433.505
36039,7536.0386
36040,3933.7559
36041,8238.305
36042,6141.1606
36043,7264.6567
36044,8844.664
36045,4940.4263
36046,5924.9575
36047,5695.8345
36048,8342.752
36049,8818.922
36050,5319.1665
36051,5197.6895
36052,7213.6104
36053,6080.9893
36054,6077.0693
36055,8972.326
36056,6662.1777
36057,8024.6997
36058,5970.843
36059,4631.6865
36060,7104.231
36061,8104.2173
36062,7674.9146
36063,8785.173
36064,8269.408
36065,6047.844
36066,9178.107
36067,5979.095
36068,7971.894
36069,9243.327
36070,7059.2183
36071,9748.486
36072,8264.661
36073,7697.186
36074,6243.8203
36075,7362.1807
36076,8112.26
36077,6772.816
36078,4339.624
36079,6040.073
36080,8149.446
36081,6300.4688
36082,5009.7817
36083,8502.378
36084,6598.532
36085,6278.8237
36086,5525.661
36087,5380.1646
36088,7578.1836
36089,6837.249
36090,6833.1416
36091,5797.8384
36092,5732.789
36093,6891.664
36094,4246.9097
36095,6947.1616
36096,5584.8647
36097,8480.955
36098,7606.774
36099,6667.969
36100,11288.042
36101,5309.3022
36102,5311.085
36103,10536.778
36104,6459.2246
36105,8581.985
36106,7832.1035
36107,5927.739
36108,6559.5005
36109,5753.672
36110,7831.3115
36111,11602.081
36112,6616.4873
36113,3870.0571
36114,4958.565
36115,8986.14
36116,9393.23
36117,6687.8613
36118,7300.5127
36119,4811.236
36120,5443.2793
36121,3301.623
36122,5140.878
36123,6421.366
36124,7311.704
36125,7017.703
36126,6320.0664
36127,8599.832
36128,9012.697
36129,7676.247
36130,5744.662
36131,8895.68
36132,10950.601
36133,6102.005
36134,7654.474
36135,5552.9087
36136,6752.7163
36137,4352.289
36138,7343.862
36139,5541.2734
36140,8689.505
36141,7191.5234
36142,8963.721
36143,8107.4644
36144,5641.575
36145,9497.2705
36146,16807.404
36147,10702.897
36148,5914.8047
36149,3595.8157
36150,6415.7583
36151,9152.163
36152,5953.0435
36153,11370.779
36154,15964.363
36155,4290.7773
36156,5668.751
36157,8486.417
36158,5030.3
36159,9627.452
36160,6847.071
36161,7574.585
36162,4112.177
36163,7127.769
36164,6437.5317
36165,7239.2783
36166,10342.622
36167,6602.864
36168,5830.581
36169,7159.6777
36170,5488.79
36171,5501.254
36172,8167.133
36173,6170.9307
36174,5981.5938
36175,7102.1646
36176,6310.952
36177,5689.753
36178,7497.174
36179,7152.9067
36180,8686.249
36181,8845.407
36182,7563.756
36183,5462.503
36184,4236.2725
36185,6772.648
36186,7083.0195
36187,6470.873
36188,4681.3315
36189,8574.114
36190,7471.033
36191,9497.125
36192,6878.0903
36193,5495.8413
36194,5744.974
36195,4792.9185
36196,9742.695
36197,5516.345
36198,7944.068
36199,13790.357
36200,7639.3037
36201,7121.9043
36202,5596.223
36203,4747.173
36204,7134.115
36205,4745.683
36206,6228.575
36207,10043.148
36208,5726.1274
36209,14015.25
36210,13202.363
36211,5278.1875
36212,7083.7427
36213,5593.496
36214,6745.777
36215,5975.686
36216,11092.827
36217,7830.1465
36218,8990.547
36219,4594.3726
36220,7294.5684
36221,5183.203
36222,8610.337
36223,6999.774
36224,6590.506
36225,6727.8364
36226,6066.795
36227,8831.3545
36228,9323.315
36229,6100.346
36230,10033.947
36231,6869.6
36232,8898.327
36233,5605.487
36234,5380.5034
36235,5491.602
36236,10451.892
36237,6112.5312
36238,7815.917
36239,7042.1636
36240,8911.619
36241,5071.1636
36242,8091.697
36243,7135.177
36244,4306.182
36245,13583.122
36246,14971.147
36247,7092.809
36248,7026.149
36249,8712.56
36250,10582.018
36251,10593.965
36252,6063.3125
36253,7528.919
36254,5858.002
36255,8357.23
36256,4286.416
36257,6147.2617
36258,5873.595
36259,5907.926
36260,7446.063
36261,5188.3276
36262,5078.2646
36263,7258.4023
36264,4430.8022
36265,4921.3584
36266,6101.254
36267,6877.4146
36268,9408.661
36269,8927.06
36270,7314.3896
36271,6611.2075
36272,6416.5415
36273,11126.607
36274,7286.8286
36275,5884.777
36276,5219.3955
36277,9432.437
36278,4588.013
36279,7338.491
36280,3646.6365
36281,5371.1606
36282,7525.4873
36283,6382.7856
36284,5566.697
36285,8677.016
36286,9365.007
36287,10779.435
36288,6094.1465
36289,10463.551
36290,3305.263
36291,5785.133
36292,7103.533
36293,4809.6436
36294,8419.99
36295,5536.5767
36296,5375.312
36297,8768.724
36298,10856.445
36299,8539.299
36300,5623.094
36301,5253.2197
36302,10634.215
36303,8033.016
36304,6103.21
36305,5687.2627
36306,7146.0195
36307,9635.241
36308,4834.68
36309,6406.0356
36310,7660.3975
36311,8224.165
36312,12977.7705
36313,5500.525
36314,12205.097
36315,7227.343
36316,5247.395
36317,3952.4348
36318,6070.355
36319,6348.287
36320,6059.6006
36321,7816.6626
36322,5399.4126
36323,4956.626
36324,7779.4517
36325,3687.2551
36326,8164.687
36327,7259.157
36328,8493.219
36329,8977.855
36330,5430.387
36331,9504.084
36332,6776.7964
36333,5908.2754
36334,5961.18
36335,5500.567
36336,10761.684
36337,6544.483
36338,5513.21
36339,7693.135
36340,8469.848
36341,7450.553
36342,6231.8315
36343,8513.227
36344,5953.282
36345,5801.4893
36346,6516.876
36347,9081.712
36348,6508.2974
36349,6332.4844
36350,6257.181
36351,5291.9194
36352,4384.6377
36353,5855.1865
36354,8505.524
36355,8812.985
36356,10405.828
36357,10960.036
36358,8017.699
36359,6662.966
36360,5009.686
36361,10217.437
36362,10344.802
36363,7679.777
36364,8662.925
36365,9100.493
36366,6382.427
36367,4125.1377
36368,10470.879
36369,6611.138
36370,6780.1196
36371,6484.695
36372,3010.1877
36373,11185.575
36374,6115.365
36375,5290.9
36376,5002.8623
36377,6736.46
36378,6712.933
36379,8030.7334
36380,7102.0967
36381,5212.0576
36382,5263.813
36383,4598.2085
36384,3499.5754
36385,6909.3364
36386,15702.505
36387,5440.71
36388,5751.8994
36389,6918.1465
36390,5352.3145
36391,5331.276
36392,5436.5703
36393,4222.1406
36394,8204.859
36395,7108.108
36396,4303.615
36397,8491.17
36398,5900.0757
36399,4949.5483
36400,8882.64
36401,8297.187
36402,9691.25
36403,5625.519
36404,7305.953
36405,5207.754
36406,5137.162
36407,14329.517
36408,9830.155
36409,6612.5757
36410,6122.1235
36411,5152.5225
36412,5901.8433
36413,4730.881
36414,9675.9
36415,5527.5693
36416,5815.3237
36417,7621.3423
36418,5235.3364
36419,6694.243
36420,7489.7837
36421,8241.275
36422,7193.122
36423,4494.634
36424,5967.7344
36425,6749.7544
36426,8795.167
36427,8892.303
36428,7227.6943
36429,5034.596
36430,7855.265
36431,6186.401
36432,4568.488
36433,7398.024
36434,7318.7163
36435,6652.7925
36436,6500.2197
36437,6846.47
36438,6528.8774
36439,5929.0957
36440,7397.883
36441,7439.3477
36442,6194.8506
36443,9460.836
36444,6287.9453
36445,4783.724
36446,11519.869
36447,6452.753
36448,3799.629
36449,8103.5986
36450,8644.726
36451,10387.801
36452,5150.793
36453,6145.6436
36454,6177.132
36455,7393.82
36456,6507.801
36457,9480.591
36458,3637.551
36459,6707.218
36460,6133.1763
36461,5664.254
36462,5177.0615
36463,7119.154
36464,8366.618
36465,5972.552
36466,8782.651
36467,7010.8257
36468,8250.139
36469,5011.325
36470,6634.555
36471,6429.511
36472,7897.7637
36473,8447.403
36474,4299.2007
36475,8075.8833
36476,7323.1157
36477,7899.519
36478,5092.1226
36479,4182.264
36480,8260.343
36481,6489.509
36482,8942.296
36483,6738.079
36484,5909.8594
36485,8757.899
36486,6705.2856
36487,7078.5757
36488,7991.291
36489,5872.85
36490,8455.997
36491,10662.54
36492,7672.3677
36493,4927.1357
36494,5905.43
36495,4837.2495
36496,3417.1023
36497,8352.051
36498,5926.467
36499,8693.385
36500,5252.413
36501,7563.972
36502,6210.5938
36503,10192.345
36504,5278.852
36505,5991.3525
36506,6193.297
36507,7939.1064
36508,5400.2524
36509,7516.391
36510,7680.2163
36511,10049.77
36512,7942.2646
36513,7180.646
36514,5991.4097
36515,4951.3994
36516,5516.524
36517,10865.3125
36518,9537.992
36519,8245.867
36520,13121.685
36521,5965.469
36522,5674.913
36523,6711.39
36524,8511.311
36525,10456.996
36526,7105.5864
36527,8331.2295
36528,7950.6553
36529,6983.882
36530,7103.56
36531,5871.3657
36532,4979.2866
36533,5558.42
36534,4309.86
36535,5350.6045
36536,8839.992
36537,15420.772
36538,6885.0415
36539,5415.0093
36540,6973.498
36541,4247.959
36542,6382.1646
36543,4689.094
36544,9138.398
36545,6891.901
36546,6534.8833
36547,12643.369
36548,11202.808
36549,6538.238
36550,7441.4907
36551,4280.01
36552,5742.1914
36553,5592.6797
36554,8656.8955
36555,5277.4224
36556,4721.0986
36557,5920.6807
36558,6123.2915
36559,7250.701
36560,7202.033
36561,3570.951
36562,7642.1895
36563,8087.7
36564,8068.446
36565,4988.7046
36566,4842.831
36567,7691.6377
36568,5197.8184
36569,9488.415
36570,4674.825
36571,5957.724
36572,7150.458
36573,6101.0215
36574,4782.0586
36575,6385.002
36576,7265.703
36577,9825.937
36578,9892.4375
36579,5909.9043
36580,4112.628
36581,5786.695
36582,6492.8457
36583,5043.974
36584,6837.1514
36585,6070.1406
36586,11563.174
36587,7591.0894
36588,6476.9
36589,7988.7
36590,4997.625
36591,9080.413
36592,5814.73
36593,12587.013
36594,6600.6094
36595,5995.417
36596,5608.4067
36597,4632.734
36598,7829.437
36599,16156.98
36600,4787.07
36601,5345.6357
36602,9776.215
36603,6781.8916
36604,7352.427
36605,8009.376
36606,6477.2583
36607,5390.5615
36608,4894.169
36609,9970.014
36610,6384.156
36611,6752.349
36612,7458.2246
36613,5071.9185
36614,7768.374
36615,6639.575
36616,4194.398
36617,8486.344
36618,8948.951
36619,4613.7793
36620,7908.807
36621,7169.409
36622,5483.756
36623,9068.85
36624,6724.141
36625,7865.4614
36626,4906.537
36627,5591.0635
36628,6671.939
36629,4396.1587
36630,7769.693
36631,4587.4224
36632,5923.336
36633,5091.501
36634,6220.346
36635,6209.8003
36636,7304.7544
36637,7491.6196
36638,8683.109
36639,6487.3115
36640,7771.516
36641,6442.3965
36642,8528.863
36643,9408.661
36644,6743.2036
36645,4050.231
36646,6340.632
36647,7162.929
36648,4564.7373
36649,11562.997
36650,5944.8613
36651,6637.9097
36652,10068.411
36653,6809.491
36654,4588.88
36655,11180.989
36656,9824.325
36657,5625.2026
36658,8436.808
36659,9780.972
36660,6607.072
36661,5579.721
36662,6904.02
36663,5918.0103
36664,6231.5522
36665,7396.6836
36666,5054.686
36667,6420.5576
36668,7948.5093
36669,6820.724
36670,8117.833
36671,6158.788
36672,6862.409
36673,4414.6235
36674,7916.4673
36675,7198.503
36676,6458.553
36677,6828.418
36678,7764.485
36679,9103.098
36680,6133.2637
36681,5348.5225
36682,6457.309
36683,7537.081
36684,7146.299
36685,4418.63
36686,4470.6973
36687,7951.451
36688,7217.0786
36689,5941.5225
36690,8376.071
36691,6481.0527
36692,7128.8096
36693,5507.2866
36694,4051.5408
36695,6972.4873
36696,6676.1025
36697,6800.9883
36698,9445.472
36699,8737.2
36700,5356.293
36701,8375.592
36702,4411.1504
36703,3561.49
36704,7814.538
36705,11751.76
36706,8064.1143
36707,7111.356
36708,4897.6436
36709,7074.364
36710,9070.459
36711,6537.028
36712,8431.337
36713,5709.8687
36714,4522.4243
36715,5723.299
36716,5590.8877
36717,6094.1816
36718,5131.168
36719,5355.179
36720,4413.1074
36721,7127.6265
36722,7249.588
36723,5613.8926
36724,6231.0767
36725,7173.5063
36726,5627.2207
36727,5058.805
36728,9235.193
36729,8067.53
36730,6256.4946
36731,4080.5452
36732,13212.05
36733,6623.1045
36734,5813.793
36735,8558.419
36736,8163.0054
36737,7485.4272
36738,6176.902
36739,7223.332
36740,9554.855
36741,12649.955
36742,5382.0845
36743,4789.838
36744,5275.731
36745,6492.716
36746,6161.7085
36747,8466.714
36748,9007.842
36749,5978.776
36750,4559.785
36751,6433.0137
36752,8669.042
36753,5285.523
36754,7351.9146
36755,4360.334
36756,7776.4023
36757,7848.3677
36758,7728.51
36759,8654.716
36760,6682.091
36761,4778.507
36762,6303.0474
36763,7869.7837
36764,8620.132
36765,7608.8926
36766,7744.9214
36767,6768.967
36768,4829.725
36769,9292.014
36770,4554.734
36771,10315.668
36772,6177.945
36773,4962.5205
36774,7054.8633
36775,5956.3267
36776,7716.2905
36777,7538.1597
36778,4199.6665
36779,5147.7036
36780,7988.563
36781,9059.089
36782,10097.675
36783,6322.2065
36784,6346.6763
36785,7186.8813
36786,6553.022
36787,5532.037
36788,10558.064
36789,8339.45
36790,10920.25
36791,4743.013
36792,6219.7295
36793,9025.325
36794,7754.316
36795,5599.854
36796,10216.55
36797,6862.396
36798,5704.202
36799,5284.757
36800,5432.5527
36801,5562.0103
36802,6269.081
36803,5272.914
36804,5190.6245
36805,8545.996
36806,6683.6587
36807,18270.521
36808,6682.18
35097,4608.268
35098,7180.215
35099,8972.643
35100,5945.513
35101,7143.607
35102,5848.2427
35103,7662.8896
35104,7931.4395
35105,5833.4067
35106,5726.324
35107,7173.486
35108,7987.2373
35109,7048.6685
35110,7958.986
35111,6126.2188
35112,5048.7637
35113,5997.2812
35114,10373.604
35115,10274.056
35116,9610.277
35117,7800.2705
35118,4720.126
35119,6457.124
35120,4541.883
35121,7589.294
35122,10673.732
35123,9234.119
35124,6484.8867
35125,5192.4966
35126,4733.3457
35127,6631.569
35128,10359.168
35129,6945.3926
35130,5796.5444
35131,5906.5117
35132,7312.674
35133,3650.0854
35134,8123.766
35135,4448.4575
35136,7222.2915
35137,6786.59
35138,5515.572
35139,8211.482
35140,7471.568
35141,5157.2036
35142,6364.4263
35143,7837.693
35144,11592.325
35145,6598.4253
35146,8121.767
35147,7748.66
35148,9358.498
35149,6753.283
35150,9495.387
35151,4578.2773
35152,4622.965
35153,6160.915
35154,6407.985
35155,9582.106
35156,7906.5444
35157,5421.3145
35158,7876.2866
35159,7177.414
35160,9935.337
35161,4001.3796
35162,12150.276
35163,4825.093
35164,5975.1387
35165,8436.791
35166,5225.498
35167,6842.168
35168,6440.1724
35169,7270.9927
35170,6087.309
35171,5682.274
35172,8047.295
35173,7735.3687
35174,6480.249
35175,5085.1235
35176,7537.5986
35177,11556.382
35178,6552.5405
35179,4743.4204
35180,7045.993
35181,6097.641
35182,6397.548
35183,8334.115
35184,4018.2363
35185,8448.241
35186,5928.338
35187,7209.043
35188,8223.835
35189,5121.095
35190,6101.01
35191,5749.749
35192,8753.941
35193,8936.413
35194,5252.2227
35195,5150.9844
35196,7467.0723
35197,6351.8
35198,6259.121
35199,9162.679
35200,6913.417
35201,7752.497
35202,5935.841
35203,4699.187
35204,7142.98
35205,7618.711
35206,7652.6787
35207,9126.657
35208,8282.867
35209,5975.196
35210,9011.58
35211,5849.42
35212,7580.6704
35213,8988.892
35214,7481.6655
35215,9657.783
35216,8889.496
35217,7602.741
35218,6240.272
35219,7479.261
35220,8215.102
35221,6793.7656
35222,4341.429
35223,6008.0166
35224,7722.3354
35225,6465.586
35226,5286.975
35227,8260.643
35228,6759.418
35229,6498.583
35230,5623.5127
35231,5219.3906
35232,7102.4424
35233,6979.6465
35234,6815.9897
35235,6044.0845
35236,5328.378
35237,6833.0894
35238,4335.954
35239,6856.161
35240,5571.515
35241,8468.459
35242,7758.674
35243,6871.9985
35244,12041.58
35245,4966.385
35246,5504.1934
35247,10510.802
35248,6485.4805
35249,8935.697
35250,7837.125
35251,6164.5303
35252,6680.8228
35253,5905.368
35254,7468.853
35255,11216.963
35256,6549.423
35257,3836.8457
35258,4863.195
35259,8937.231
35260,9684.81
35261,6896.1616
35262,7319.317
35263,4569.2944
35264,5035.062
35265,3145.253
35266,4979.2676
35267,6396.6997
35268,7335.202
35269,6859.713
35270,6265.512
35271,8883.419
35272,8996.174
35273,7720.0156
35274,5906.123
35275,8645.459
35276,10339.406
35277,6051.1333
35278,7762.5005
35279,5614.0586
35280,6920.4033
35281,4433.199
35282,7438.9077
35283,5590.941
35284,8719.359
35285,7093.702
35286,9155.28
35287,7964.317
35288,5619.534
35289,9645.411
35290,16870.213
35291,10366.442
35292,5528.735
35293,3707.914
35294,7026.6177
35295,9089.823
35296,6314.1494
35297,11392.349
35298,16496.344
35299,4467.4146
35300,5466.266
35301,8626.967
35302,4961.02
35303,9158.45
35304,6829.434
35305,7279.042
35306,4366.619
35307,7345.2207
35308,6538.7056
35309,7168.65
35310,10796.71
35311,6864.7007
35312,6039.3477
35313,7318.6187
35314,5570.957
35315,5834.241
35316,8327.544
35317,6265.1777
35318,6052.9805
35319,7012.9053
35320,5967.0
35321,5670.8438
35322,7175.9355
35323,6996.77
35324,8959.319
35325,8187.677
35326,7642.2188
35327,5457.821
35328,4547.84
35329,6856.7104
35330,6952.4385
35331,6547.8735
35332,4571.91
35333,8569.422
35334,7402.852
35335,9655.775
35336,6728.4653
35337,5757.35
35338,5732.4556
35339,4696.991
35340,9372.639
35341,5792.9297
35342,8277.946
35343,13446.929
35344,7805.48
35345,6760.4175
35346,5946.5796
35347,4698.107
35348,7401.278
35349,4500.2197
35350,5973.76
35351,9497.071
35352,6075.4004
35353,13497.695
35354,12832.352
35355,5813.549
35356,7131.999
35357,5516.9136
35358,6615.055
35359,5976.005
35360,11602.679
35361,8097.441
35362,8870.042
35363,4618.037
35364,7261.8647
35365,5443.7935
35366,8739.509
35367,7481.152
35368,6585.975
35369,6958.051
35370,6237.3916
35371,8917.971
35372,8936.635
35373,6624.286
35374,10054.659
35375,6870.9497
35376,8640.513
35377,5421.625
35378,5405.6895
35379,5530.391
35380,10469.541
35381,6340.5713
35382,8018.9155
35383,7336.8257
35384,9309.827
35385,5182.224
35386,8414.94
35387,6763.894
35388,4280.61
35389,13765.941
35390,15472.408
35391,7475.495
35392,7338.5264
35393,8718.91
35394,10028.81
35395,10525.72
35396,6104.6885
35397,7287.746
35398,6272.5083
35399,8518.49
35400,4292.8325
35401,5969.14
35402,5947.4023
35403,5791.3994
35404,7471.3184
35405,4941.623
35406,4771.67
35407,7499.2266
35408,4586.2764
35409,5098.159
35410,5888.5107
35411,6878.727
35412,9297.298
35413,9572.634
35414,7080.7095
35415,6798.8867
35416,6554.472
35417,10750.655
35418,7106.176
35419,6130.474
35420,5355.026
35421,10136.079
35422,4601.482
35423,7766.3887
35424,3457.605
35425,4896.331
35426,7655.9053
35427,6507.4966
35428,5848.003
35429,8826.462
35430,9388.367
35431,10286.724
35432,5884.541
35433,11089.802
35434,3297.6821
35435,5975.1616
35436,7608.334
35437,4934.426
35438,8735.325
35439,5428.062
35440,5247.4453
35441,8434.354
35442,10571.99
35443,8665.966
35444,5904.8276
35445,5145.9854
35446,9979.4795
35447,8323.025
35448,5841.5024
35449,6010.046
35450,7421.2334
35451,9218.789
35452,5067.9526
35453,5916.317
35454,7935.2983
35455,8024.7764
35456,12766.797
35457,5965.1846
35458,12526.343
35459,7333.908
35460,5314.6934
35461,3769.2466
35462,6081.1455
35463,6437.3965
35464,6117.267
35465,8261.478
35466,5635.2236
35467,4916.868
35468,8037.2773
35469,3776.5852
35470,8314.948
35471,7498.99
35472,8500.505
35473,9134.198
35474,5830.336
35475,9633.955
35476,6924.9795
35477,6051.012
35478,6215.335
35479,5170.3154
35480,10761.047
35481,6563.1113
35482,5577.199
35483,7636.0034
35484,8626.399
35485,7791.92
35486,6265.596
35487,8491.906
35488,5820.7456
35489,6088.685
35490,6560.3516
35491,9569.174
35492,6466.98
35493,6086.734
35494,6382.2256
35495,5674.9507
35496,4425.8306
35497,6185.374
35498,8762.629
35499,8287.68
35500,10604.164
35501,10835.818
35502,7971.103
35503,6523.773
35504,4949.8506
35505,10157.796
35506,10424.723
35507,7833.3286
35508,8282.859
35509,9009.448
35510,6514.309
35511,3875.9868
35512,11091.05
35513,6900.8335
35514,6780.7407
35515,6282.7593
35516,2903.8867
35517,10945.526
35518,6238.034
35519,4941.397
35520,4915.1377
35521,6953.6187
35522,6654.836
35523,7765.47
35524,7436.737
35525,5200.5757
35526,5568.014
35527,4332.2246
35528,3438.3403
35529,7028.347
35530,15802.548
35531,5459.654
35532,6303.4443
35533,6733.0166
35534,5460.404
35535,5270.9927
35536,5760.943
35537,4067.922
35538,8608.169
35539,7323.283
35540,4276.676
35541,8506.295
35542,5735.464
35543,4838.5044
35544,9295.959
35545,8284.866
35546,9558.948
35547,5211.242
35548,7078.3325
35549,5356.5024
35550,5240.3574
35551,14024.103
35552,10076.778
35553,6770.6973
35554,5953.2026
35555,5447.9644
35556,5957.099
35557,4501.0137
35558,9169.393
35559,5571.515
35560,5795.251
35561,7644.26
35562,5388.721
35563,6501.6646
35564,7364.927
35565,8255.42
35566,7586.8696
35567,4599.4766
35568,5901.325
35569,7169.108
35570,8806.322
35571,8979.055
35572,7275.1963
35573,4681.662
35574,8127.0986
35575,6137.682
35576,4531.082
35577,7180.1255
35578,7177.4414
35579,6653.1606
35580,6604.6904
35581,6498.168
35582,6725.963
35583,6030.684
35584,7602.139
35585,8138.0356
35586,6210.4517
35587,9427.111
35588,6533.176
35589,4870.5483
35590,11401.447
35591,6119.2046
35592,3716.2427
35593,8212.211
35594,8978.961
35595,10495.996
35596,5207.903
35597,5955.361
35598,6352.0786
35599,7754.627
35600,6485.6167
35601,9508.572
35602,3633.2578
35603,6712.709
35604,6154.572
35605,5478.3345
35606,5236.3354
35607,7221.651
35608,8221.819
35609,5923.0815
35610,8533.0625
35611,6930.682
35612,8093.4565
35613,5246.6045
35614,6642.711
35615,6470.6636
35616,7923.7495
35617,8768.522
35618,3955.256
35619,8158.825
35620,7381.1436
35621,7735.014
35622,5467.3457
35623,4127.3696
35624,8547.741
35625,6306.9805
35626,8867.395
35627,6723.8843
35628,5734.7744
35629,8841.375
35630,6560.226
35631,7083.303
35632,8455.505
35633,5652.294
35634,8470.802
35635,10828.463
35636,7811.557
35637,4872.1187
35638,5925.387
35639,4669.148
35640,3523.1067
35641,8079.4116
35642,6387.554
35643,8491.655
35644,5511.291
35645,7629.4077
35646,6403.25
35647,10022.719
35648,5474.0874
35649,6204.7026
35650,6304.911
35651,7859.4023
35652,5698.4375
35653,7558.2026
35654,7774.63
35655,9828.974
35656,8132.069
35657,7137.3003
35658,5991.975
35659,4753.9517
35660,5779.237
35661,11067.507
35662,9609.05
35663,7972.806
35664,13518.45
35665,5760.3823
35666,5626.437
35667,6408.327
35668,8598.995
35669,10362.054
35670,7465.9185
35671,8105.9487
35672,8095.271
35673,7216.9067
35674,7055.3545
35675,6040.5977
35676,4972.2715
35677,5759.1294
35678,4086.3179
35679,5298.5513
35680,8875.712
35681,15655.013
35682,6743.152
35683,5186.012
35684,7084.0195
35685,4256.895
35686,6504.4
35687,4520.4146
35688,9219.379
35689,7064.5127
35690,6541.4688
35691,12718.984
35692,11747.972
35693,6363.194
35694,7330.2715
35695,4277.7974
35696,5761.124
35697,5403.8438
35698,9104.539
35699,5419.588
35700,4769.622
35701,5964.832
35702,5991.9126
35703,7164.2686
35704,7494.371
35705,3523.3284
35706,7826.413
35707,8059.939
35708,7739.0215
35709,5007.2734
35710,4737.4336
35711,7647.6147
35712,5470.5693
35713,9416.831
35714,4757.036
35715,5894.552
35716,7203.1597
35717,6398.488
35718,5024.402
35719,6398.976
35720,7150.178
35721,10205.204
35722,9745.771
35723,6132.977
35724,4018.9495
35725,5773.5347
35726,6519.3936
35727,5049.4766
35728,6781.53
35729,5917.1187
35730,11649.438
35731,7743.0674
35732,6308.551
35733,7646.127
35734,4991.622
35735,8785.491
35736,5778.8237
35737,12031.661
35738,6959.876
35739,6339.0293
35740,5707.93
35741,4702.6533
35742,7662.4946
35743,16828.24
35744,4711.6963
35745,5600.7246
35746,9699.582
35747,7186.6895
35748,7598.6016
35749,8094.862
35750,6531.1196
35751,5911.7363
35752,4849.548
35753,9738.887
35754,6634.0996
35755,6737.597
35756,8227.695
35757,5000.9487
35758,7794.5586
35759,7030.714
35760,4093.2349
35761,8505.014
35762,8779.67
35763,4509.5444
35764,7987.2905
35765,7504.901
35766,5280.121
35767,9012.354
35768,7120.0776
35769,8034.3647
35770,4939.2764
35771,5306.877
35772,6234.858
35773,4516.208
35774,7427.982
35775,4585.62
35776,6144.7876
35777,4958.782
35778,6309.64
35779,6192.4697
35780,7074.3706
35781,7570.2803
35782,9277.181
35783,6539.784
35784,7937.1987
35785,6260.6733
35786,8716.773
35787,9194.247
35788,6929.1416
35789,4404.2007
35790,6334.744
35791,7054.2173
35792,4852.551
35793,11942.134
35794,6199.3135
35795,6540.6577
35796,10071.792
35797,6889.5874
35798,4528.4766
35799,11081.228
35800,9610.645
35801,5808.001
35802,8400.762
35803,9590.298
35804,6921.5522
35805,5505.5063
35806,6971.0107
35807,5956.838
35808,6438.8457
35809,7718.0938
35810,4882.61
35811,6970.3325
35812,8357.183
35813,6654.493
35814,8080.568
35815,5843.514
35816,6870.2227
35817,4092.3174
35818,7775.164
35819,7313.0293
35820,6252.9688
35821,6666.691
35822,8437.998
35823,8975.673
35824,6272.4844
35825,5312.276
35826,6483.0127
35827,7603.147
35828,7203.874
35829,4437.938
35830,4331.3325
35831,8108.021
35832,7381.9395
35833,5974.797
35834,8331.468
35835,6645.429
35836,7098.4805
35837,5774.1074
35838,3786.079
35839,7183.893
35840,6696.255
35841,6725.193
35842,9102.594
35843,8498.494
35844,5398.321
35845,8155.488
35846,4353.144
35847,3263.5044
35848,7881.3066
35849,12087.169
35850,8086.6973
35851,6992.814
35852,4680.4253
35853,6979.527
35854,9039.454
35855,6633.315
35856,8416.481
35857,5574.04
35858,4508.6885
35859,5641.3706
35860,5900.132
35861,5974.888
35862,5196.4453
35863,5490.1357
35864,4448.1055
35865,7279.3125
35866,7300.1436
35867,6080.8037
35868,6016.068
35869,7537.8286
35870,5440.4297
35871,5062.1987
35872,9261.1
35873,8151.9414
35874,6445.949
35875,3994.0767
35876,12724.323
35877,6496.222
35878,5701.221
35879,8820.453
35880,8318.954
35881,7303.18
35882,6183.634
35883,7258.3887
35884,9615.807
35885,12743.245
35886,5321.643
35887,4805.622
35888,5569.799
35889,6425.5693
35890,6267.3594
35891,8734.691
35892,8797.256
35893,6114.4497
35894,4583.3765
35895,6503.4263
35896,8398.719
35897,5436.5337
35898,7235.937
35899,4360.18
35900,7630.6523
35901,7783.6675
35902,7649.234
35903,8382.969
35904,6566.073
35905,4881.2827
35906,6117.553
35907,7920.372
35908,8521.708
35909,7544.065
35910,7943.3555
35911,6849.795
35912,4630.834
35913,9090.101
35914,4664.256
35915,10724.766
35916,6313.637
35917,5074.551
35918,7072.718
35919,6028.366
35920,7476.4937
35921,7606.636
35922,4093.633
35923,5090.627
35924,7904.147
35925,8887.877
35926,10116.56
35927,6480.4224
35928,6138.672
35929,6817.4067
35930,6718.7427
35931,5489.324
35932,10458.264
35933,8364.376
35934,11240.417
35935,5021.1724
35936,6237.344
35937,9169.856
35938,7703.1353
35939,5590.2637
35940,10015.398
35941,6836.2837
35942,5935.8467
35943,5645.4404
35944,5595.3477
35945,5340.091
35946,6431.983
35947,5361.931
35948,5173.517
35949,8245.435
35950,6407.2026
35951,18691.727
35952,7143.212
34241,3945.3115
34242,4363.829
34243,6416.921
34244,3373.854
34245,6256.578
34246,4717.6865
34247,5719.6426
34248,6163.666
34249,0.0
34250,3330.2156
34251,5783.643
34252,5942.3896
34253,4696.4937
34254,5666.7397
34255,4901.5415
34256,3322.825
34257,4384.0103
34258,7717.122
34259,8541.433
34260,7316.9927
34261,7047.472
34262,3950.3315
34263,5411.56
34264,0.0
34265,7880.412
34266,7733.8633
34267,8617.683
34268,6214.92
34269,3188.685
34270,4621.9326
34271,5855.0356
34272,8356.227
34273,4389.1484
34274,5472.062
34275,4740.2676
34276,5833.429
34277,2616.4556
34278,7591.9585
34279,3866.939
34280,6891.2305
34281,6161.027
34282,3648.8877
34283,7971.7344
34284,6508.1855
34285,4661.9517
34286,3923.0159
34287,7202.0537
34288,9947.208
34289,6044.154
34290,5532.095
34291,7882.389
34292,7456.7666
34293,5601.3657
34294,6765.636
34295,2407.8467
34296,2578.0981
34297,4889.512
34298,5943.16
34299,8536.335
34300,7160.4976
34301,4108.546
34302,7967.9863
34303,7779.5405
34304,6225.2847
34305,3051.5603
34306,10511.774
34307,3653.0498
34308,4440.78
34309,7329.5864
34310,4315.677
34311,5889.7188
34312,2982.0967
34313,5511.969
34314,5260.029
34315,5264.1694
34316,8042.415
34317,6802.117
34318,4452.839
34319,3671.2366
34320,7328.7056
34321,11453.206
34322,5269.344
34323,3197.2048
34324,6253.667
34325,5513.2837
34326,5914.658
34327,9042.256
34328,2316.6016
34329,7478.6475
34330,4576.4434
34331,5534.692
34332,7757.8745
34333,2813.8389
34334,4543.057
34335,4894.888
34336,7411.903
34337,7457.0366
34338,3904.3418
34339,4546.768
34340,7227.5635
34341,5760.3545
34342,5006.81
34343,6915.732
34344,4642.3774
34345,5867.503
34346,4336.2393
34347,3272.458
34348,5476.9185
34349,6189.9956
34350,0.0
34351,7342.055
34352,7681.828
34353,4014.1792
34354,7817.9375
34355,3378.9011
34356,3845.383
34357,7730.353
34358,6952.9224
34359,7587.8394
34360,9230.2705
34361,6491.676
34362,4813.306
34363,7045.503
34364,7295.341
34365,4953.6104
34366,3006.345
34367,5305.4194
34368,5023.5054
34369,5398.249
34370,3871.139
34371,5624.591
34372,6815.2354
34373,6141.0024
34374,5488.6226
34375,2876.9878
34376,6197.1143
34377,6725.1226
34378,3564.2124
34379,4990.6035
34380,3504.6436
34381,5444.868
34382,3687.6313
34383,4805.6494
34384,4737.8853
34385,6975.9995
34386,6034.568
34387,7087.074
34388,12600.682
34389,4187.426
34390,4590.2065
34391,9646.515
34392,4928.809
34393,7699.565
34394,6876.772
34395,5448.6973
34396,6191.56
34397,4482.3076
34398,5112.603
34399,8223.827
34400,5299.8403
34401,3128.9905
34402,3458.7727
34403,7209.0293
34404,8925.391
34405,0.0
34406,6504.0093
34407,4351.33
34408,2351.6353
34409,1793.3605
34410,3783.061
34411,5383.388
34412,6590.267
34413,5225.523
34414,4499.876
34415,8209.173
34416,7769.352
34417,6724.064
34418,5322.5464
34419,7733.421
34420,8910.803
34421,3739.3142
34422,6036.2837
34423,5162.6177
34424,6372.566
34425,2905.4773
34426,5263.4565
34427,4914.622
34428,8376.383
34429,5776.917
34430,7625.7773
34431,6772.344
34432,4548.6206
34433,7714.23
34434,15989.994
34435,8903.539
34436,3972.3428
34437,3433.5122
34438,6594.48
34439,8037.385
34440,4211.417
34441,8691.884
34442,14690.636
34443,4872.058
34444,2903.3965
34445,8936.098
34446,3291.6602
34447,6617.63
34448,3437.294
34449,5783.6265
34450,3687.1355
34451,6618.634
34452,5199.7573
34453,5126.667
34454,9995.13
34455,5974.13
34456,5503.217
34457,6998.352
34458,5638.143
34459,5812.495
34460,8676.305
34461,4929.8013
34462,5662.471
34463,4420.784
34464,3463.7917
34465,5188.981
34466,5235.5464
34467,5086.0454
34468,7866.2866
34469,8682.289
34470,7550.9106
34471,4268.964
34472,3615.1313
34473,4785.102
34474,5319.0396
34475,5996.538
34476,2946.1392
34477,6572.0884
34478,5697.079
34479,7877.857
34480,5411.3384
34481,4256.5825
34482,3442.3901
34483,2648.5042
34484,8072.926
34485,5819.4575
34486,5949.1157
34487,11693.955
34488,7508.7812
34489,4611.021
34490,5516.9136
34491,2607.467
34492,4501.851
34493,4184.675
34494,3941.6062
34495,7800.099
34496,4727.791
34497,8231.212
34498,10195.203
34499,5895.5923
34500,5642.8076
34501,4523.883
34502,5185.933
34503,5132.289
34504,10646.829
34505,5983.8765
34506,6605.824
34507,3074.9182
34508,5727.985
34509,5042.098
34510,8002.8853
34511,6200.017
34512,5454.48
34513,6503.2896
34514,4574.6543
34515,8544.855
34516,6479.767
34517,6399.6963
34518,8549.608
34519,6808.699
34520,7919.904
34521,3559.3706
34522,0.0
34523,4390.9536
34524,8684.774
34525,6276.213
34526,7358.7827
34527,6330.7935
34528,7726.225
34529,4585.5547
34530,6530.4595
34531,6008.7505
34532,2938.5378
34533,11935.449
34534,14191.849
34535,6966.3384
34536,6146.529
34537,6891.8154
34538,8288.802
34539,7925.9946
34540,3345.5762
34541,4656.2495
34542,5289.901
34543,7687.89
34544,2578.7722
34545,4781.3384
34546,5291.4097
34547,5211.789
34548,5157.248
34549,2996.4866
34550,3145.4
34551,7078.643
34552,3761.8328
34553,4576.435
34554,5153.3584
34555,5145.764
34556,8500.739
34557,9825.009
34558,5542.225
34559,6864.714
34560,5894.468
34561,9690.622
34562,4887.209
34563,3488.849
34564,5011.364
34565,10964.364
34566,4006.3486
34567,7153.712
34568,2138.3977
34569,3907.0393
34570,6091.9614
34571,5764.917
34572,4813.279
34573,8224.149
34574,8455.609
34575,7402.3154
34576,4356.5503
34577,10295.695
34578,1994.6866
34579,3919.8586
34580,6931.204
34581,4794.848
34582,9839.592
34583,2869.1897
34584,5060.9673
34585,5439.122
34586,7568.779
34587,8717.331
34588,4839.492
34589,3003.9827
34590,9442.193
34591,8849.027
34592,4790.7974
34593,5278.4844
34594,8222.0
34595,5977.3276
34596,4971.5225
34597,3934.9756
34598,7006.7007
34599,4342.0093
34600,12501.923
34601,6832.203
34602,11860.227
34603,6223.7056
34604,4435.5176
34605,2252.001
34606,5632.983
34607,5402.349
34608,4922.255
34609,8643.538
34610,5341.094
34611,2835.2856
34612,7043.4736
34613,3222.9465
34614,8618.644
34615,6800.651
34616,6964.3516
34617,8171.948
34618,4659.8843
34619,7003.7744
34620,7352.188
34621,5667.0103
34622,6377.5337
34623,3559.9888
34624,8917.494
34625,5723.7573
34626,3834.9941
34627,5386.604
34628,7402.1035
34629,6071.7793
34630,3778.5383
34631,5382.567
34632,5390.505
34633,4841.612
34634,5175.2837
34635,9188.232
34636,4863.0
34637,3967.5562
34638,5846.921
34639,5123.045
34640,3201.7861
34641,5171.292
34642,8175.7373
34643,6977.184
34644,10498.759
34645,8744.945
34646,6880.761
34647,5125.039
34648,4130.0044
34649,9611.717
34650,7486.098
34651,6989.9995
34652,5614.9155
34653,5808.8374
34654,4952.5522
34655,2502.4692
34656,11267.4
34657,5944.7876
34658,5623.888
34659,4837.051
34660,1404.3922
34661,8018.778
34662,5609.407
34663,4177.5034
34664,4019.4746
34665,6458.245
34666,5188.659
34667,4174.2056
34668,8767.945
34669,4243.338
34670,4157.436
34671,3636.056
34672,2377.6746
34673,4819.334
34674,12529.5205
34675,4934.332
34676,5498.306
34677,5244.293
34678,3803.1936
34679,3335.013
34680,5791.7695
34681,2826.9265
34682,9147.372
34683,6288.431
34684,2783.896
34685,7789.438
34686,2679.4417
34687,3687.825
34688,8514.818
34689,7780.55
34690,8498.632
34691,2398.8516
34692,5160.1313
34693,4221.6895
34694,3720.3784
34695,14556.55
34696,10475.934
34697,5012.162
34698,3512.663
34699,5303.259
34700,4258.475
34701,2528.1729
34702,7655.511
34703,4402.495
34704,4980.5884
34705,7134.3735
34706,4448.755
34707,4982.6504
34708,5883.9014
34709,6729.4277
34710,6679.0513
34711,2714.485
34712,5351.8394
34713,6698.855
34714,7946.4473
34715,6088.5864
34716,7103.8784
34717,2396.5662
34718,8342.394
34719,4948.9204
34720,2959.4324
34721,4112.408
34722,4554.356
34723,4844.0923
34724,6636.4917
34725,3895.8928
34726,5482.208
34727,4857.988
34728,7411.0615
34729,8058.6626
34730,4738.0435
34731,7333.3486
34732,6215.5127
34733,2568.6558
34734,10190.916
34735,3768.8835
34736,3307.8843
34737,6203.1934
34738,9319.6
34739,9774.714
34740,4127.984
34741,4704.2144
34742,6099.5435
34743,7161.5083
34744,4726.7495
34745,8396.364
34746,2863.6794
34747,4962.2603
34748,4002.0742
34749,3272.536
34750,2804.8203
34751,7127.062
34752,6155.91
34753,5308.411
34754,5063.8647
34755,7206.9873
34756,7347.596
34757,4236.24
34758,0.0
34759,5252.573
34760,6492.6724
34761,5768.437
34762,2073.3389
34763,6044.8687
34764,6530.927
34765,6332.4844
34766,5544.1763
34767,2856.697
34768,8564.233
34769,3047.8276
34770,8834.193
34771,5295.6665
34772,4774.4883
34773,8056.9106
34774,3987.8142
34775,4128.086
34776,8476.427
34777,2684.472
34778,6128.492
34779,9005.952
34780,7058.754
34781,2563.7886
34782,5052.5938
34783,3804.8083
34784,2322.442
34785,5297.253
34786,5998.174
34787,5114.188
34788,4346.8535
34789,5684.5293
34790,4649.246
34791,9147.694
34792,4671.179
34793,5875.7466
34794,4139.2256
34795,5792.482
34796,5596.9277
34797,6338.4487
34798,7625.3047
34799,8604.656
34800,7532.065
34801,5649.2812
34802,5196.0933
34803,2809.0996
34804,5650.025
34805,8327.544
34806,6989.4
34807,6646.957
34808,11724.778
34809,3093.7554
34810,4699.55
34811,4708.4434
34812,8054.1904
34813,8485.648
34814,7045.987
34815,6927.695
34816,7508.2227
34817,7116.8184
34818,6070.61
34819,5147.394
34820,2222.962
34821,4702.034
34822,3305.4646
34823,3219.216
34824,7160.8936
34825,15384.576
34826,5471.551
34827,3164.9255
34828,4666.677
34829,3899.9197
34830,5595.956
34831,2225.5383
34832,6478.574
34833,6504.8154
34834,3656.9653
34835,10381.007
34836,10560.099
34837,4211.614
34838,5697.416
34839,3720.556
34840,4045.2654
34841,3940.6965
34842,8658.208
34843,3842.765
34844,4213.2773
34845,4809.254
34846,5257.28
34847,4878.741
34848,7474.7896
34849,2932.2063
34850,7724.796
34851,6594.9014
34852,5210.676
34853,3821.464
34854,3716.6575
34855,4606.4883
34856,4764.888
34857,8961.926
34858,4287.9663
34859,3962.711
34860,6244.8687
34861,4833.071
34862,5388.9937
34863,4342.73
34864,5574.673
34865,9268.239
34866,6974.9746
34867,6030.494
34868,3313.171
34869,4574.7676
34870,5772.24
34871,3874.2754
34872,4693.2783
34873,5050.9746
34874,10358.18
34875,6881.4175
34876,4430.219
34877,6050.1006
34878,4685.8794
34879,6747.6816
34880,5065.85
34881,8791.645
34882,6738.401
34883,4914.7905
34884,4019.1487
34885,2260.845
34886,4363.904
34887,16497.996
34888,2278.6414
34889,5065.6377
34890,6210.4043
34891,7144.602
34892,5498.5366
34893,7628.36
34894,5481.9775
34895,5885.5684
34896,2780.8938
34897,8099.4106
34898,4398.021
34899,5895.0356
34900,8514.185
34901,4028.1917
34902,7787.157
34903,6234.037
34904,3266.2266
34905,5906.5737
34906,6356.315
34907,2726.455
34908,8189.489
34909,6248.551
34910,4437.007
34911,8761.793
34912,7588.3677
34913,6473.466
34914,4343.811
34915,4025.2686
34916,5194.7305
34917,3498.6543
34918,5907.171
34919,2576.6597
34920,5587.79
34921,2965.2568
34922,5512.7476
34923,5536.6665
34924,5014.1416
34925,5316.7114
34926,8444.2295
34927,5610.761
34928,7779.199
34929,5360.6323
34930,5993.37
34931,8235.767
34932,6738.9663
34933,3948.3762
34934,5399.186
34935,5182.684
34936,4477.4316
34937,11132.913
34938,5385.381
34939,5420.8184
34940,8023.8423
34941,6821.0493
34942,2255.4995
34943,0.0
34944,7708.721
34945,5832.4053
34946,7210.535
34947,6508.2476
34948,7746.9604
34949,5197.412
34950,4357.0947
34951,0.0
34952,5978.103
34953,7614.294
34954,2761.9182
34955,7342.293
34956,6782.4937
34957,5156.495
34958,7077.4414
34959,4679.666
34960,6975.587
34961,2957.6064
34962,4801.961
34963,4906.135
34964,3656.7942
34965,5876.935
34966,6851.291
34967,7605.976
34968,6099.404
34969,4104.613
34970,5902.5073
34971,7175.2305
34972,7352.307
34973,2643.1226
34974,2747.9988
34975,8130.0137
34976,5848.985
34977,4006.7268
34978,7312.9946
34979,6439.6562
34980,6265.925
34981,4784.536
34982,2013.2375
34983,6044.2803
34984,5914.5
34985,4832.2734
34986,8024.302
34987,6563.2554
34988,3642.11
34989,5672.3643
34990,3093.416
34991,1224.0651
34992,6207.4316
34993,9435.441
34994,5653.049
34995,4686.1074
34996,2954.2422
34997,5149.01
34998,7452.1235
34999,5933.452
35000,8350.562
35001,4100.4805
35002,3857.4521
35003,3752.4067
35004,5974.005
35005,3571.6426
35006,2589.3582
35007,4001.433
35008,3753.5308
35009,6883.551
35010,4591.043
35011,4963.169
35012,5289.089
35013,6995.4824
35014,4816.328
35015,3847.1736
35016,9016.48
35017,7452.017
35018,6422.7383
35019,2209.9985
35020,6087.791
35021,5224.945
35022,3974.6663
35023,7659.981
35024,8575.325
35025,6166.8706
35026,5991.7983
35027,5856.3423
35028,7233.1357
35029,10588.641
35030,3392.8806
35031,3626.7686
35032,4987.2153
35033,5583.794
35034,5603.7974
35035,8735.009
35036,6901.0703
35037,6014.215
35038,2872.52
35039,6398.134
35040,6520.202
35041,3975.5803
35042,6337.5903
35043,3302.4421
35044,6572.013
35045,5628.89
35046,5548.313
35047,6089.173
35048,4034.9255
35049,4572.102
35050,6138.0396
35051,5453.2207
35052,8028.9336
35053,5428.8335
35054,8109.444
35055,5253.0244
35056,3616.5767
35057,7810.179
35058,2842.8586
35059,10027.404
35060,5388.973
35061,4528.874
35062,6695.1245
35063,4519.13
35064,4691.604
35065,5571.8926
35066,2956.444
35067,3042.0876
35068,5939.0747
35069,5657.623
35070,9435.981
35071,5924.607
35072,5166.248
35073,3965.2595
35074,5580.7646
35075,3228.1191
35076,9607.106
35077,6459.847
35078,11824.299
35079,5312.524
35080,5001.2114
35081,7115.515
35082,6847.3975
35083,3160.5022
35084,7823.935
35085,6390.327
35086,5205.425
35087,5451.8477
35088,5064.57
35089,2963.416
35090,5011.344
35091,3470.145
35092,2820.1787
35093,7041.8413
35094,5677.5225
35095,18595.959
35096,6682.2183
33385,0.0
33386,0.0
33387,0.0
33388,0.0
33389,0.0
33390,0.0
33391,0.0
33392,0.0
33393,0.0
33394,0.0
33395,0.0
33396,0.0
33397,0.0
33398,0.0
33399,0.0
33400,0.0
33401,0.0
33402,0.0
33403,0.0
33404,0.0
33405,0.0
33406,0.0
33407,0.0
33408,0.0
33409,0.0
33410,0.0
33411,0.0
33412,0.0
33413,0.0
33414,0.0
33415,0.0
33416,0.0
33417,0.0
33418,0.0
33419,0.0
33420,0.0
33421,0.0
33422,0.0
33423,0.0
33424,0.0
33425,0.0
33426,0.0
33427,0.0
33428,0.0
33429,0.0
33430,0.0
33431,0.0
33432,0.0
33433,0.0
33434,0.0
33435,0.0
33436,0.0
33437,0.0
33438,0.0
33439,0.0
33440,0.0
33441,0.0
33442,0.0
33443,0.0
33444,0.0
33445,0.0
33446,0.0
33447,0.0
33448,0.0
33449,0.0
33450,0.0
33451,0.0
33452,0.0
33453,0.0
33454,0.0
33455,0.0
33456,0.0
33457,0.0
33458,0.0
33459,0.0
33460,0.0
33461,0.0
33462,0.0
33463,0.0
33464,0.0
33465,0.0
33466,0.0
33467,0.0
33468,0.0
33469,0.0
33470,0.0
33471,0.0
33472,0.0
33473,0.0
33474,0.0
33475,0.0
33476,4323.4727
33477,0.0
33478,0.0
33479,0.0
33480,0.0
33481,0.0
33482,0.0
33483,0.0
33484,0.0
33485,0.0
33486,0.0
33487,0.0
33488,0.0
33489,0.0
33490,0.0
33491,0.0
33492,0.0
33493,0.0
33494,0.0
33495,0.0
33496,0.0
33497,0.0
33498,0.0
33499,0.0
33500,0.0
33501,0.0
33502,0.0
33503,0.0
33504,0.0
33505,0.0
33506,0.0
33507,0.0
33508,0.0
33509,0.0
33510,0.0
33511,0.0
33512,0.0
33513,0.0
33514,0.0
33515,0.0
33516,0.0
33517,0.0
33518,0.0
33519,0.0
33520,0.0
33521,0.0
33522,0.0
33523,0.0
33524,0.0
33525,0.0
33526,0.0
33527,0.0
33528,0.0
33529,0.0
33530,0.0
33531,0.0
33532,0.0
33533,0.0
33534,0.0
33535,0.0
33536,0.0
33537,0.0
33538,0.0
33539,0.0
33540,0.0
33541,0.0
33542,0.0
33543,0.0
33544,2448.4397
33545,0.0
33546,0.0
33547,0.0
33548,0.0
33549,0.0
33550,0.0
33551,0.0
33552,0.0
33553,0.0
33554,0.0
33555,0.0
33556,0.0
33557,0.0
33558,0.0
33559,0.0
33560,0.0
33561,0.0
33562,0.0
33563,0.0
33564,0.0
33565,0.0
33566,0.0
33567,0.0
33568,0.0
33569,0.0
33570,0.0
33571,0.0
33572,0.0
33573,0.0
33574,0.0
33575,0.0
33576,0.0
33577,0.0
33578,0.0
33579,0.0
33580,0.0
33581,0.0
33582,0.0
33583,0.0
33584,0.0
33585,13857.334
33586,20734.488
33587,0.0
33588,0.0
33589,0.0
33590,0.0
33591,0.0
33592,0.0
33593,0.0
33594,6371.314
33595,0.0
33596,0.0
33597,0.0
33598,0.0
33599,0.0
33600,0.0
33601,0.0
33602,0.0
33603,0.0
33604,0.0
33605,0.0
33606,0.0
33607,0.0
33608,0.0
33609,0.0
33610,0.0
33611,0.0
33612,0.0
33613,4938.574
33614,0.0
33615,0.0
33616,0.0
33617,0.0
33618,0.0
33619,0.0
33620,0.0
33621,0.0
33622,0.0
33623,3024.217
33624,0.0
33625,0.0
33626,0.0
33627,0.0
33628,0.0
33629,0.0
33630,0.0
33631,0.0
33632,0.0
33633,0.0
33634,0.0
33635,0.0
33636,0.0
33637,0.0
33638,0.0
33639,0.0
33640,0.0
33641,8462.428
33642,0.0
33643,0.0
33644,0.0
33645,0.0
33646,0.0
33647,0.0
33648,0.0
33649,0.0
33650,0.0
33651,0.0
33652,0.0
33653,0.0
33654,0.0
33655,0.0
33656,0.0
33657,0.0
33658,8081.747
33659,0.0
33660,0.0
33661,0.0
33662,0.0
33663,0.0
33664,0.0
33665,0.0
33666,0.0
33667,0.0
33668,0.0
33669,0.0
33670,0.0
33671,0.0
33672,0.0
33673,0.0
33674,0.0
33675,0.0
33676,0.0
33677,0.0
33678,0.0
33679,0.0
33680,0.0
33681,0.0
33682,0.0
33683,0.0
33684,0.0
33685,0.0
33686,0.0
33687,0.0
33688,0.0
33689,0.0
33690,0.0
33691,0.0
33692,0.0
33693,0.0
33694,0.0
33695,0.0
33696,0.0
33697,0.0
33698,0.0
33699,0.0
33700,0.0
33701,0.0
33702,0.0
33703,0.0
33704,0.0
33705,0.0
33706,0.0
33707,0.0
33708,0.0
33709,0.0
33710,0.0
33711,0.0
33712,0.0
33713,0.0
33714,0.0
33715,0.0
33716,0.0
33717,0.0
33718,0.0
33719,0.0
33720,1788.3383
33721,0.0
33722,0.0
33723,0.0
33724,0.0
33725,0.0
33726,0.0
33727,0.0
33728,0.0
33729,0.0
33730,0.0
33731,0.0
33732,0.0
33733,0.0
33734,4862.327
33735,0.0
33736,0.0
33737,0.0
33738,0.0
33739,0.0
33740,0.0
33741,0.0
33742,0.0
33743,0.0
33744,0.0
33745,0.0
33746,0.0
33747,0.0
33748,0.0
33749,0.0
33750,0.0
33751,0.0
33752,0.0
33753,0.0
33754,0.0
33755,0.0
33756,0.0
33757,0.0
33758,0.0
33759,0.0
33760,0.0
33761,0.0
33762,0.0
33763,0.0
33764,0.0
33765,0.0
33766,0.0
33767,0.0
33768,0.0
33769,0.0
33770,0.0
33771,0.0
33772,0.0
33773,0.0
33774,0.0
33775,0.0
33776,0.0
33777,7337.616
33778,0.0
33779,0.0
33780,0.0
33781,0.0
33782,0.0
33783,0.0
33784,0.0
33785,0.0
33786,0.0
33787,2533.04
33788,0.0
33789,0.0
33790,0.0
33791,4534.8135
33792,0.0
33793,0.0
33794,0.0
33795,0.0
33796,0.0
33797,0.0
33798,0.0
33799,0.0
33800,0.0
33801,0.0
33802,0.0
33803,0.0
33804,0.0
33805,0.0
33806,0.0
33807,0.0
33808,0.0
33809,0.0
33810,0.0
33811,0.0
33812,0.0
33813,0.0
33814,0.0
33815,0.0
33816,0.0
33817,0.0
33818,16714.002
33819,0.0
33820,0.0
33821,0.0
33822,0.0
33823,0.0
33824,0.0
33825,0.0
33826,0.0
33827,0.0
33828,0.0
33829,0.0
33830,0.0
33831,0.0
33832,6294.4683
33833,0.0
33834,0.0
33835,0.0
33836,0.0
33837,0.0
33838,0.0
33839,0.0
33840,0.0
33841,0.0
33842,0.0
33843,0.0
33844,0.0
33845,0.0
33846,0.0
33847,0.0
33848,0.0
33849,0.0
33850,0.0
33851,0.0
33852,0.0
33853,0.0
33854,0.0
33855,0.0
33856,0.0
33857,0.0
33858,0.0
33859,0.0
33860,0.0
33861,0.0
33862,0.0
33863,0.0
33864,0.0
33865,0.0
33866,0.0
33867,0.0
33868,0.0
33869,0.0
33870,0.0
33871,0.0
33872,0.0
33873,0.0
33874,0.0
33875,0.0
33876,0.0
33877,0.0
33878,0.0
33879,0.0
33880,0.0
33881,0.0
33882,0.0
33883,0.0
33884,0.0
33885,0.0
33886,0.0
33887,0.0
33888,0.0
33889,0.0
33890,0.0
33891,0.0
33892,0.0
33893,0.0
33894,0.0
33895,0.0
33896,0.0
33897,0.0
33898,0.0
33899,0.0
33900,0.0
33901,0.0
33902,0.0
33903,0.0
33904,0.0
33905,0.0
33906,0.0
33907,10355.197
33908,0.0
33909,0.0
33910,0.0
33911,0.0
33912,0.0
33913,0.0
33914,0.0
33915,0.0
33916,0.0
33917,0.0
33918,0.0
33919,0.0
33920,0.0
33921,0.0
33922,0.0
33923,0.0
33924,0.0
33925,0.0
33926,0.0
33927,0.0
33928,0.0
33929,0.0
33930,0.0
33931,0.0
33932,0.0
33933,0.0
33934,0.0
33935,0.0
33936,0.0
33937,0.0
33938,0.0
33939,0.0
33940,0.0
33941,0.0
33942,0.0
33943,0.0
33944,0.0
33945,0.0
33946,0.0
33947,0.0
33948,0.0
33949,0.0
33950,0.0
33951,3251.047
33952,13462.674
33953,0.0
33954,0.0
33955,0.0
33956,0.0
33957,0.0
33958,0.0
33959,0.0
33960,0.0
33961,0.0
33962,0.0
33963,0.0
33964,0.0
33965,0.0
33966,0.0
33967,0.0
33968,0.0
33969,0.0
33970,0.0
33971,0.0
33972,0.0
33973,0.0
33974,0.0
33975,0.0
33976,0.0
33977,0.0
33978,0.0
33979,0.0
33980,10814.199
33981,0.0
33982,0.0
33983,0.0
33984,0.0
33985,0.0
33986,0.0
33987,0.0
33988,0.0
33989,0.0
33990,0.0
33991,0.0
33992,0.0
33993,0.0
33994,0.0
33995,0.0
33996,0.0
33997,0.0
33998,0.0
33999,0.0
34000,0.0
34001,0.0
34002,0.0
34003,0.0
34004,0.0
34005,0.0
34006,0.0
34007,0.0
34008,0.0
34009,0.0
34010,0.0
34011,0.0
34012,0.0
34013,0.0
34014,0.0
34015,0.0
34016,0.0
34017,0.0
34018,0.0
34019,0.0
34020,0.0
34021,0.0
34022,0.0
34023,0.0
34024,0.0
34025,0.0
34026,0.0
34027,0.0
34028,0.0
34029,0.0
34030,0.0
34031,0.0
34032,0.0
34033,0.0
34034,0.0
34035,0.0
34036,0.0
34037,0.0
34038,0.0
34039,0.0
34040,0.0
34041,0.0
34042,0.0
34043,0.0
34044,0.0
34045,0.0
34046,0.0
34047,0.0
34048,0.0
34049,0.0
34050,3022.9304
34051,0.0
34052,0.0
34053,0.0
34054,2127.1506
34055,0.0
34056,0.0
34057,0.0
34058,0.0
34059,0.0
34060,0.0
34061,0.0
34062,0.0
34063,0.0
34064,0.0
34065,0.0
34066,0.0
34067,0.0
34068,0.0
34069,0.0
34070,0.0
34071,0.0
34072,0.0
34073,0.0
34074,0.0
34075,0.0
34076,0.0
34077,0.0
34078,0.0
34079,0.0
34080,0.0
34081,0.0
34082,0.0
34083,0.0
34084,0.0
34085,0.0
34086,0.0
34087,0.0
34088,0.0
34089,0.0
34090,0.0
34091,0.0
34092,0.0
34093,0.0
34094,0.0
34095,0.0
34096,0.0
34097,0.0
34098,0.0
34099,0.0
34100,0.0
34101,0.0
34102,0.0
34103,0.0
34104,0.0
34105,2113.3823
34106,0.0
34107,0.0
34108,0.0
34109,0.0
34110,0.0
34111,0.0
34112,0.0
34113,0.0
34114,0.0
34115,0.0
34116,0.0
34117,0.0
34118,0.0
34119,0.0
34120,9590.536
34121,0.0
34122,0.0
34123,0.0
34124,0.0
34125,0.0
34126,0.0
34127,0.0
34128,0.0
34129,0.0
34130,0.0
34131,0.0
34132,0.0
34133,0.0
34134,0.0
34135,0.0
34136,0.0
34137,0.0
34138,0.0
34139,0.0
34140,0.0
34141,0.0
34142,0.0
34143,0.0
34144,0.0
34145,0.0
34146,0.0
34147,0.0
34148,0.0
34149,0.0
34150,0.0
34151,0.0
34152,0.0
34153,0.0
34154,0.0
34155,0.0
34156,0.0
34157,0.0
34158,0.0
34159,0.0
34160,0.0
34161,0.0
34162,0.0
34163,0.0
34164,0.0
34165,0.0
34166,0.0
34167,0.0
34168,0.0
34169,0.0
34170,0.0
34171,0.0
34172,0.0
34173,0.0
34174,0.0
34175,0.0
34176,0.0
34177,0.0
34178,0.0
34179,0.0
34180,0.0
34181,0.0
34182,0.0
34183,0.0
34184,4528.2173
34185,0.0
34186,0.0
34187,0.0
34188,0.0
34189,0.0
34190,0.0
34191,0.0
34192,0.0
34193,0.0
34194,0.0
34195,0.0
34196,0.0
34197,0.0
34198,0.0
34199,0.0
34200,0.0
34201,0.0
34202,0.0
34203,0.0
34204,0.0
34205,0.0
34206,0.0
34207,0.0
34208,0.0
34209,0.0
34210,0.0
34211,0.0
34212,0.0
34213,0.0
34214,0.0
34215,0.0
34216,0.0
34217,0.0
34218,0.0
34219,0.0
34220,0.0
34221,0.0
34222,0.0
34223,0.0
34224,0.0
34225,11290.454
34226,4606.5586
34227,0.0
34228,0.0
34229,0.0
34230,0.0
34231,0.0
34232,0.0
34233,0.0
34234,0.0
34235,0.0
34236,0.0
34237,0.0
34238,0.0
34239,0.0
34240,0.0
32529,3573.1555
32530,5644.9663
32531,8228.401
32532,5334.028
32533,6579.772
32534,5360.351
32535,6617.63
32536,6393.4854
32537,4061.4817
32538,5078.1484
32539,5658.9834
32540,7254.229
32541,6098.601
32542,8081.069
32543,4264.4873
32544,4146.1807
32545,4356.9746
32546,8524.18
32547,9354.116
32548,8099.256
32549,6644.5103
32550,3788.1167
32551,5041.2905
32552,3771.9263
32553,7134.8228
32554,8707.725
32555,8672.548
32556,5010.1494
32557,4365.6694
32558,4060.4822
32559,5218.365
32560,9264.156
32561,5642.216
32562,4519.2637
32563,4309.071
32564,6808.3223
32565,3284.9094
32566,6811.3364
32567,3542.7144
32568,5895.4966
32569,5340.1416
32570,4764.9473
32571,7258.084
32572,6289.8228
32573,4266.379
32574,5957.9287
32575,5889.179
32576,9290.968
32577,5365.0825
32578,6955.496
32579,6820.828
32580,7836.6313
32581,5670.3516
32582,7535.665
32583,3739.1643
32584,4325.725
32585,5431.444
32586,5743.9604
32587,8399.023
32588,6593.5117
32589,4672.632
32590,6420.6987
32591,6221.165
32592,8272.351
32593,3690.753
32594,11368.632
32595,3960.9082
32596,5621.4746
32597,7208.974
32598,4207.9595
32599,5137.27
32600,4729.6177
32601,6031.478
32602,4779.218
32603,4572.364
32604,7621.2183
32605,6612.633
32606,4773.341
32607,4587.0244
32608,6917.658
32609,10651.705
32610,5807.502
32611,4746.412
32612,5172.8066
32613,6066.847
32614,5575.417
32615,6961.0576
32616,3472.569
32617,6738.33
32618,5440.144
32619,6108.2705
32620,8416.714
32621,4324.479
32622,4692.0205
32623,4154.3203
32624,6740.5415
32625,7741.849
32626,4566.754
32627,4451.8877
32628,6297.002
32629,5299.911
32630,5127.244
32631,8211.365
32632,5804.5117
32633,7135.633
32634,4677.5195
32635,4151.804
32636,5513.2207
32637,6833.689
32638,6538.0815
32639,7412.8145
32640,6827.298
32641,5114.3003
32642,7754.0205
32643,4774.5474
32644,5837.3584
32645,7670.136
32646,6094.4604
32647,8691.71
32648,7572.4614
32649,6379.5356
32650,4959.9556
32651,6869.5215
32652,6448.2246
32653,5737.094
32654,3747.7134
32655,5144.39
32656,6667.715
32657,5378.4814
32658,3988.9897
32659,6762.333
32660,6160.774
32661,5595.684
32662,4852.6714
32663,4199.5947
32664,6127.9424
32665,5797.9824
32666,5128.795
32667,4830.8813
32668,5607.444
32669,5810.7104
32670,3387.2568
32671,6125.938
32672,4366.34
32673,7070.0806
32674,6614.09
32675,6143.6978
32676,10427.686
32677,4199.9067
32678,4114.684
32679,9242.1455
32680,5040.4634
32681,7057.9863
32682,7049.24
32683,4631.6865
32684,5811.1704
32685,4996.796
32686,6873.231
32687,9850.784
32688,5952.8506
32689,2930.5144
32690,4226.5044
32691,7721.9595
32692,7830.7437
32693,5275.1777
32694,6155.3877
32695,4137.6265
32696,4642.342
32697,2916.0796
32698,4580.8853
32699,5289.7144
32700,6412.534
32701,6285.7207
32702,5732.953
32703,7541.9854
32704,7327.8667
32705,6694.422
32706,4339.885
32707,8226.77
32708,8766.825
32709,4591.2837
32710,6965.129
32711,4330.1055
32712,5691.501
32713,3137.153
32714,5822.0723
32715,4100.5977
32716,8036.3267
32717,6163.748
32718,7396.7964
32719,7374.0786
32720,5112.5835
32721,7405.5854
32722,16042.969
32723,8568.522
32724,4742.0044
32725,2458.4417
32726,5312.879
32727,7634.0376
32728,5137.961
32729,11130.726
32730,15950.529
32731,3653.252
32732,4608.642
32733,7370.9634
32734,4102.0767
32735,7421.849
32736,4973.8037
32737,6450.2974
32738,3707.1147
32739,5904.405
32740,5193.403
32741,6504.3877
32742,8021.019
32743,5633.7026
32744,5025.3794
32745,6655.8643
32746,4407.996
32747,4867.1763
32748,7262.364
32749,4710.2446
32750,5126.418
32751,5851.7305
32752,5512.9365
32753,4997.5396
32754,6734.3335
32755,6101.4985
32756,7630.9727
32757,8633.215
32758,6657.401
32759,4917.961
32760,3006.9187
32761,5424.6045
32762,6127.4985
32763,5428.7456
32764,4107.876
32765,7079.5615
32766,5939.2617
32767,8235.602
32768,5804.0356
32769,4229.7188
32770,4615.452
32771,4300.312
32772,8175.4565
32773,4620.5093
32774,6851.291
32775,13089.386
32776,6636.53
32777,5655.751
32778,4707.729
32779,4263.2993
32780,5908.185
32781,3712.9756
32782,5598.423
32783,8529.856
32784,4719.7163
32785,12140.975
32786,11829.16
32787,4661.64
32788,5896.1714
32789,4998.4927
32790,5638.213
32791,5190.456
32792,9651.172
32793,5982.1016
32794,7399.6475
32795,3802.0037
32796,6431.8174
32797,4309.926
32798,7829.265
32799,5589.2935
32800,5381.386
32801,5999.118
32802,5944.2603
32803,7341.943
32804,8344.726
32805,5442.4434
32806,8417.019
32807,6034.073
32808,8127.1914
32809,4786.586
32810,4467.2783
32811,4246.808
32812,8517.864
32813,5215.2104
32814,6804.674
32815,5939.8564
32816,7674.0435
32817,4216.771
32818,7268.6074
32819,6001.2812
32820,3516.7268
32821,11282.628
32822,14361.053
32823,6005.668
32824,5727.6787
32825,7470.5557
32826,9029.312
32827,9584.025
32828,5196.53
32829,6537.926
32830,4516.635
32831,7033.672
32832,3790.177
32833,5222.523
32834,4788.659
32835,5218.206
32836,6799.8335
32837,4503.5005
32838,3568.1248
32839,6208.4497
32840,3570.5796
32841,4070.1655
32842,5424.2524
32843,5611.7456
32844,7929.405
32845,7855.1606
32846,6630.987
32847,5623.829
32848,5457.509
32849,9969.414
32850,5888.241
32851,4635.4214
32852,4403.789
32853,8283.08
32854,4247.416
32855,6326.381
32856,3001.9487
32857,4316.282
32858,6338.5093
32859,5691.9624
32860,4444.543
32861,7551.048
32862,8258.642
32863,10131.072
32864,5570.0327
32865,9301.91
32866,2916.1353
32867,5008.0283
32868,5982.7007
32869,3561.6328
32870,7729.8076
32871,4509.5356
32872,4814.725
32873,7624.7812
32874,9663.671
32875,7256.9487
32876,5009.9297
32877,4294.077
32878,10431.725
32879,7133.421
32880,5164.287
32881,4722.2607
32882,6120.956
32883,7753.3027
32884,3930.2524
32885,5624.666
32886,6355.0117
32887,6651.162
32888,12025.317
32889,4631.404
32890,10639.074
32891,6291.941
32892,4629.1865
32893,3162.6226
32894,5069.558
32895,5296.697
32896,4898.3633
32897,6665.108
32898,4676.2036
32899,4231.612
32900,6347.306
32901,3127.0864
32902,7690.3906
32903,5995.36
32904,7147.8257
32905,7832.6562
32906,4284.0986
32907,8313.901
32908,6391.632
32909,5167.8057
32910,5361.5576
32911,4610.48
32912,9607.235
32913,6039.4395
32914,4820.823
32915,6574.2954
32916,7429.512
32917,6430.5415
32918,5013.3384
32919,7316.12
32920,5628.573
32921,5849.721
32922,5162.3223
32923,7854.546
32924,5108.5083
32925,5057.802
32926,4876.1543
32927,4324.3223
32928,3793.2441
32929,4552.375
32930,7040.478
32931,7666.7495
32932,9317.235
32933,9160.11
32934,6827.578
32935,6473.5894
32936,4826.6484
32937,9631.199
32938,8928.285
32939,6016.699
32940,7675.5884
32941,7854.1865
32942,5774.14
32943,3778.7654
32944,10140.788
32945,5604.5244
32946,5690.0244
32947,5658.001
32948,1836.8711
32949,9166.473
32950,5243.6226
32951,4327.9785
32952,4403.6963
32953,5857.1133
32954,6126.458
32955,6221.9487
32956,6277.213
32957,4715.626
32958,4160.8677
32959,3724.1458
32960,2763.7449
32961,5872.973
32962,14598.982
32963,4743.8413
32964,4790.359
32965,5674.794
32966,4417.1675
32967,4479.8154
32968,4771.078
32969,3615.2659
32970,7249.0625
32971,5964.803
32972,3447.5728
32973,7112.5093
32974,3955.4446
32975,4210.196
32976,8154.1187
32977,6814.878
32978,8950.402
32979,4044.5168
32980,6132.0474
32981,4300.103
32982,4460.6187
32983,13232.984
32984,9095.911
32985,5940.8594
32986,4916.854
32987,4492.332
32988,4954.0547
32989,4069.2532
32990,8713.49
32991,4828.15
32992,4961.2188
32993,6216.5444
32994,4168.018
32995,5880.479
32996,6217.6353
32997,6634.821
32998,5829.9023
32999,3615.5728
33000,5386.8965
33001,5424.739
33002,7727.08
33003,7770.6416
33004,6190.9814
33005,3947.3594
33006,7305.932
33007,5253.535
33008,3940.407
33009,6409.293
33010,6017.882
33011,5781.062
33012,5326.3506
33013,5884.4624
33014,5367.8623
33015,5148.0815
33016,6547.199
33017,6609.013
33018,4547.163
33019,8237.526
33020,5365.712
33021,3821.7412
33022,9686.039
33023,5121.75
33024,3096.519
33025,6869.207
33026,8043.136
33027,8962.789
33028,4695.9204
33029,5038.2617
33030,5459.175
33031,6680.007
33032,5233.8687
33033,8172.2134
33034,2862.6086
33035,5484.7915
33036,5059.741
33037,4999.628
33038,4256.355
33039,6378.209
33040,6101.702
33041,5278.3735
33042,7832.8726
33043,5604.797
33044,7031.076
33045,3851.514
33046,5909.4307
33047,5545.4243
33048,6436.2607
33049,7370.682
33050,2995.4377
33051,7571.5513
33052,6155.7695
33053,6541.107
33054,4466.639
33055,3420.2397
33056,6801.6694
33057,5052.6133
33058,7977.081
33059,5620.1133
33060,4977.4253
33061,7076.672
33062,5425.7944
33063,4635.7705
33064,7004.6626
33065,4201.181
33066,7167.0024
33067,9301.732
33068,6890.718
33069,3916.7117
33070,4737.714
33071,3847.5369
33072,2971.9773
33073,7541.6978
33074,4932.5767
33075,7450.084
33076,3821.8142
33077,6011.0723
33078,5297.0757
33079,8687.648
33080,4229.34
33081,4929.021
33082,4561.0117
33083,6788.6616
33084,4655.295
33085,6562.7983
33086,6820.249
33087,8961.926
33088,6664.8726
33089,6269.6133
33090,5245.2437
33091,3980.631
33092,4991.4937
33093,9213.226
33094,7838.7246
33095,7731.6064
33096,12818.26
33097,4561.3555
33098,4471.789
33099,5609.1235
33100,7039.3027
33101,8552.21
33102,5926.0654
33103,6888.2207
33104,6655.934
33105,6486.167
33106,5799.033
33107,4489.064
33108,3960.5945
33109,4346.8286
33110,3787.105
33111,4193.25
33112,7208.5137
33113,14742.906
33114,5981.5483
33115,4693.475
33116,5880.737
33117,3292.819
33118,5389.574
33119,3487.2751
33120,8290.533
33121,5889.1343
33122,5537.1104
33123,11131.745
33124,10871.595
33125,5365.047
33126,6923.8037
33127,3511.7485
33128,5113.998
33129,5273.2256
33130,7787.3135
33131,4194.786
33132,3704.474
33133,5247.996
33134,5073.67
33135,6062.6997
33136,5968.5425
33137,3507.299
33138,6247.2993
33139,7237.207
33140,6019.5923
33141,3765.5881
33142,3355.5903
33143,6423.302
33144,4534.939
33145,8507.699
33146,3735.9805
33147,4808.2354
33148,6113.9014
33149,5002.9385
33150,4399.2505
33151,4583.3726
33152,5840.4497
33153,9254.901
33154,7779.296
33155,5079.5874
33156,3650.1377
33157,5342.0117
33158,5875.3994
33159,4510.809
33160,5602.8564
33161,5333.6514
33162,10542.418
33163,6397.377
33164,5459.8726
33165,6774.4697
33166,4148.859
33167,8474.858
33168,4635.563
33169,10845.124
33170,5450.1216
33171,4564.925
33172,4775.1943
33173,3922.1853
33174,6836.8184
33175,15169.233
33176,3874.6523
33177,4446.5825
33178,8516.143
33179,5663.5303
33180,6225.7896
33181,6995.0684
33182,5274.9766
33183,4857.835
33184,4060.2732
33185,8646.7295
33186,5277.528
33187,5775.958
33188,6789.814
33189,4550.5474
33190,7059.38
33191,5448.3545
33192,3400.0996
33193,7706.1553
33194,7712.0303
33195,3887.8774
33196,6611.6616
33197,5715.6885
33198,4688.875
33199,8436.759
33200,5897.268
33201,6864.8184
33202,4188.748
33203,4082.8074
33204,6030.7476
33205,3506.5867
33206,7104.143
33207,3643.0168
33208,5141.6333
33209,4320.6074
33210,5290.163
33211,5862.3784
33212,5994.0103
33213,5811.9907
33214,7722.593
33215,5274.7246
33216,6823.8604
33217,5599.902
33218,6454.353
33219,8641.584
33220,6294.6963
33221,3068.641
33222,5603.9043
33223,6158.6353
33224,4199.0576
33225,10607.422
33226,4830.9644
33227,5674.599
33228,9061.181
33229,5967.797
33230,3323.795
33231,9667.773
33232,8418.344
33233,4900.251
33234,6776.499
33235,8292.613
33236,5480.106
33237,5010.2163
33238,5986.0513
33239,5060.953
33240,5755.961
33241,6274.6387
33242,4038.9844
33243,5701.977
33244,6499.6123
33245,5952.459
33246,6528.255
33247,5388.0015
33248,5927.0713
33249,3944.1826
33250,6409.281
33251,6021.321
33252,5526.304
33253,5894.3047
33254,6290.8066
33255,8192.441
33256,5120.2505
33257,4548.9023
33258,5278.958
33259,6745.2876
33260,6257.008
33261,3988.0806
33262,3577.6304
33263,7053.343
33264,7166.524
33265,4908.536
33266,6927.2124
33267,5696.204
33268,5563.3687
33269,4332.6465
33270,3012.3853
33271,5513.589
33272,5710.8765
33273,5280.282
33274,8091.1025
33275,6696.453
33276,4491.8438
33277,7406.553
33278,3538.9548
33279,2947.0415
33280,6962.452
33281,11233.354
33282,6557.774
33283,5973.389
33284,3645.4087
33285,5874.1104
33286,7323.4927
33287,5074.633
33288,7310.6094
33289,4548.2734
33290,4065.4277
33291,4921.7246
33292,4715.446
33293,5149.663
33294,3990.2686
33295,4033.1245
33296,3874.1165
33297,6365.331
33298,5902.9126
33299,4479.914
33300,5634.122
33301,5719.7734
33302,4624.5303
33303,4680.6797
33304,8012.7686
33305,6966.2383
33306,5316.737
33307,3309.999
33308,11561.553
33309,5611.714
33310,4304.1367
33311,6941.3135
33312,7298.09
33313,6149.0913
33314,5199.0483
33315,6615.6357
33316,7811.4233
33317,11458.865
33318,4050.4897
33319,3845.7244
33320,4370.982
33321,5349.0938
33322,4891.9473
33323,7224.365
33324,7736.0474
33325,5436.1606
33326,3702.644
33327,5641.8228
33328,8170.3896
33329,4415.8237
33330,6387.329
33331,3587.134
33332,6332.08
33333,7027.1606
33334,6611.6426
33335,7275.8696
33336,5962.7954
33337,3839.3025
33338,5333.26
33339,6799.0815
33340,7212.778
33341,6536.398
33342,6876.405
33343,5415.5776
33344,4230.518
33345,8485.405
33346,3841.1194
33347,10030.369
33348,5265.3345
33349,3894.6963
33350,5796.478
33351,5314.673
33352,6610.9424
33353,6983.995
33354,3711.6794
33355,4155.977
33356,6079.899
33357,7013.3604
33358,9263.856
33359,5335.8955
33360,5602.611
33361,4944.358
33362,5680.9844
33363,4357.3857
33364,9132.352
33365,7125.268
33366,10540.508
33367,4046.3577
33368,5466.313
33369,8796.299
33370,7147.192
33371,4054.456
33372,8854.286
33373,6208.4497
33374,4554.7295
33375,4366.0024
33376,4355.9272
33377,4756.832
33378,4811.6997
33379,4226.6494
33380,4164.0005
33381,6629.33
33382,5867.8833
33383,17516.523
33384,5476.0044
31673,3253.976
31674,5101.545
31675,7411.613
31676,4868.291
31677,5910.5186
31678,4826.3125
31679,6168.4883
31680,5566.8457
31681,3662.5652
31682,4645.549
31683,4989.8037
31684,6671.5
31685,5451.692
31686,7420.306
31687,3824.6187
31688,3832.098
31689,3835.3125
31690,7716.3125
31691,8446.759
31692,7030.607
31693,5616.244
31694,3517.8037
31695,4559.694
31696,3436.1301
31697,6402.639
31698,7729.6895
31699,8051.0723
31700,4419.3633
31701,3871.0503
31702,3823.8855
31703,4699.5186
31704,8123.386
31705,4893.007
31706,4048.9524
31707,3939.8584
31708,6112.875
31709,3048.0662
31710,6073.3086
31711,3104.9258
31712,5454.2456
31713,4594.6396
31714,4253.2544
31715,6349.6255
31716,5313.5376
31717,3857.923
31718,5250.084
31719,5089.1416
31720,8317.153
31721,4919.6455
31722,6203.9985
31723,6121.791
31724,7001.4233
31725,5185.1167
31726,6769.251
31727,3501.0415
31728,4021.0852
31729,4955.397
31730,5092.6084
31731,7641.803
31732,5742.5034
31733,4256.802
31734,5604.476
31735,5601.8843
31736,7315.2617
31737,3161.8381
31738,10068.612
31739,3646.9287
31740,5199.237
31741,6582.7407
31742,3848.561
31743,4709.427
31744,4386.704
31745,5443.3677
31746,4172.573
31747,4077.522
31748,6602.5107
31749,5859.242
31750,4301.116
31751,4088.6963
31752,6218.383
31753,9236.7
31754,5299.264
31755,4218.7183
31756,4672.1772
31757,5604.043
31758,5112.164
31759,6215.4653
31760,3242.9624
31761,6087.0127
31762,5021.393
31763,5541.776
31764,7595.377
31765,3980.1868
31766,4023.1917
31767,3636.3645
31768,5985.726
31769,7054.029
31770,4144.4604
31771,3901.5234
31772,5709.88
31773,4572.9307
31774,4658.5864
31775,7433.234
31776,5340.2944
31777,6276.0034
31778,4252.7065
31779,3771.0557
31780,4887.5073
31781,6104.9155
31782,5990.501
31783,6518.5977
31784,6089.76
31785,4725.442
31786,6819.989
31787,4398.1763
31788,5191.0356
31789,6855.128
31790,5274.8354
31791,7960.117
31792,6916.9326
31793,5625.562
31794,4477.0044
31795,6127.3
31796,5725.45
31797,5166.0903
31798,3377.1482
31799,4590.605
31800,6303.2637
31801,4540.0117
31802,3562.0642
31803,6119.7534
31804,5669.5728
31805,5215.409
31806,4486.0205
31807,3827.7722
31808,5551.574
31809,5263.4565
31810,4674.308
31811,4310.012
31812,4992.608
31813,5114.954
31814,3081.9812
31815,5559.926
31816,3740.3738
31817,6296.954
31818,5809.0312
31819,5618.4624
31820,8945.095
31821,3955.637
31822,3774.2983
31823,8164.8193
31824,4643.188
31825,6386.2266
31826,6400.313
31827,4163.4526
31828,5052.536
31829,4577.273
31830,6268.513
31831,8742.735
31832,5155.502
31833,2670.525
31834,3834.9685
31835,6750.192
31836,6859.0654
31837,4565.5386
31838,5601.2324
31839,3795.633
31840,4296.9375
31841,2755.5596
31842,4094.512
31843,4710.9907
31844,5640.5044
31845,5771.167
31846,5121.183
31847,6795.859
31848,6683.6143
31849,5853.2485
31850,3793.957
31851,7420.476
31852,7570.7427
31853,4017.949
31854,6308.966
31855,3847.8306
31856,5160.8403
31857,2783.15
31858,5182.679
31859,3599.3608
31860,7423.102
31861,5511.943
31862,6745.796
31863,6701.852
31864,4434.735
31865,6633.1123
31866,14492.412
31867,7739.2134
31868,4331.1216
31869,2265.6235
31870,4641.39
31871,6816.399
31872,4522.252
31873,10335.699
31874,14528.325
31875,3282.917
31876,4189.595
31877,6651.6504
31878,3723.1726
31879,6627.351
31880,4531.661
31881,5636.6753
31882,3411.0251
31883,4976.7417
31884,4651.251
31885,5764.5815
31886,7055.119
31887,5138.7305
31888,4383.8013
31889,6090.352
31890,3854.377
31891,4319.775
31892,6573.9565
31893,4112.49
31894,4571.714
31895,5369.4497
31896,5059.809
31897,4573.764
31898,5845.761
31899,5678.4326
31900,6815.7554
31901,7432.9077
31902,6131.93
31903,4525.8813
31904,2689.0242
31905,4779.309
31906,5459.9663
31907,4787.5903
31908,3702.9478
31909,6320.9707
31910,5412.154
31911,7296.218
31912,5397.6724
31913,3845.4639
31914,4148.6533
31915,3800.372
31916,7407.535
31917,3958.5776
31918,6080.49
31919,11783.69
31920,6027.952
31921,5319.735
31922,3961.2068
31923,3875.2363
31924,5478.2666
31925,3346.9395
31926,4834.3574
31927,7788.5093
31928,4235.6704
31929,10341.932
31930,10620.096
31931,4206.314
31932,5291.0415
31933,4406.3057
31934,5220.546
31935,4670.15
31936,8621.11
31937,5471.749
31938,6601.5854
31939,3598.1113
31940,5930.3965
31941,3819.037
31942,7259.7456
31943,4804.105
31944,4650.5503
31945,5304.3667
31946,5602.718
31947,6296.744
31948,7502.639
31949,4967.095
31950,7714.377
31951,5447.923
31952,7325.267
31953,4330.7373
31954,3934.1387
31955,3749.1865
31956,7308.476
31957,4637.513
31958,6096.705
31959,5194.6167
31960,6784.3115
31961,3912.0403
31962,6446.6562
31963,5600.2065
31964,3248.0308
31965,10139.646
31966,12955.646
31967,5187.1055
31968,5035.7056
31969,6648.961
31970,8107.959
31971,8808.179
31972,4598.2964
31973,5918.067
31974,4000.5476
31975,6178.1333
31976,3583.5361
31977,4569.6606
31978,4302.392
31979,4730.9805
31980,6216.491
31981,4265.4634
31982,3251.3418
31983,5441.0938
31984,3134.0122
31985,3602.9507
31986,4675.5747
31987,5053.963
31988,6728.786
31989,7049.59
31990,6058.318
31991,5066.928
31992,4700.8276
31993,9002.766
31994,5395.9424
31995,4417.3193
31996,3899.9941
31997,7286.565
31998,3744.6506
31999,5733.156
32000,2794.3906
32001,3917.3804
32002,5661.1646
32003,5051.5723
32004,3958.5852
32005,6800.346
32006,7428.896
32007,9101.058
32008,5124.4277
32009,8264.299
32010,2754.1323
32011,4452.3545
32012,5012.4824
32013,3215.2507
32014,6759.534
32015,4082.9905
32016,4475.3096
32017,6878.228
32018,8707.708
32019,6518.2246
32020,4528.662
32021,3705.2268
32022,9315.343
32023,6183.852
32024,4774.379
32025,4167.565
32026,5387.8677
32027,6976.7046
32028,3544.868
32029,5073.118
32030,5650.693
32031,5952.43
32032,10831.695
32033,4067.794
32034,9763.234
32035,5621.271
32036,4267.315
32037,2894.1516
32038,4595.5073
32039,4558.124
32040,4498.3784
32041,6113.5107
32042,4127.925
32043,3837.9841
32044,5573.1787
32045,2868.188
32046,6922.2456
32047,5285.5127
32048,6226.68
32049,6932.6323
32050,3839.3354
32051,7551.5156
32052,5966.516
32053,4662.632
32054,4743.9
32055,4395.9614
32056,8409.894
32057,5258.042
32058,4226.1016
32059,5942.973
32060,6519.9907
32061,5745.802
32062,4462.0825
32063,6748.1255
32064,5044.196
32065,5340.6514
32066,4728.815
32067,6894.794
32068,4680.2017
32069,4656.3516
32070,4279.61
32071,3698.6233
32072,3337.6292
32073,4022.831
32074,6356.4546
32075,7002.7456
32076,8449.717
32077,8237.157
32078,6142.5786
32079,5491.1987
32080,4351.2305
32081,9031.749
32082,8194.231
32083,5292.586
32084,7146.285
32085,6808.6274
32086,5260.49
32087,3448.734
32088,9270.786
32089,4915.7754
32090,5314.2217
32091,5114.359
32092,1745.8984
32093,8150.324
32094,4715.621
32095,3813.0852
32096,4013.0305
32097,5115.813
32098,5684.8384
32099,5440.3467
32100,5370.1206
32101,4305.833
32102,3644.63
32103,3420.4844
32104,2580.2585
32105,5430.755
32106,13521.48
32107,4275.9985
32108,4376.3975
32109,5191.3525
32110,4028.0264
32111,3790.9038
32112,4090.8577
32113,3431.7734
32114,6444.302
32115,5394.5015
32116,3153.783
32117,6402.566
32118,3759.4722
32119,3861.4465
32120,7459.093
32121,6243.6895
32122,7998.1235
32123,3606.7954
32124,5616.019
32125,3859.1414
32126,3984.259
32127,12002.104
32128,7923.13
32129,5274.066
32130,4484.6426
32131,4001.9407
32132,4617.689
32133,3724.2703
32134,7838.8145
32135,4152.858
32136,4226.8833
32137,5559.8306
32138,3764.5574
32139,5417.9546
32140,5693.4014
32141,5945.4624
32142,5092.074
32143,3440.8635
32144,4817.5044
32145,4625.7437
32146,6832.3335
32147,7106.488
32148,5597.0664
32149,3481.767
32150,6477.74
32151,4730.9487
32152,3669.353
32153,5654.505
32154,5603.701
32155,5087.205
32156,4851.477
32157,5257.39
32158,4655.9297
32159,4711.004
32160,5962.494
32161,5919.591
32162,4073.712
32163,7429.7036
32164,4759.201
32165,3549.2295
32166,8704.444
32167,4440.8857
32168,2886.701
32169,6361.082
32170,7702.415
32171,8077.3853
32172,4236.2886
32173,4430.3203
32174,4929.1196
32175,6096.7744
32176,4778.206
32177,6767.921
32178,2630.6948
32179,4802.4463
32180,4704.636
32181,4449.4463
32182,3695.3645
32183,5770.8696
32184,5258.855
32185,4850.1123
32186,7178.6123
32187,4935.4004
32188,6241.897
32189,3462.2952
32190,5199.187
32191,4934.1626
32192,5878.152
32193,6558.3057
32194,2774.272
32195,6996.7637
32196,5383.0596
32197,6122.8477
32198,4018.8381
32199,3136.5186
32200,5952.209
32201,4560.986
32202,6999.914
32203,4993.6226
32204,4494.638
32205,6144.53
32206,5050.6133
32207,3955.026
32208,6353.8237
32209,3855.734
32210,6481.5596
32211,7994.409
32212,6405.1377
32213,3665.1235
32214,4047.566
32215,3246.739
32216,2794.6038
32217,6711.2363
32218,4418.592
32219,7067.4307
32220,3289.6196
32221,5556.4375
32222,4765.0566
32223,7519.747
32224,3750.1343
32225,4423.2896
32226,4131.1904
32227,6146.945
32228,4082.0168
32229,5920.4604
32230,6332.068
32231,8131.5024
32232,6043.0005
32233,5805.7188
32234,4647.362
32235,3571.404
32236,4405.331
32237,8455.0205
32238,7159.077
32239,6848.2397
32240,11811.889
32241,4231.2324
32242,3990.6606
32243,4767.639
32244,6477.7773
32245,7206.472
32246,5239.098
32247,6335.179
32248,5908.7544
32249,5800.355
32250,5059.471
32251,3892.427
32252,3595.3252
32253,3812.1216
32254,3293.284
32255,3711.4563
32256,6352.1514
32257,13010.277
32258,5399.0933
32259,4234.903
32260,5304.473
32261,3116.3447
32262,4737.6187
32263,3183.102
32264,7441.342
32265,4994.2847
32266,4919.406
32267,10107.629
32268,10078.691
32269,5045.2637
32270,6099.328
32271,3254.1064
32272,4754.845
32273,4742.683
32274,6997.017
32275,3926.58
32276,3301.5413
32277,4619.892
32278,4609.684
32279,5471.3003
32280,5241.2676
32281,3341.4011
32282,5642.4688
32283,6505.678
32284,5413.987
32285,3301.9001
32286,3032.1091
32287,6059.254
32288,3971.172
32289,7832.6484
32290,3324.055
32291,3898.0862
32292,5236.3354
32293,4416.544
32294,3930.0015
32295,4085.2734
32296,4998.3594
32297,8340.381
32298,7019.464
32299,4641.713
32300,3268.2898
32301,4743.2847
32302,5550.981
32303,4127.736
32304,4992.127
32305,4927.258
32306,9476.206
32307,5354.1475
32308,4951.362
32309,6057.093
32310,3727.9917
32311,7550.284
32312,4130.331
32313,9617.081
32314,4797.181
32315,4116.5645
32316,4129.622
32317,3631.366
32318,6264.879
32319,13669.44
32320,3572.007
32321,3987.6125
32322,7508.4233
32323,5054.0737
32324,5564.621
32325,6280.914
32326,4697.636
32327,4184.826
32328,3670.4941
32329,7726.336
32330,4711.6016
32331,5327.489
32332,6103.0117
32333,4161.0903
32334,6306.445
32335,4947.0894
32336,3108.3816
32337,7034.484
32338,7085.29
32339,3603.9167
32340,5923.816
32341,5062.329
32342,4066.7
32343,7343.26
32344,5301.3774
32345,6104.77
32346,3764.6472
32347,3631.061
32348,5774.504
32349,3043.6436
32350,6574.2954
32351,3334.3958
32352,4800.294
32353,3892.9246
32354,4863.9185
32355,5198.587
32356,5773.05
32357,5023.0693
32358,6832.125
32359,4550.1914
32360,6262.71
32361,5313.629
32362,5644.2183
32363,7672.924
32364,5726.466
32365,2814.2847
32366,5115.442
32367,5374.6714
32368,3883.3926
32369,9435.162
32370,4263.576
32371,5148.543
32372,8286.873
32373,5507.67
32374,3027.6318
32375,8163.3945
32376,7755.226
32377,4600.464
32378,6161.4204
32379,7374.353
32380,4722.0713
32381,4526.7964
32382,5529.3516
32383,4576.1597
32384,5215.454
32385,5728.717
32386,3678.6404
32387,5264.029
32388,5446.39
32389,5278.51
32390,5580.7217
32391,4918.8896
32392,5394.2236
32393,3467.5903
32394,5746.3223
32395,5506.94
32396,4980.056
32397,5231.822
32398,5560.552
32399,7331.0825
32400,4533.0923
32401,4080.4868
32402,4634.8022
32403,5906.354
32404,5642.275
32405,3643.6738
32406,3304.339
32407,6690.86
32408,6502.514
32409,4474.242
32410,6246.674
32411,5133.9194
32412,4970.4507
32413,3848.7888
32414,2879.7942
32415,4940.9727
32416,5081.3027
32417,4878.741
32418,7392.931
32419,6272.09
32420,4101.595
32421,6932.5796
32422,3317.0923
32423,2848.2039
32424,6092.746
32425,10102.598
32426,6028.579
32427,5401.2466
32428,3280.062
32429,5426.3896
32430,6534.3286
32431,4436.1943
32432,6497.3438
32433,3974.818
32434,3684.3157
32435,4367.91
32436,4138.337
32437,4787.9146
32438,3558.7085
32439,3598.2349
32440,3485.712
32441,5797.07
32442,5153.953
32443,3863.6353
32444,5176.5825
32445,5071.6133
32446,4257.4473
32447,4337.116
32448,6851.291
32449,6283.8384
32450,4898.0967
32451,3044.7095
32452,10783.229
32453,5013.161
32454,3833.074
32455,6200.0405
32456,6410.2773
32457,5427.285
32458,4547.0415
32459,5966.858
32460,6728.427
32461,9890.814
32462,3656.0479
32463,3531.994
32464,3884.4595
32465,4791.3735
32466,4298.286
32467,6476.3438
32468,7052.751
32469,4912.6816
32470,3393.703
32471,4947.217
32472,7420.384
32473,3981.4172
32474,5331.8403
32475,3392.6477
32476,5552.3687
32477,6274.118
32478,5818.536
32479,6623.035
32480,5314.764
32481,3479.6057
32482,4855.82
32483,6169.5596
32484,6672.5947
32485,5801.6665
32486,6031.3975
32487,4631.0767
32488,3797.2375
32489,7382.9673
32490,3583.2183
32491,9303.897
32492,4626.3657
32493,3496.419
32494,5352.4575
32495,4780.289
32496,5997.556
32497,6310.94
32498,3334.9333
32499,3659.23
32500,5293.0654
32501,6070.3086
32502,8195.356
32503,4801.274
32504,5037.791
32505,4519.5996
32506,5143.605
32507,3971.411
32508,7972.7305
32509,6292.019
32510,9506.723
32511,3535.3345
32512,4909.435
32513,8126.4087
32514,6360.7305
32515,3739.143
32516,7925.405
32517,5575.4863
32518,4122.561
32519,3795.405
32520,3915.2173
32521,4355.2544
32522,4152.05
32523,3823.4514
32524,3758.1921
32525,6013.022
32526,5381.0317
32527,16220.02
32528,4999.1797
30817,3247.693
30818,5325.04
30819,7197.8853
30820,4682.957
30821,5968.7534
30822,4704.8877
30823,6193.1904
30824,5678.839
30825,3716.5369
30826,4650.936
30827,5060.5425
30828,6578.2783
30829,5670.8926
30830,7028.9907
30831,3865.4268
30832,3769.2107
30833,3843.0032
30834,7676.379
30835,8323.01
30836,6888.516
30837,5986.2627
30838,3632.7136
30839,4586.0576
30840,3345.6943
30841,6423.4736
30842,7706.442
30843,7869.7837
30844,4568.1963
30845,4034.833
30846,3935.1934
30847,4815.258
30848,8020.0166
30849,5110.0093
30850,4174.751
30851,3994.957
30852,5910.417
30853,2908.8054
30854,6150.8276
30855,3095.8545
30856,5560.817
30857,4704.744
30858,4190.007
30859,6355.897
30860,5378.8047
30861,3936.3948
30862,5302.2676
30863,5165.3906
30864,8304.93
30865,4927.902
30866,6064.9497
30867,6218.596
30868,7054.2847
30869,5047.4204
30870,6934.193
30871,3415.3164
30872,3784.9849
30873,4967.474
30874,5201.5186
30875,7520.7656
30876,5697.1494
30877,4121.68
30878,5759.146
30879,5584.2417
30880,7336.5176
30881,3190.9675
30882,10022.461
30883,3819.0007
30884,4918.1577
30885,6622.4033
30886,3911.63
30887,4929.3076
30888,4552.371
30889,5581.978
30890,4445.2637
30891,4202.083
30892,6550.0537
30893,5854.0693
30894,4481.487
30895,4106.6025
30896,6143.194
30897,9242.8955
30898,5181.5815
30899,4240.3843
30900,4786.942
30901,5456.067
30902,5101.5884
30903,6363.643
30904,3259.1953
30905,6114.327
30906,4869.6934
30907,5487.963
30908,7542.403
30909,4040.4756
30910,4226.7627
30911,3655.5771
30912,6131.573
30913,6891.967
30914,3986.81
30915,3959.7183
30916,5839.9536
30917,4707.963
30918,4624.482
30919,7279.2847
30920,5234.742
30921,6204.093
30922,4310.8345
30923,3901.0173
30924,4845.645
30925,5916.1367
30926,5793.4106
30927,6467.794
30928,6387.012
30929,4450.6562
30930,6990.8267
30931,4527.5825
30932,5251.982
30933,6891.02
30934,5276.778
30935,7989.4014
30936,7048.3257
30937,5464.0874
30938,4550.1523
30939,6309.315
30940,5764.9277
30941,5068.3203
30942,3328.0242
30943,4748.8623
30944,6154.73
30945,4806.9834
30946,3733.2266
30947,6379.791
30948,5554.922
30949,5232.805
30950,4509.015
30951,4044.8218
30952,5678.774
30953,5329.791
30954,4580.575
30955,4501.3057
30956,4762.635
30957,5385.895
30958,3015.4878
30959,5147.728
30960,3779.8398
30961,6336.762
30962,5947.1357
30963,5545.7207
30964,8728.612
30965,3927.899
30966,3842.644
30967,8115.603
30968,4742.909
30969,6348.923
30970,6532.0664
30971,4323.287
30972,5039.646
30973,4597.2305
30974,6364.7603
30975,8590.593
30976,5176.385
30977,2610.8674
30978,3795.9082
30979,6764.294
30980,6845.575
30981,4609.9214
30982,5660.1655
30983,3863.451
30984,4077.3235
30985,2681.4055
30986,4083.9292
30987,4793.9424
30988,5632.284
30989,5509.2305
30990,5254.1367
30991,6950.8735
30992,6717.961
30993,6019.713
30994,3928.7231
30995,7135.687
30996,7690.42
30997,4035.0757
30998,6257.8076
30999,4016.4543
31000,5590.493
31001,2765.1558
31002,5156.5347
31003,3928.903
31004,7256.5264
31005,5503.8364
31006,6815.0796
31007,6540.8447
31008,4445.3613
31009,6467.208
31010,14239.328
31011,7745.173
31012,4529.924
31013,2234.4978
31014,5055.515
31015,6960.354
31016,4511.9023
31017,10229.068
31018,14313.809
31019,3296.8328
31020,3972.195
31021,6747.527
31022,3711.1768
31023,6976.1924
31024,4449.039
31025,5672.8184
31026,3394.5059
31027,5016.194
31028,4561.8213
31029,5589.117
31030,7099.6045
31031,5315.0938
31032,4459.381
31033,5997.333
31034,3934.6377
31035,4344.375
31036,6667.187
31037,4224.086
31038,4556.859
31039,5580.2
31040,4973.249
31041,4668.863
31042,5702.9834
31043,5581.0254
31044,6785.5215
31045,7610.446
31046,6151.907
31047,4512.7974
31048,2710.0422
31049,4976.8936
31050,5472.224
31051,4799.085
31052,3687.5295
31053,6363.5767
31054,5444.967
31055,7266.0913
31056,5466.376
31057,3896.2979
31058,4196.147
31059,3702.7676
31060,7313.009
31061,4199.534
31062,6134.931
31063,11329.448
31064,6027.924
31065,5385.638
31066,4025.71
31067,3940.659
31068,5595.78
31069,3481.7473
31070,4674.0273
31071,7653.9194
31072,4368.106
31073,10125.025
31074,10351.05
31075,4346.2236
31076,5254.287
31077,4375.546
31078,5168.1357
31079,4883.9375
31080,8630.506
31081,5707.19
31082,6429.456
31083,3548.0479
31084,6238.1177
31085,3906.808
31086,7226.6743
31087,4873.011
31088,4921.147
31089,5370.218
31090,5424.594
31091,6564.5327
31092,7326.7764
31093,5005.43
31094,7610.0903
31095,5490.314
31096,6921.8096
31097,4220.9165
31098,4019.1333
31099,3796.5999
31100,7265.2734
31101,4727.8315
31102,6127.5566
31103,5114.2417
31104,6961.961
31105,3869.618
31106,6205.715
31107,5662.423
31108,3191.622
31109,10254.378
31110,12786.099
31111,5233.459
31112,5232.96
31113,6519.0083
31114,8050.274
31115,8630.761
31116,4786.504
31117,6198.1074
31118,4364.824
31119,6190.9165
31120,3504.8843
31121,4879.2437
31122,4283.428
31123,4749.859
31124,6311.3135
31125,4219.0967
31126,3386.546
31127,5617.294
31128,3245.9585
31129,3643.5383
31130,4690.284
31131,5311.0547
31132,6887.0513
31133,7146.8306
31134,5857.259
31135,5246.7446
31136,4828.435
31137,8993.111
31138,5665.648
31139,4681.662
31140,3896.6213
31141,7340.5776
31142,3683.135
31143,5854.667
31144,2763.6921
31145,4161.7847
31146,5542.051
31147,5105.741
31148,4049.47
31149,6929.558
31150,7501.6016
31151,8822.068
31152,4932.9014
31153,8107.279
31154,2707.6543
31155,4295.5684
31156,5308.8667
31157,3265.021
31158,6915.422
31159,4124.323
31160,4357.976
31161,7040.491
31162,8439.351
31163,6621.3423
31164,4417.3994
31165,3752.199
31166,9048.821
31167,6407.967
31168,5002.3086
31169,4220.8115
31170,5594.131
31171,6544.883
31172,3619.7417
31173,5120.6655
31174,5773.6445
31175,6189.8716
31176,10801.17
31177,4140.7456
31178,9608.243
31179,5637.3364
31180,4184.487
31181,2766.219
31182,4805.8647
31183,4487.21
31184,4553.222
31185,6089.266
31186,4100.7974
31187,3882.9739
31188,5505.553
31189,2823.3066
31190,6834.243
31191,5252.5933
31192,6120.08
31193,6938.513
31194,3841.6616
31195,7339.5835
31196,5967.6714
31197,4675.057
31198,4752.8906
31199,4352.3677
31200,8262.502
31201,5210.3228
31202,4045.2
31203,5919.19
31204,6585.027
31205,5788.8975
31206,4323.477
31207,6688.1167
31208,5065.512
31209,5197.2036
31210,4800.225
31211,7115.21
31212,4718.528
31213,4570.397
31214,4396.972
31215,3803.6108
31216,3308.6194
31217,4212.855
31218,6500.0337
31219,6845.125
31220,8592.944
31221,8191.4883
31222,6291.521
31223,5410.0996
31224,4310.205
31225,9088.029
31226,8163.768
31227,5312.068
31228,7175.388
31229,6670.565
31230,5186.507
31231,3286.7715
31232,9113.661
31233,4940.8125
31234,5355.3325
31235,5037.3486
31236,1685.1184
31237,8080.2134
31238,4783.9478
31239,3828.404
31240,3959.9373
31241,5145.3813
31242,5530.412
31243,5258.5938
31244,5629.2764
31245,4295.245
31246,3667.2534
31247,3517.8977
31248,2416.4055
31249,5481.884
31250,13170.909
31251,4451.344
31252,4708.928
31253,5543.399
31254,4018.6426
31255,4096.1255
31256,4274.22
31257,3504.6938
31258,6507.3477
31259,5511.149
31260,3077.5828
31261,6503.842
31262,3686.369
31263,3734.8901
31264,7356.1304
31265,6232.0933
31266,7835.6226
31267,3503.1763
31268,5327.0723
31269,3895.3206
31270,3935.1558
31271,11667.529
31272,7969.75
31273,5344.371
31274,4377.646
31275,4083.302
31276,4503.466
31277,3815.443
31278,7947.2583
31279,4138.8857
31280,4267.9175
31281,5669.562
31282,3760.4333
31283,5280.8213
31284,5519.598
31285,6028.815
31286,5148.8574
31287,3369.1743
31288,4637.257
31289,4695.199
31290,6838.351
31291,6994.8286
31292,5642.8237
31293,3378.8625
31294,6444.314
31295,4834.5186
31296,3480.5684
31297,5788.086
31298,5832.8394
31299,5181.8784
31300,4963.505
31301,5091.846
31302,4702.2583
31303,4665.7817
31304,5811.7803
31305,5973.5547
31306,4052.0317
31307,7336.9585
31308,4893.833
31309,3689.8835
31310,8837.109
31311,4556.6587
31312,2997.0554
31313,6068.0913
31314,7683.03
31315,7844.394
31316,4206.029
31317,4432.886
31318,4915.5596
31319,6291.173
31320,4856.89
31321,6799.931
31322,2609.9758
31323,5011.4497
31324,4714.0156
31325,4186.3955
31326,3584.4866
31327,5815.5234
31328,5279.0986
31329,4772.7354
31330,6939.314
31331,5059.4663
31332,6185.982
31333,3485.3428
31334,5096.924
31335,4888.6636
31336,5977.014
31337,6550.11
31338,3000.1792
31339,6906.951
31340,5343.8003
31341,6080.554
31342,3966.7085
31343,3121.9329
31344,6069.319
31345,4436.3594
31346,7268.725
31347,5039.1655
31348,4659.7153
31349,6381.1665
31350,5247.5854
31351,3925.071
31352,6430.4375
31353,4034.098
31354,6371.806
31355,8263.7
31356,6236.0117
31357,3577.5894
31358,4138.4873
31359,3309.0298
31360,2702.23
31361,6401.418
31362,4515.1055
31363,7021.2046
31364,3296.638
31365,5573.7954
31366,4695.8667
31367,7459.1284
31368,3829.7627
31369,4433.284
31370,4158.9673
31371,6080.6875
31372,4158.003
31373,5851.105
31374,6364.232
31375,7910.1123
31376,6071.5537
31377,6026.998
31378,4634.537
31379,3460.314
31380,4411.7817
31381,8494.126
31382,7022.6514
31383,6799.185
31384,11844.152
31385,4437.172
31386,4042.01
31387,4844.7163
31388,6933.836
31389,7062.828
31390,5322.628
31391,6409.1035
31392,6205.2295
31393,5801.816
31394,5132.5386
31395,4112.1255
31396,3524.9421
31397,3889.528
31398,3282.463
31399,3952.1218
31400,6467.8125
31401,12025.283
31402,5217.38
31403,4146.746
31404,5568.8105
31405,3149.796
31406,4815.4507
31407,3172.1406
31408,7292.4883
31409,5087.064
31410,4823.2427
31411,9913.727
31412,9962.504
31413,5172.634
31414,5937.0864
31415,3166.511
31416,4617.8564
31417,4386.683
31418,6993.988
31419,3928.326
31420,3347.7537
31421,4706.858
31422,4659.1196
31423,5565.497
31424,5496.4497
31425,3232.4116
31426,5835.299
31427,6514.906
31428,5508.7104
31429,3451.8936
31430,3086.0676
31431,6111.383
31432,3968.404
31433,7931.939
31434,3337.8489
31435,3898.5881
31436,5229.4473
31437,4486.6025
31438,3967.8098
31439,4066.3198
31440,4866.42
31441,7997.4062
31442,6948.1626
31443,4671.1523
31444,3205.3464
31445,4770.9507
31446,5366.019
31447,4182.2007
31448,4947.906
31449,4779.209
31450,9337.839
31451,5380.9395
31452,4908.5596
31453,5852.1377
31454,3840.3757
31455,7659.2285
31456,4151.3213
31457,9704.838
31458,4872.165
31459,4130.9185
31460,4102.9062
31461,3557.5273
31462,6043.554
31463,13605.409
31464,3565.4639
31465,4069.195
31466,7262.9385
31467,5317.4214
31468,5564.8496
31469,6381.1543
31470,4893.4224
31471,4231.0464
31472,3528.3164
31473,7631.8096
31474,4803.1978
31475,5315.17
31476,6069.122
31477,4112.7925
31478,6307.7563
31479,5074.2266
31480,3097.7512
31481,6715.591
31482,6813.214
31483,3546.559
31484,6114.269
31485,5210.755
31486,4052.9673
31487,7184.757
31488,5447.814
31489,6143.393
31490,3725.6987
31491,3590.2598
31492,5761.1953
31493,3127.0627
31494,6329.1934
31495,3413.9224
31496,4959.137
31497,4049.8137
31498,4821.1865
31499,5445.175
31500,5949.388
31501,5104.387
31502,6785.3794
31503,4686.9614
31504,6261.9756
31505,5336.3433
31506,6108.09
31507,7496.9595
31508,5710.1685
31509,2790.1392
31510,5024.229
31511,5296.4546
31512,3864.1587
31513,9316.64
31514,4263.934
31515,5229.5967
31516,7988.9746
31517,5524.4595
31518,3007.217
31519,7981.739
31520,7753.199
31521,4542.8535
31522,6087.8433
31523,7226.536
31524,4914.0874
31525,4582.0215
31526,5682.106
31527,4521.1606
31528,5102.6543
31529,5961.7944
31530,3790.7446
31531,5326.4575
31532,5844.9136
31533,5343.505
31534,5791.3164
31535,4927.098
31536,5527.5537
31537,3447.1616
31538,5550.7007
31539,5548.0273
31540,5017.5244
31541,5347.1553
31542,5518.061
31543,7129.469
31544,4784.185
31545,4170.484
31546,4674.906
31547,6164.101
31548,5695.4814
31549,3514.9424
31550,3272.5078
31551,6560.527
31552,6320.169
31553,4456.7524
31554,6344.4795
31555,5246.064
31556,5244.2227
31557,4010.9258
31558,2947.6433
31559,4918.524
31560,5235.966
31561,4868.3374
31562,7204.1216
31563,6247.764
31564,4204.4805
31565,6802.7334
31566,3357.1848
31567,2668.816
31568,6216.005
31569,9551.229
31570,6200.224
31571,5468.66
31572,3312.046
31573,5586.799
31574,6516.82
31575,4544.6826
31576,6431.345
31577,4240.1294
31578,3631.6533
31579,4342.0713
31580,4238.2246
31581,4883.793
31582,3703.2234
31583,3673.2263
31584,3456.3486
31585,5785.795
31586,5300.3257
31587,3891.343
31588,5249.077
31589,5226.7593
31590,4284.556
31591,4258.556
31592,6907.175
31593,6159.3403
31594,4987.6626
31595,3125.4731
31596,10125.142
31597,5014.6343
31598,3979.1392
31599,6104.718
31600,6426.967
31601,5720.3735
31602,4674.0005
31603,5650.882
31604,6756.4404
31605,9599.468
31606,3919.47
31607,3507.018
31608,4184.371
31609,5028.2373
31610,4178.3447
31611,6503.78
31612,7005.2974
31613,4875.4473
31614,3463.339
31615,5000.305
31616,7451.3276
31617,4282.877
31618,5400.2163
31619,3316.8013
31620,5613.3735
31621,6053.148
31622,5844.005
31623,6393.3145
31624,5027.206
31625,3508.1423
31626,4990.2036
31627,6087.4717
31628,6628.2046
31629,5934.8105
31630,6099.6772
31631,4679.3135
31632,3705.4673
31633,7513.6533
31634,3512.1975
31635,9244.685
31636,4650.861
31637,3573.885
31638,5426.271
31639,4834.9614
31640,6121.9775
31641,6372.718
31642,3330.9622
31643,3794.4058
31644,5215.285
31645,5970.917
31646,8072.017
31647,4851.297
31648,4955.307
31649,4397.5845
31650,5157.371
31651,4064.594
31652,8330.261
31653,6288.647
31654,9190.1875
31655,3627.3428
31656,4932.247
31657,7922.4424
31658,6336.672
31659,3740.5593
31660,7869.994
31661,5432.765
31662,4243.9165
31663,3887.0283
31664,4058.488
31665,4095.504
31666,4122.986
31667,3681.1575
31668,3908.3662
31669,6125.8853
31670,5408.0977
31671,15655.058
31672,5112.252
29961,3257.0508
29962,5414.338
29963,7423.102
29964,4774.4336
29965,5933.452
29966,4726.488
29967,6346.731
29968,5791.449
29969,3792.734
29970,4699.003
29971,5314.1763
29972,6707.4414
29973,5584.3535
29974,7263.777
29975,3866.0278
29976,3832.4087
29977,4045.5278
29978,7599.5513
29979,8183.0703
29980,6959.4644
29981,5927.9985
29982,3689.521
29983,4867.822
29984,3479.131
29985,6486.384
29986,8016.5522
29987,8022.1895
29988,4661.5024
29989,4092.5437
29990,3894.1687
29991,5072.078
29992,8025.274
29993,5361.4556
29994,4344.9507
29995,4073.0513
29996,5922.9404
29997,2954.3125
29998,6371.715
29999,3144.7039
30000,5585.632
30001,4932.8916
30002,4338.176
30003,6505.8022
30004,5475.4663
30005,3903.396
30006,5355.741
30007,5162.5635
30008,8362.692
30009,5008.6494
30010,6276.8535
30011,6091.845
30012,7278.188
30013,5204.392
30014,7067.188
30015,3629.288
30016,3917.0142
30017,5029.9736
30018,5335.6665
30019,7650.1826
30020,5937.0923
30021,4287.942
30022,5763.9272
30023,5483.6094
30024,7730.781
30025,3257.0942
30026,10199.755
30027,3859.576
30028,4980.5405
30029,6498.763
30030,4027.2695
30031,4874.094
30032,4673.0376
30033,5673.6846
30034,4559.6675
30035,4190.035
30036,6697.3984
30037,5927.0713
30038,4480.6147
30039,4158.7686
30040,6055.348
30041,9367.6875
30042,5242.2925
30043,4275.5537
30044,5060.427
30045,5376.6763
30046,5225.727
30047,6422.6465
30048,3333.4194
30049,6247.9253
30050,4849.0527
30051,5673.4136
30052,7465.712
30053,4113.3066
30054,4306.6587
30055,3837.2153
30056,6228.0938
30057,7021.9683
30058,4000.9788
30059,4118.658
30060,5868.219
30061,4872.379
30062,4670.9653
30063,7565.798
30064,5336.053
30065,6253.3745
30066,4448.1733
30067,4013.9304
30068,4920.2554
30069,6215.821
30070,5804.08
30071,6597.374
30072,6466.9243
30073,4425.5815
30074,7298.222
30075,4517.923
30076,5393.308
30077,7077.745
30078,5110.701
30079,8128.7573
30080,7034.6313
30081,5638.283
30082,4726.885
30083,6263.5225
30084,6042.914
30085,5106.2573
30086,3267.1582
30087,4870.0557
30088,6234.1562
30089,4849.821
30090,3888.9048
30091,6482.339
30092,5444.2505
30093,5212.783
30094,4543.785
30095,4220.586
30096,5787.0757
30097,5349.4307
30098,4710.33
30099,4452.414
30100,4692.0874
30101,5488.015
30102,3033.3186
30103,5345.4673
30104,3851.76
30105,6607.368
30106,5828.312
30107,5475.1216
30108,8897.58
30109,3756.8586
30110,4070.418
30111,8056.8413
30112,4737.56
30113,6414.9873
30114,6671.984
30115,4565.578
30116,5177.901
30117,4626.1187
30118,6403.3477
30119,8676.222
30120,5441.338
30121,2662.6665
30122,3898.8113
30123,6779.5894
30124,6827.0376
30125,4589.712
30126,5579.327
30127,3789.602
30128,4306.186
30129,2733.873
30130,4144.156
30131,4999.3223
30132,5545.4453
30133,5579.4976
30134,5166.751
30135,6926.393
30136,7007.77
30137,6086.293
30138,4134.4033
30139,7195.201
30140,7871.2627
30141,4234.014
30142,6050.2676
30143,4136.4624
30144,5693.5913
30145,2957.042
30146,5297.364
30147,3959.1138
30148,7256.852
30149,5432.4956
30150,6903.1113
30151,6712.0815
30152,4577.788
30153,6633.334
30154,14204.943
30155,7837.267
30156,4564.158
30157,2244.1978
30158,5031.3076
30159,6998.272
30160,4593.395
30161,10313.13
30162,14396.502
30163,3265.0115
30164,4096.512
30165,6890.954
30166,3690.584
30167,6906.5625
30168,4698.2275
30169,5843.693
30170,3438.5764
30171,5204.7246
30172,4805.031
30173,5621.8286
30174,6980.5654
30175,5411.3643
30176,4530.4556
30177,5825.122
30178,3959.1213
30179,4248.534
30180,6754.0303
30181,4330.593
30182,4680.6973
30183,5550.7163
30184,5050.859
30185,4587.462
30186,5951.5845
30187,5549.6626
30188,7054.635
30189,7628.884
30190,6214.4336
30191,4508.065
30192,2874.5845
30193,4984.59
30194,5414.472
30195,4846.514
30196,3789.1792
30197,6411.3657
30198,5516.1455
30199,7529.1772
30200,5419.143
30201,4103.2427
30202,4421.4546
30203,3875.6504
30204,7307.11
30205,4271.347
30206,6331.2583
30207,11448.367
30208,6133.2285
30209,5733.396
30210,4212.5176
30211,3976.7446
30212,5626.8716
30213,3445.8926
30214,4799.996
30215,7903.0234
30216,4475.0063
30217,10360.67
30218,10339.644
30219,4411.954
30220,5346.36
30221,4447.1465
30222,5268.4995
30223,4918.524
30224,8813.943
30225,5789.814
30226,6575.1104
30227,3652.036
30228,6266.445
30229,4058.5383
30230,7190.1245
30231,4925.7495
30232,4947.113
30233,5529.9795
30234,5389.112
30235,6601.8057
30236,7500.707
30237,5053.519
30238,7617.0327
30239,5612.5864
30240,6937.805
30241,4412.8594
30242,3944.3596
30243,3959.9902
30244,7232.142
30245,4812.7275
30246,6427.9966
30247,5118.029
30248,7015.849
30249,3932.484
30250,6142.1157
30251,5714.9253
30252,3230.106
30253,10170.32
30254,12873.859
30255,5340.0195
30256,5412.541
30257,6404.4473
30258,7913.6514
30259,8739.884
30260,4919.4155
30261,6266.122
30262,4595.2534
30263,6462.8423
30264,3530.5588
30265,4819.757
30266,4248.129
30267,4779.9746
30268,6300.1685
30269,4171.0728
30270,3427.0918
30271,5681.076
30272,3304.396
30273,3549.6694
30274,4722.9907
30275,5256.743
30276,7144.7383
30277,7225.8125
30278,5954.134
30279,5426.5347
30280,4909.852
30281,9149.736
30282,5567.0156
30283,4766.3296
30284,3964.6882
30285,7377.955
30286,3659.558
30287,5798.314
30288,2797.3967
30289,4153.7773
30290,5684.5293
30291,5227.407
30292,4251.6436
30293,7136.892
30294,7535.004
30295,8972.549
30296,5006.0415
30297,8145.7856
30298,2693.8823
30299,4469.7974
30300,5307.8643
30301,3301.245
30302,7080.3516
30303,4304.806
30304,4333.382
30305,6978.129
30306,8546.681
30307,6907.0366
30308,4487.801
30309,3941.4521
30310,9172.927
30311,6395.0103
30312,4950.271
30313,4362.0977
30314,5618.2583
30315,6793.001
30316,3750.4636
30317,5086.2686
30318,5817.421
30319,6459.2803
30320,10962.398
30321,4223.1113
30322,9491.303
30323,5774.8013
30324,4215.649
30325,2960.85
30326,4869.8887
30327,4685.334
30328,4617.716
30329,6220.91
30330,4212.373
30331,3931.3174
30332,5659.6094
30333,2858.5508
30334,6711.6973
30335,5213.768
30336,6139.7373
30337,7025.003
30338,3927.7676
30339,7475.0747
30340,5847.512
30341,4620.306
30342,4800.8984
30343,4334.457
30344,8224.62
30345,5324.5728
30346,4139.4897
30347,5924.539
30348,6745.8604
30349,5655.1304
30350,4442.1694
30351,6730.095
30352,5057.367
30353,5169.048
30354,4890.893
30355,7181.3174
30356,4744.85
30357,4743.6875
30358,4639.668
30359,4079.5566
30360,3375.232
30361,4416.717
30362,6616.765
30363,7138.315
30364,8579.841
30365,8362.645
30366,6536.3296
30367,5585.5146
30368,4323.4893
30369,9134.556
30370,8351.916
30371,5273.3315
30372,7046.4976
30373,6670.6094
30374,5198.1753
30375,3312.5957
30376,9059.764
30377,4948.5806
30378,5400.2314
30379,5137.03
30380,1768.0704
30381,8200.204
30382,4922.1704
30383,3976.5854
30384,4070.2393
30385,5246.284
30386,5485.2676
30387,5275.7363
30388,5893.0903
30389,4294.2944
30390,3809.4604
30391,3532.6104
30392,2474.0276
30393,5677.046
30394,13431.688
30395,4400.921
30396,4690.396
30397,5380.3906
30398,4177.44
30399,4204.661
30400,4313.973
30401,3501.3855
30402,6656.8486
30403,5672.072
30404,3185.7844
30405,6551.6343
30406,4020.905
30407,3862.747
30408,7391.1265
30409,6206.212
30410,8032.4644
30411,3748.103
30412,5425.0547
30413,4004.828
30414,3983.1646
30415,11411.641
30416,8077.3853
30417,5464.749
30418,4484.741
30419,4195.182
30420,4631.823
30421,4036.1726
30422,8119.273
30423,4275.9575
30424,4330.316
30425,5938.5024
30426,3991.5325
30427,5341.543
30428,5531.1665
30429,6178.841
30430,5310.2544
30431,3353.184
30432,4734.33
30433,4827.634
30434,6919.8623
30435,7068.4014
30436,5789.715
30437,3510.2043
30438,6394.845
30439,4901.3687
30440,3651.691
30441,5835.5493
30442,5910.925
30443,5259.753
30444,5036.7817
30445,5249.8335
30446,4863.1577
30447,4724.333
30448,5908.8955
30449,5990.1523
30450,4016.305
30451,7555.7954
30452,4927.4883
30453,3769.4517
30454,8978.036
30455,4612.917
30456,2875.805
30457,6331.5967
30458,7855.063
30459,7841.282
30460,4220.381
30461,4585.187
30462,4793.0557
30463,6155.0415
30464,5101.8076
30465,6965.7334
30466,2630.966
30467,4997.482
30468,4868.3604
30469,4332.018
30470,3766.788
30471,5885.939
30472,5555.0225
30473,4683.9893
30474,6797.538
30475,5032.9688
30476,6335.173
30477,3557.9482
30478,5107.0073
30479,4966.124
30480,6269.171
30481,6357.631
30482,3352.1318
30483,6910.1206
30484,5445.1646
30485,6176.7607
30486,4007.2275
30487,3142.6616
30488,6002.982
30489,4623.1587
30490,7255.433
30491,5249.628
30492,4634.113
30493,6360.215
30494,5216.922
30495,4020.6902
30496,6194.62
30497,4174.432
30498,6364.596
30499,8432.978
30500,6189.4346
30501,3698.4644
30502,4203.5903
30503,3420.876
30504,2649.5857
30505,6383.7476
30506,4632.4287
30507,7076.4155
30508,3458.1724
30509,5643.6636
30510,4784.3037
30511,7268.5034
30512,3843.311
30513,4407.8823
30514,4244.2246
30515,6132.1465
30516,4255.446
30517,5980.4473
30518,6382.043
30519,8042.1235
30520,6154.372
30521,6030.3677
30522,4762.43
30523,3640.2136
30524,4627.88
30525,8581.527
30526,7152.327
30527,6773.462
30528,11985.733
30529,4373.464
30530,4121.063
30531,4863.9185
30532,7052.1187
30533,7354.6006
30534,5399.0522
30535,6434.37
30536,6231.059
30537,5650.251
30538,5250.009
30539,4377.9673
30540,3634.8455
30541,4064.439
30542,3275.5125
30543,3968.3623
30544,6657.0073
30545,12069.083
30546,5190.882
30547,4282.889
30548,5527.87
30549,3149.5857
30550,5085.5166
30551,3450.3857
30552,7550.1113
30553,5239.433
30554,5024.9575
30555,10005.526
30556,9996.16
30557,5211.1377
30558,6122.912
30559,3126.2632
30560,4614.0874
30561,4446.6035
30562,7229.8247
30563,3893.4446
30564,3467.918
30565,4677.582
30566,4874.987
30567,5667.6157
30568,5456.353
30569,3259.9075
30570,5943.4663
30571,6451.8174
30572,5645.462
30573,3541.025
30574,3114.9092
30575,6178.1216
30576,4160.3203
30577,7869.3936
30578,3524.7942
30579,4330.886
30580,5394.1826
30581,4651.2866
30582,3989.1306
30583,4359.868
30584,4810.736
30585,7882.735
30586,6968.471
30587,4811.6216
30588,3257.523
30589,4753.888
30590,5332.812
30591,4244.937
30592,4970.645
30593,4768.8896
30594,9267.895
30595,5333.636
30596,4964.954
30597,6047.7173
30598,3794.7605
30599,7678.81
30600,4277.7446
30601,9831.664
30602,4962.421
30603,4283.343
30604,4135.9062
30605,3724.757
30606,6155.382
30607,14055.73
30608,3572.825
30609,4296.5273
30610,7380.0386
30611,5265.9775
30612,5556.0874
30613,6416.3213
30614,4935.1416
30615,4268.1377
30616,3586.8228
30617,7714.3037
30618,4803.5093
30619,5312.945
30620,6038.4375
30621,4051.0308
30622,6461.6094
30623,5073.786
30624,3192.2644
30625,6965.8
30626,7065.975
30627,3614.5278
30628,6239.3496
30629,5378.528
30630,4278.1606
30631,7265.204
30632,5484.614
30633,6207.171
30634,3858.9094
30635,3817.165
30636,5663.784
30637,3277.219
30638,6432.118
30639,3510.2312
30640,4952.018
30641,4153.8286
30642,4820.7773
30643,5479.7505
30644,6026.6704
30645,5364.709
30646,6886.2236
30647,4922.56
30648,6333.771
30649,5238.3486
30650,6260.9004
30651,7514.6133
30652,5746.1523
30653,2878.333
30654,5057.6084
30655,5460.6743
30656,3821.8542
30657,9559.723
30658,4326.369
30659,5320.765
30660,8088.2324
30661,5652.574
30662,3138.048
30663,7770.938
30664,7765.4106
30665,4491.677
30666,6169.3887
30667,7508.5093
30668,5014.749
30669,4575.0205
30670,5720.843
30671,4540.172
30672,4997.3867
30673,6020.93
30674,3938.1562
30675,5344.3306
30676,5840.5107
30677,5201.717
30678,5959.429
30679,5026.976
30680,5500.1943
30681,3617.1943
30682,5673.522
30683,5727.903
30684,5139.49
30685,5387.95
30686,5580.296
30687,7210.8037
30688,4795.196
30689,4215.89
30690,4664.296
30691,6344.3223
30692,5750.6377
30693,3559.313
30694,3285.4736
30695,6424.576
30696,6307.913
30697,4386.725
30698,6361.6104
30699,5318.2026
30700,5230.3203
30701,4061.8809
30702,3086.1355
30703,4987.339
30704,5301.8525
30705,4889.1533
30706,7267.2554
30707,6385.6416
30708,4327.219
30709,7067.7407
30710,3414.5608
30711,2739.698
30712,6216.8647
30713,9755.137
30714,6401.589
30715,5700.547
30716,3365.0918
30717,5555.42
30718,6630.3037
30719,4474.3193
30720,6444.646
30721,4324.908
30722,3686.2036
30723,4300.062
30724,4378.03
30725,4906.7153
30726,3662.1562
30727,3676.041
30728,3419.3948
30729,5758.9375
30730,5216.5537
30731,4010.723
30732,5335.417
30733,5438.6084
30734,4298.8643
30735,4230.554
30736,7122.217
30737,6226.1694
30738,5015.218
30739,3205.322
30740,10432.889
30741,5211.411
30742,4110.51
30743,6193.8994
30744,6463.1504
30745,5675.5464
30746,4753.267
30747,5626.034
30748,6871.7427
30749,9546.42
30750,4021.6108
30751,3442.1472
30752,4307.394
30753,5092.9146
30754,4451.3184
30755,6535.457
30756,7099.6045
30757,4858.076
30758,3597.9844
30759,5008.2524
30760,7551.4653
30761,4346.331
30762,5589.0215
30763,3380.2488
30764,5922.98
30765,6012.2188
30766,5827.556
30767,6486.0684
30768,5167.15
30769,3566.3176
30770,5107.8403
30771,6107.723
30772,6631.5054
30773,5973.0645
30774,6277.3325
30775,4796.884
30776,3701.274
30777,7519.331
30778,3625.039
30779,9109.455
30780,4807.5933
30781,3610.2068
30782,5469.8965
30783,4910.8447
30784,6117.267
30785,6253.81
30786,3313.3193
30787,3862.5222
30788,5299.0415
30789,6196.913
30790,7931.697
30791,5005.893
30792,5047.7573
30793,4804.4897
30794,5249.7583
30795,4165.8203
30796,8338.21
30797,6503.606
30798,9200.844
30799,3712.0867
30800,4964.4614
30801,7989.462
30802,6441.088
30803,4110.3843
30804,8005.725
30805,5443.648
30806,4302.9585
30807,4003.9302
30808,3996.638
30809,4281.6226
30810,4251.5464
30811,3697.0146
30812,3943.8704
30813,6257.999
30814,5441.81
30815,15666.26
30816,5078.9863
29105,3526.5732
29106,5640.0796
29107,7646.6226
29108,4537.5225
29109,6221.9604
29110,4923.603
29111,6315.2153
29112,5951.136
29113,3969.1006
29114,4826.299
29115,5737.6416
29116,6715.0654
29117,5797.0312
29118,6989.7666
29119,4121.928
29120,3994.1797
29121,4697.103
29122,8331.857
29123,8678.97
29124,7379.595
29125,6226.49
29126,3690.0596
29127,5109.946
29128,3461.6545
29129,6580.7695
29130,8521.367
29131,8158.9263
29132,4986.2974
29133,3981.9792
29134,3925.831
29135,5281.6626
29136,8492.158
29137,5756.784
29138,4701.487
29139,4436.677
29140,5936.86
29141,3040.5383
29142,6661.288
29143,3310.8992
29144,5965.253
29145,5198.825
29146,4446.663
29147,6961.3896
29148,5822.9946
29149,4023.2954
29150,5242.4272
29151,5963.114
29152,9499.68
29153,5359.4307
29154,6299.255
29155,6686.2285
29156,7693.0024
29157,5400.4067
29158,7585.871
29159,3591.527
29160,3892.171
29161,5170.2314
29162,5770.853
29163,8255.782
29164,6177.5444
29165,4434.2397
29166,6366.1445
29167,6022.941
29168,8133.5967
29169,3384.2659
29170,10302.847
29171,3927.2207
29172,5089.743
29173,7145.2153
29174,4254.1426
29175,5124.721
29176,5080.6387
29177,5977.9775
29178,4963.164
29179,4416.9863
29180,7312.6597
29181,6179.4893
29182,4719.8965
29183,4047.0486
29184,6426.329
29185,10079.8545
29186,5429.284
29187,4239.8423
29188,5513.21
29189,5513.3887
29190,5563.0186
29191,7215.0967
29192,3386.381
29193,6606.341
29194,4954.56
29195,5914.4326
29196,7481.601
29197,4419.802
29198,4776.8887
29199,4117.9546
29200,6723.833
29201,7300.7285
29202,4209.4727
29203,4321.1724
29204,6123.6304
29205,5263.271
29206,4803.7383
29207,7942.6436
29208,5538.0347
29209,6342.6943
29210,4493.3267
29211,4208.0796
29212,5401.617
29213,6398.732
29214,5993.7017
29215,7313.0225
29216,6973.99
29217,4561.0684
29218,7642.2627
29219,4541.2637
29220,5515.1562
29221,7417.5107
29222,5552.4004
29223,8472.143
29224,7857.873
29225,5995.0796
29226,5026.1562
29227,6785.153
29228,6473.3057
29229,5320.1865
29230,3345.9592
29231,4990.1465
29232,6202.336
29233,5282.4185
29234,4109.8984
29235,6736.1323
29236,5658.9565
29237,5610.3438
29238,4640.549
29239,4357.0825
29240,5781.338
29241,5761.6406
29242,4865.965
29243,4728.675
29244,4625.867
29245,5743.172
29246,3216.8616
29247,5619.2554
29248,4096.4497
29249,6968.139
29250,6034.804
29251,5777.3574
29252,9765.833
29253,3817.54
29254,4422.754
29255,8553.262
29256,4973.078
29257,7174.341
29258,7034.43
29259,5178.7256
29260,5675.8926
29261,4987.472
29262,6448.2427
29263,8742.885
29264,5613.518
29265,2825.0256
29266,4026.6394
29267,7236.4136
29268,7882.2236
29269,4815.235
29270,6003.6343
29271,3931.1562
29272,4093.145
29273,2751.005
29274,4288.6533
29275,5336.6743
29276,5760.135
29277,5780.516
29278,5446.5825
29279,7658.0747
29280,7306.859
29281,6295.8613
29282,4428.284
29283,7532.0864
29284,8380.778
29285,4431.9775
29286,6574.9473
29287,4444.123
29288,6008.435
29289,3220.2358
29290,5305.1006
29291,4257.9307
29292,7316.6714
29293,5911.06
29294,7380.1016
29295,6701.5967
29296,4820.745
29297,6970.2793
29298,14585.789
29299,8356.354
29300,4397.09
29301,2567.617
29302,5718.9985
29303,7358.6284
29304,5080.532
29305,10430.112
29306,15358.262
29307,3618.516
29308,4100.6875
29309,7481.373
29310,3873.1965
29311,7140.8955
29312,4857.7056
29313,6150.628
29314,3876.5527
29315,5615.478
29316,5011.0864
29317,5857.1914
29318,7822.98
29319,5699.329
29320,4979.562
29321,6158.524
29322,4196.627
29323,4723.9727
29324,7163.4897
29325,4840.037
29326,4958.1343
29327,5805.8076
29328,5069.853
29329,4783.51
29330,5960.487
29331,5751.323
29332,7550.378
29333,7714.716
29334,6501.6895
29335,4591.148
29336,3206.7566
29337,5362.489
29338,5653.718
29339,5010.14
29340,3781.149
29341,6717.346
29342,5763.1797
29343,7903.3174
29344,5453.861
29345,4483.3296
29346,4469.3584
29347,4051.4907
29348,7715.8047
29349,4555.872
29350,6857.8423
29351,11333.015
29352,6607.954
29353,5622.0806
29354,4581.5103
29355,4107.9463
29356,6085.329
29357,3497.126
29358,4720.6978
29359,7971.894
29360,4894.1084
29361,10562.879
29362,10247.456
29363,4672.8457
29364,5531.52
29365,4563.758
29366,5548.2866
29367,5182.8223
29368,9689.005
29369,6326.411
29370,6672.162
29371,3755.9448
29372,6412.3076
29373,4448.432
29374,7790.24
29375,5733.3525
29376,5274.287
29377,5789.483
29378,5662.628
29379,7166.2505
29380,7264.248
29381,5531.9844
29382,8078.949
29383,5787.5503
29384,7033.37
29385,4495.6245
29386,4148.0044
29387,4268.04
29388,7548.9883
29389,5152.0264
29390,6911.94
29391,5540.275
29392,7841.6934
29393,4196.3066
29394,6644.295
29395,5668.264
29396,3326.431
29397,10902.85
29398,13216.134
29399,5956.861
29400,6022.998
29401,6759.8438
29402,8363.092
29403,8931.198
29404,5198.0815
29405,6374.779
29406,5069.06
29407,7069.9927
29408,3581.3113
29409,4885.787
29410,4677.5376
29411,4932.346
29412,6631.898
29413,4037.9827
29414,3495.2017
29415,5955.037
29416,3436.7695
29417,3715.9307
29418,4803.1704
29419,5555.4307
29420,7576.088
29421,7976.7007
29422,6037.09
29423,5681.9272
29424,5226.465
29425,9185.385
29426,5535.7954
29427,5247.35
29428,4182.081
29429,8475.376
29430,3817.4453
29431,6491.2114
29432,2844.538
29433,4098.709
29434,6075.3193
29435,5618.023
29436,4619.5923
29437,7595.4785
29438,8076.8076
29439,8857.074
29440,5092.322
29441,9063.056
29442,2723.3796
29443,4756.909
29444,6112.601
29445,3487.5513
29446,7526.356
29447,4379.3247
29448,4470.42
29449,7257.0527
29450,8677.032
29451,7327.105
29452,4782.661
29453,3990.0059
29454,9232.155
29455,7074.951
29456,4918.3926
29457,4726.037
29458,6124.7812
29459,7083.06
29460,4025.7139
29461,5005.1436
29462,6257.748
29463,6814.4683
29464,11223.576
29465,4801.347
29466,10011.158
29467,6107.8394
29468,4552.679
29469,2995.4976
29470,5015.5146
29471,5029.916
29472,4758.5796
29473,6920.648
29474,4668.5107
29475,3947.1826
29476,6216.7163
29477,3026.6328
29478,7091.4966
29479,5622.4775
29480,6493.0938
29481,7657.563
29482,4220.1475
29483,7837.08
29484,6083.4316
29485,4871.998
29486,5331.7896
29487,4276.6143
29488,8479.523
29489,5536.344
29490,4311.0483
29491,6210.298
29492,7225.399
29493,6247.2876
29494,4554.052
29495,7108.3994
29496,5048.114
29497,5549.594
29498,5208.4844
29499,8271.996
29500,4885.214
29501,4941.548
29502,4952.8164
29503,4567.669
29504,3546.877
29505,4883.597
29506,7211.003
29507,7202.088
29508,9264.457
29509,9010.893
29510,6757.5103
29511,5654.537
29512,4360.762
29513,9248.795
29514,8689.389
29515,5781.933
29516,7318.884
29517,7283.841
29518,5380.632
29519,3225.3518
29520,9479.234
29521,5136.731
29522,5551.4736
29523,5189.1987
29524,1811.8751
29525,8722.337
29526,5206.532
29527,4118.3906
29528,4211.75
29529,5709.771
29530,5618.13
29531,5594.259
29532,6411.4697
29533,4394.976
29534,3987.4224
29535,3511.3164
29536,2557.276
29537,6000.589
29538,13855.444
29539,4461.6655
29540,5192.432
29541,5523.4214
29542,4488.344
29543,4252.244
29544,4604.845
29545,3500.0564
29546,7259.9673
29547,6143.1587
29548,3252.6912
29549,6761.959
29550,4087.3198
29551,3897.7664
29552,7962.9497
29553,6870.0454
29554,8166.891
29555,3797.3171
29556,5557.1055
29557,4108.056
29558,4183.7764
29559,11528.838
29560,8453.448
29561,5800.0454
29562,4393.3413
29563,4452.5757
29564,4884.8037
29565,3931.19
29566,7940.8027
29567,4378.6064
29568,4401.836
29569,6403.128
29570,4254.922
29571,5381.201
29572,5607.4976
29573,6608.61
29574,5897.971
29575,3470.3635
29576,4954.551
29577,5301.7314
29578,7055.684
29579,7630.0264
29580,5961.6353
29581,3437.3464
29582,6690.892
29583,5209.791
29584,3691.9468
29585,5982.056
29586,6174.369
29587,5432.128
29588,5415.9136
29589,5279.819
29590,5152.827
29591,4947.901
29592,6178.169
29593,6912.889
29594,4282.1006
29595,7720.752
29596,5390.171
29597,4000.2957
29598,9393.562
29599,4755.258
29600,2911.218
29601,6669.8774
29602,8042.1694
29603,8268.509
29604,4438.7764
29605,5020.368
29606,5080.498
29607,6724.808
29608,5530.6704
29609,7382.51
29610,2783.9067
29611,5290.8193
29612,5050.3774
29613,4373.017
29614,3972.036
29615,6114.012
29616,5967.8877
29617,4869.9766
29618,6822.507
29619,5225.2236
29620,6596.94
29621,4008.3745
29622,5333.402
29623,5109.629
29624,6455.277
29625,7171.536
29626,3249.1714
29627,7202.7954
29628,5644.4497
29629,6335.4873
29630,4331.357
29631,3155.2334
29632,6861.7417
29633,4846.519
29634,7661.4863
29635,5544.504
29636,4775.1943
29637,7107.979
29638,5248.6167
29639,4255.762
29640,6883.295
29641,4221.005
29642,6590.3867
29643,8952.17
29644,6369.491
29645,3741.4194
29646,4309.2104
29647,3578.7534
29648,2822.6953
29649,6671.551
29650,5297.222
29651,7400.6426
29652,3892.1895
29653,6007.381
29654,4854.3057
29655,7641.519
29656,4166.305
29657,4792.836
29658,4488.336
29659,6260.4585
29660,4674.8076
29661,6180.7153
29662,6567.2446
29663,8292.756
29664,6617.516
29665,6382.0796
29666,5194.7407
29667,3799.9153
29668,4988.771
29669,9425.098
29670,7836.8784
29671,6829.219
29672,12228.681
29673,4329.04
29674,4220.8315
29675,4944.117
29676,7419.549
29677,7740.904
29678,5915.5723
29679,6700.804
29680,6798.1475
29681,5962.0674
29682,5593.128
29683,4750.511
29684,3669.5244
29685,4418.246
29686,3340.1677
29687,4136.7583
29688,7148.426
29689,12752.996
29690,5389.2505
29691,4288.4897
29692,5801.6
29693,3312.956
29694,5453.054
29695,3417.0078
29696,7639.77
29697,5807.79
29698,5175.294
29699,10391.963
29700,10511.093
29701,5240.7676
29702,6259.7896
29703,3364.9666
29704,4745.805
29705,4517.38
29706,7615.1006
29707,4114.3545
29708,3689.1267
29709,4713.62
29710,5043.6855
29711,5951.193
29712,6030.356
29713,3261.9636
29714,6504.6357
29715,6869.351
29716,6004.2188
29717,3823.4111
29718,3388.3167
29719,6360.4634
29720,4553.0093
29721,8409.869
29722,3740.074
29723,4795.493
29724,5569.198
29725,5056.2964
29726,4216.132
29727,4682.0596
29728,4815.6025
29729,8415.173
29730,7503.734
29731,5057.811
29732,3345.4678
29733,4836.299
29734,5443.5283
29735,4435.8345
29736,5186.982
29737,4857.9326
29738,9598.946
29739,5834.041
29740,5151.7266
29741,6208.7876
29742,3973.063
29743,7957.5967
29744,4388.571
29745,10110.425
29746,5309.591
29747,4552.775
29748,4624.7993
29749,3966.4397
29750,6222.821
29751,14955.948
29752,3739.7922
29753,4737.6367
29754,7796.7817
29755,5741.1616
29756,6000.9663
29757,6849.2915
29758,5216.5537
29759,4692.7188
29760,3742.6045
29761,7977.8647
29762,4957.004
29763,5460.289
29764,6793.2603
29765,4098.005
29766,7026.3765
29767,5578.1885
29768,3370.7947
29769,7026.9595
29770,7388.18
29771,3644.9983
29772,6697.66
29773,5919.2637
29774,4406.188
29775,7712.6777
29776,6096.0537
29777,6596.3047
29778,4116.816
29779,3968.1465
29780,5528.872
29781,3460.238
29782,6459.545
29783,3555.2883
29784,5295.545
29785,4328.057
29786,5091.001
29787,5691.2563
29788,6250.6016
29789,5726.133
29790,7468.682
29791,5168.1357
29792,6670.641
29793,5331.3267
29794,6715.7827
29795,7664.6587
29796,6009.5015
29797,3315.3462
29798,5066.174
29799,5465.75
29800,3999.563
29801,10075.097
29802,4649.472
29803,5489.586
29804,8433.71
29805,6141.395
29806,3266.722
29807,7949.5405
29808,8007.993
29809,4780.663
29810,6708.702
29811,7787.3506
29812,5646.55
29813,4694.496
29814,6026.515
29815,4583.355
29816,5235.4663
29817,6707.115
29818,3983.9778
29819,5853.159
29820,6684.596
29821,5497.2466
29822,6241.016
29823,4995.5234
29824,5761.415
29825,3478.9119
29826,6068.572
29827,6090.7876
29828,5145.5977
29829,5578.2686
29830,6133.369
29831,7198.009
29832,5180.3066
29833,4264.434
29834,5111.1255
29835,6631.6953
29836,6060.3755
29837,3669.7065
29838,3371.4185
29839,6574.916
29840,6658.201
29841,4679.943
29842,6881.706
29843,5535.5786
29844,5387.698
29845,4589.1074
29846,3036.1646
29847,5348.946
29848,5812.706
29849,5321.3335
29850,7572.909
29851,6567.6143
29852,4374.473
29853,7262.419
29854,3471.6748
29855,2603.1423
29856,6632.904
29857,9886.363
29858,6753.7856
29859,5874.441
29860,3347.2842
29861,5719.7188
29862,6807.1147
29863,4867.1484
29864,6901.729
29865,4478.2773
29866,3771.0593
29867,4431.804
29868,4891.7563
29869,5085.6084
29870,3819.1646
29871,3915.0007
29872,3631.5217
29873,5988.987
29874,5679.9546
29875,4546.6987
29876,5371.919
29877,6108.824
29878,4429.5938
29879,4352.177
29880,7417.6807
29881,6499.891
29882,5460.732
29883,3246.1104
29884,10771.818
29885,5486.3613
29886,4265.785
29887,6665.9663
29888,6773.4165
29889,5827.145
29890,5006.5474
29891,5799.459
29892,7868.1475
29893,10067.134
29894,4136.3794
29895,3773.2578
29896,4732.8037
29897,5243.6025
29898,5148.5923
29899,7238.381
29900,7368.82
29901,5072.789
29902,3640.2065
29903,5281.9346
29904,7623.7266
29905,4613.7134
29906,5834.464
29907,3467.478
29908,6181.5405
29909,6176.5605
29910,6188.431
29911,6738.6
29912,5185.646
29913,3804.5251
29914,5238.2637
29915,6607.879
29916,7003.8677
29917,6509.1045
29918,6683.0596
29919,5043.5557
29920,3795.9011
29921,7787.8037
29922,3705.2588
29923,9515.204
29924,5195.3154
29925,3904.0251
29926,5713.1157
29927,4816.9487
29928,6363.2
29929,6789.296
29930,3340.2188
29931,4044.2583
29932,5620.467
29933,6623.5405
29934,8084.191
29935,5366.1367
29936,5015.773
29937,4503.8955
29938,5495.983
29939,4237.8164
29940,8961.422
29941,6869.0625
29942,9598.891
29943,4128.224
29944,5056.576
29945,8252.247
29946,6594.5117
29947,4168.014
29948,8184.7876
29949,5644.6436
29950,4574.117
29951,4279.4546
29952,4333.614
29953,4296.966
29954,4471.5757
29955,3934.3562
29956,3993.372
29957,6650.9146
29958,5444.214
29959,16200.3545
29960,5467.8413
28249,3844.2607
28250,3999.0405
28251,6081.9346
28252,3133.199
28253,6086.734
28254,4499.2407
28255,5323.593
28256,5837.637
28257,0.0
28258,3147.15
28259,5501.7524
28260,5607.84
28261,4296.8145
28262,0.0
28263,4772.462
28264,0.0
28265,4197.276
28266,7335.1045
28267,8282.156
28268,7015.006
28269,6821.8364
28270,3800.3828
28271,5146.275
28272,0.0
28273,7549.3555
28274,7478.7544
28275,0.0
28276,5936.56
28277,2933.0764
28278,4442.483
28279,0.0
28280,7997.62
28281,4132.1167
28282,5230.859
28283,0.0
28284,5549.0327
28285,2532.4697
28286,7283.8896
28287,3712.1646
28288,0.0
28289,0.0
28290,3380.8325
28291,7658.33
28292,2866.637
28293,4469.3286
28294,3720.7227
28295,7001.5234
28296,9681.91
28297,5837.559
28298,5279.1494
28299,7666.647
28300,7312.534
28301,5492.692
28302,6501.051
28303,2211.1038
28304,2482.3406
28305,4545.3936
28306,5780.0254
28307,6584.323
28308,7060.639
28309,3919.3577
28310,7623.4795
28311,0.0
28312,5835.8887
28313,2918.0193
28314,10064.618
28315,3469.4666
28316,0.0
28317,7014.9795
28318,4136.21
28319,5655.05
28320,2756.7034
28321,5281.602
28322,5050.3965
28323,0.0
28324,0.0
28325,6572.1763
28326,4242.2207
28327,3372.168
28328,7026.8726
28329,0.0
28330,5074.865
28331,2941.598
28332,6077.858
28333,5366.69
28334,0.0
28335,0.0
28336,2164.0725
28337,7186.71
28338,4377.003
28339,5332.308
28340,7453.993
28341,2636.8208
28342,4295.9536
28343,3376.401
28344,7173.116
28345,0.0
28346,3830.8003
28347,4376.26
28348,0.0
28349,5563.2256
28350,0.0
28351,0.0
28352,0.0
28353,5684.296
28354,4100.848
28355,3106.357
28356,5224.79
28357,0.0
28358,0.0
28359,7010.177
28360,7346.1177
28361,0.0
28362,7502.9395
28363,3104.4697
28364,3500.377
28365,7478.9473
28366,4019.9617
28367,7305.382
28368,8992.228
28369,4341.504
28370,4622.1577
28371,6880.9316
28372,6947.99
28373,2856.577
28374,0.0
28375,5125.088
28376,4649.512
28377,5234.7173
28378,3589.0784
28379,5349.2266
28380,0.0
28381,0.0
28382,5287.0156
28383,2686.9778
28384,5988.73
28385,6471.367
28386,2379.517
28387,4885.708
28388,0.0
28389,5204.7593
28390,0.0
28391,4461.972
28392,4483.372
28393,6762.778
28394,0.0
28395,0.0
28396,0.0
28397,4065.804
28398,4427.722
28399,9276.234
28400,4686.514
28401,7394.3276
28402,6623.787
28403,5156.4707
28404,6070.1406
28405,0.0
28406,4798.5312
28407,7815.2686
28408,5030.8564
28409,2929.2175
28410,3288.4495
28411,6986.4136
28412,8752.422
28413,0.0
28414,6316.372
28415,4196.359
28416,0.0
28417,1715.9441
28418,3593.587
28419,5165.573
28420,6391.1562
28421,5043.2285
28422,4244.184
28423,7940.341
28424,7486.1553
28425,6554.7407
28426,0.0
28427,7501.9165
28428,8451.095
28429,3505.7637
28430,5816.2666
28431,4996.667
28432,6158.9995
28433,2762.142
28434,3717.7957
28435,4678.1533
28436,8052.9155
28437,5541.385
28438,7382.5024
28439,6482.623
28440,4284.691
28441,7358.895
28442,15561.914
28443,8569.65
28444,3756.1455
28445,3278.3884
28446,6382.25
28447,7801.4756
28448,0.0
28449,8633.758
28450,14400.842
28451,0.0
28452,2694.43
28453,8599.273
28454,3133.8118
28455,6324.0703
28456,3231.0398
28457,5549.5303
28458,3639.8872
28459,0.0
28460,0.0
28461,4883.397
28462,7051.177
28463,5685.3857
28464,5211.933
28465,0.0
28466,0.0
28467,5511.3594
28468,0.0
28469,0.0
28470,5511.3066
28471,4251.9033
28472,3323.9788
28473,4990.951
28474,4840.1616
28475,4751.0957
28476,0.0
28477,8218.331
28478,7224.6685
28479,4091.1738
28480,3480.4854
28481,4501.928
28482,5096.4087
28483,5827.617
28484,0.0
28485,6229.1514
28486,5471.5713
28487,7383.4883
28488,5152.218
28489,4098.638
28490,3241.8118
28491,2416.3594
28492,7824.0547
28493,0.0
28494,5749.2446
28495,11323.043
28496,7269.876
28497,4340.7046
28498,5208.539
28499,2433.5166
28500,4260.5757
28501,4031.9858
28502,3574.8806
28503,7555.6367
28504,4400.3833
28505,7893.765
28506,9925.393
28507,5583.922
28508,5459.862
28509,4195.6025
28510,4956.3613
28511,4952.9062
28512,0.0
28513,5760.3
28514,6202.1167
28515,0.0
28516,5459.3
28517,4921.049
28518,0.0
28519,6016.642
28520,5172.027
28521,6279.5723
28522,4497.9663
28523,8236.897
28524,6262.8115
28525,6158.8584
28526,8256.121
28527,6557.8115
28528,7712.6777
28529,3281.7334
28530,0.0
28531,4240.4893
28532,8279.558
28533,6115.365
28534,7019.865
28535,6049.4946
28536,7509.4546
28537,4390.715
28538,6336.472
28539,5740.6084
28540,2833.3848
28541,11615.622
28542,13847.848
28543,0.0
28544,5955.73
28545,6696.715
28546,7966.5806
28547,7554.4624
28548,3078.8455
28549,4405.751
28550,5046.939
28551,7342.7554
28552,2425.3115
28553,4511.3774
28554,5132.793
28555,0.0
28556,4945.4995
28557,2775.05
28558,2981.8748
28559,6808.816
28560,0.0
28561,4398.583
28562,4974.5396
28563,4925.3926
28564,8147.1143
28565,0.0
28566,0.0
28567,6644.4346
28568,5693.3306
28569,9281.739
28570,4573.415
28571,3211.5386
28572,0.0
28573,10556.454
28574,3786.1296
28575,6900.8203
28576,2010.7303
28577,3701.468
28578,3867.3374
28579,0.0
28580,0.0
28581,0.0
28582,8097.0703
28583,7206.9116
28584,4093.0747
28585,0.0
28586,1869.5629
28587,3643.8823
28588,6654.233
28589,4568.78
28590,9472.718
28591,2649.4468
28592,4839.04
28593,5226.281
28594,7252.133
28595,8511.644
28596,4697.9453
28597,2749.567
28598,9072.215
28599,8428.057
28600,4547.1978
28601,0.0
28602,8033.7363
28603,5666.1455
28604,4779.879
28605,3742.1938
28606,6833.083
28607,4134.5767
28608,12025.042
28609,6551.297
28610,11549.66
28611,0.0
28612,4330.779
28613,2082.7905
28614,5466.699
28615,0.0
28616,4708.111
28617,8300.503
28618,0.0
28619,2604.4216
28620,6772.2476
28621,3113.477
28622,0.0
28623,6595.9585
28624,3823.043
28625,7910.829
28626,4427.3
28627,6733.4985
28628,0.0
28629,5525.9985
28630,0.0
28631,0.0
28632,8553.286
28633,5564.7964
28634,3666.4033
28635,5024.9194
28636,7215.764
28637,5757.652
28638,3550.2148
28639,5195.1123
28640,5203.2754
28641,6238.284
28642,0.0
28643,8851.078
28644,4518.9014
28645,3836.1943
28646,4199.494
28647,4937.656
28648,3071.7048
28649,5013.95
28650,5689.4546
28651,6702.709
28652,10074.434
28653,8358.06
28654,6677.6626
28655,4951.0312
28656,3964.9531
28657,9255.555
28658,7261.8164
28659,5466.5947
28660,5328.002
28661,5412.2417
28662,4773.9507
28663,2329.619
28664,0.0
28665,0.0
28666,5441.618
28667,0.0
28668,1376.1111
28669,7707.192
28670,0.0
28671,4112.9536
28672,3827.9695
28673,6331.554
28674,4949.8647
28675,3845.8196
28676,8559.693
28677,4136.8213
28678,0.0
28679,3350.6323
28680,2259.8765
28681,4637.027
28682,12284.558
28683,4596.7266
28684,5375.5684
28685,5010.0205
28686,3595.9119
28687,3127.2
28688,5630.9844
28689,2670.1274
28690,0.0
28691,5958.338
28692,0.0
28693,7505.244
28694,2029.9164
28695,3485.0037
28696,8235.122
28697,7485.67
28698,8181.3535
28699,2230.3977
28700,4930.0693
28701,4029.233
28702,3418.8337
28703,14179.239
28704,0.0
28705,4880.901
28706,3260.1997
28707,5122.092
28708,3979.348
28709,2393.406
28710,7304.455
28711,4202.8525
28712,0.0
28713,6830.796
28714,4323.543
28715,4786.8506
28716,5605.551
28717,0.0
28718,6366.278
28719,2536.5032
28720,0.0
28721,4960.301
28722,7655.92
28723,5693.8413
28724,6959.564
28725,0.0
28726,0.0
28727,4653.6567
28728,2742.211
28729,3810.9106
28730,4345.958
28731,4592.633
28732,6522.964
28733,3715.8918
28734,0.0
28735,4623.7896
28736,7122.747
28737,0.0
28738,3893.9312
28739,0.0
28740,0.0
28741,2365.49
28742,9831.533
28743,3490.1372
28744,3238.4148
28745,5919.6025
28746,0.0
28747,9431.194
28748,0.0
28749,4537.397
28750,0.0
28751,6915.7646
28752,4493.665
28753,8089.621
28754,2824.3682
28755,4795.8086
28756,3750.467
28757,3124.4297
28758,0.0
28759,6959.285
28760,5836.0894
28761,5211.7593
28762,4764.579
28763,6989.6797
28764,7141.0728
28765,0.0
28766,0.0
28767,0.0
28768,6244.8984
28769,5375.476
28770,1934.4796
28771,5950.4434
28772,0.0
28773,6110.9224
28774,5317.898
28775,2677.9006
28776,0.0
28777,2892.0981
28778,8506.628
28779,5061.735
28780,4588.118
28781,7838.7993
28782,3772.6208
28783,3910.4734
28784,0.0
28785,2496.6362
28786,5900.6836
28787,8744.244
28788,6720.4155
28789,2441.7144
28790,0.0
28791,0.0
28792,2174.2593
28793,5002.0557
28794,0.0
28795,4819.352
28796,0.0
28797,3804.1333
28798,0.0
28799,8792.969
28800,4551.611
28801,0.0
28802,3973.3699
28803,5553.571
28804,0.0
28805,5959.577
28806,7292.0293
28807,8301.295
28808,7224.0347
28809,5418.0576
28810,5068.7505
28811,2652.6108
28812,5455.0522
28813,8037.9365
28814,6746.6455
28815,6285.5586
28816,11641.875
28817,2902.981
28818,0.0
28819,4399.6025
28820,7834.838
28821,0.0
28822,6839.8384
28823,6665.0317
28824,7159.227
28825,0.0
28826,5819.7183
28827,4936.657
28828,2101.998
28829,0.0
28830,3158.1604
28831,2996.5496
28832,6851.5195
28833,15133.829
28834,5220.8647
28835,2974.8765
28836,4507.7383
28837,3706.687
28838,5381.1396
28839,2031.9065
28840,6082.985
28841,0.0
28842,3423.0664
28843,9995.102
28844,10451.403
28845,4000.662
28846,0.0
28847,3570.1301
28848,3907.259
28849,3739.496
28850,0.0
28851,3743.2363
28852,4044.5093
28853,0.0
28854,5088.4717
28855,4639.6104
28856,7181.6255
28857,2833.866
28858,7490.7124
28859,6358.862
28860,4856.598
28861,3704.711
28862,3618.5747
28863,4394.771
28864,0.0
28865,8651.324
28866,4187.486
28867,3796.5383
28868,6023.785
28869,4639.7744
28870,0.0
28871,0.0
28872,0.0
28873,8925.501
28874,6611.195
28875,5737.499
28876,3118.2034
28877,4480.3496
28878,0.0
28879,3718.9485
28880,4482.6924
28881,4835.4224
28882,0.0
28883,6583.783
28884,4244.739
28885,5713.067
28886,0.0
28887,6461.5293
28888,4973.2773
28889,8443.175
28890,6455.4985
28891,4687.2163
28892,3818.1956
28893,2138.651
28894,4159.7407
28895,0.0
28896,2068.5945
28897,4854.676
28898,5763.7456
28899,6892.913
28900,5284.2427
28901,7352.77
28902,5214.5835
28903,0.0
28904,2610.6108
28905,7700.564
28906,4121.94
28907,5663.865
28908,8281.374
28909,0.0
28910,0.0
28911,5996.7036
28912,3115.3252
28913,5600.821
28914,6089.1265
28915,2555.9368
28916,7890.8594
28917,6041.306
28918,4237.7437
28919,8605.197
28920,7353.4224
28921,6148.7686
28922,4203.422
28923,3748.8325
28924,4960.315
28925,0.0
28926,5650.3105
28927,2363.9153
28928,5417.753
28929,2838.2979
28930,0.0
28931,5416.394
28932,4711.4355
28933,5051.8325
28934,8142.2046
28935,0.0
28936,7325.1416
28937,0.0
28938,5668.9023
28939,7974.9434
28940,6509.576
28941,3865.8508
28942,0.0
28943,4931.8804
28944,0.0
28945,0.0
28946,0.0
28947,5233.7686
28948,7746.517
28949,6565.2715
28950,2125.1567
28951,0.0
28952,7381.707
28953,5699.3345
28954,6939.261
28955,6259.145
28956,0.0
28957,5006.691
28958,4042.2566
28959,0.0
28960,0.0
28961,7271.2075
28962,2533.845
28963,7115.563
28964,6616.847
28965,4909.0933
28966,6792.321
28967,4467.4487
28968,6713.676
28969,2695.268
28970,3192.7092
28971,4699.72
28972,3456.3289
28973,5595.6196
28974,6594.864
28975,7330.0337
28976,5867.4805
28977,0.0
28978,5813.166
28979,6886.8477
28980,7111.207
28981,2459.976
28982,2576.7825
28983,7864.8613
28984,5660.5273
28985,3772.0847
28986,7004.9565
28987,0.0
28988,5906.8555
28989,4565.404
28990,1854.2487
28991,5806.771
28992,5698.204
28993,4645.292
28994,7793.7036
28995,6352.939
28996,3464.3865
28997,5338.3184
28998,2942.9397
28999,1163.5134
29000,5955.3154
29001,0.0
29002,5295.1714
29003,4381.8447
29004,2533.2527
29005,4901.1675
29006,7156.237
29007,5793.079
29008,8074.9897
29009,3892.6238
29010,3709.3008
29011,0.0
29012,5693.6836
29013,3422.6812
29014,2363.277
29015,3928.9705
29016,3602.4146
29017,0.0
29018,4290.9697
29019,0.0
29020,5122.9424
29021,6724.603
29022,4633.8164
29023,0.0
29024,8703.274
29025,7055.886
29026,0.0
29027,1997.088
29028,5733.883
29029,4873.978
29030,3842.2114
29031,5552.1353
29032,8283.965
29033,5893.3037
29034,5830.6084
29035,5589.4478
29036,6961.974
29037,6432.879
29038,3193.7783
29039,3488.3599
29040,4766.625
29041,5458.477
29042,0.0
29043,8547.741
29044,6562.4854
29045,0.0
29046,2644.3079
29047,6135.815
29048,6191.4424
29049,3638.9116
29050,5982.8037
29051,0.0
29052,6179.6895
29053,5446.5513
29054,5200.0205
29055,5919.1055
29056,3742.9507
29057,4329.94
29058,5981.6963
29059,5090.3164
29060,7787.6626
29061,5187.9766
29062,7816.0215
29063,5003.2866
29064,3399.9924
29065,7580.8296
29066,0.0
29067,9640.251
29068,0.0
29069,4402.672
29070,6478.494
29071,4242.3867
29072,4387.495
29073,5358.4185
29074,2789.6653
29075,2839.2646
29076,5581.712
29077,5329.059
29078,0.0
29079,5699.5303
29080,4998.5977
29081,3696.909
29082,5438.136
29083,3016.302
29084,9264.439
29085,6256.4707
29086,0.0
29087,0.0
29088,4721.1304
29089,7008.78
29090,6583.7456
29091,2907.6929
29092,7464.523
29093,0.0
29094,5023.2563
29095,0.0
29096,4851.579
29097,2739.0786
29098,3051.086
29099,0.0
29100,2627.7551
29101,6862.265
29102,5500.2573
29103,18340.004
29104,6464.174
27393,0.0
27394,0.0
27395,0.0
27396,0.0
27397,0.0
27398,0.0
27399,0.0
27400,0.0
27401,0.0
27402,0.0
27403,0.0
27404,0.0
27405,0.0
27406,0.0
27407,0.0
27408,0.0
27409,0.0
27410,0.0
27411,0.0
27412,0.0
27413,0.0
27414,0.0
27415,0.0
27416,0.0
27417,0.0
27418,0.0
27419,0.0
27420,0.0
27421,0.0
27422,0.0
27423,0.0
27424,0.0
27425,0.0
27426,0.0
27427,0.0
27428,0.0
27429,0.0
27430,0.0
27431,0.0
27432,0.0
27433,0.0
27434,0.0
27435,0.0
27436,0.0
27437,0.0
27438,0.0
27439,0.0
27440,0.0
27441,0.0
27442,0.0
27443,0.0
27444,0.0
27445,0.0
27446,0.0
27447,0.0
27448,0.0
27449,0.0
27450,0.0
27451,0.0
27452,0.0
27453,0.0
27454,0.0
27455,0.0
27456,0.0
27457,0.0
27458,0.0
27459,0.0
27460,0.0
27461,0.0
27462,0.0
27463,0.0
27464,0.0
27465,0.0
27466,0.0
27467,0.0
27468,0.0
27469,0.0
27470,0.0
27471,0.0
27472,0.0
27473,0.0
27474,0.0
27475,0.0
27476,0.0
27477,0.0
27478,0.0
27479,0.0
27480,0.0
27481,0.0
27482,0.0
27483,0.0
27484,4264.7515
27485,0.0
27486,0.0
27487,0.0
27488,0.0
27489,0.0
27490,0.0
27491,0.0
27492,0.0
27493,0.0
27494,0.0
27495,0.0
27496,0.0
27497,0.0
27498,0.0
27499,0.0
27500,0.0
27501,0.0
27502,0.0
27503,0.0
27504,0.0
27505,0.0
27506,0.0
27507,0.0
27508,0.0
27509,0.0
27510,0.0
27511,0.0
27512,0.0
27513,0.0
27514,0.0
27515,0.0
27516,0.0
27517,0.0
27518,0.0
27519,0.0
27520,0.0
27521,0.0
27522,0.0
27523,0.0
27524,0.0
27525,0.0
27526,0.0
27527,0.0
27528,0.0
27529,0.0
27530,0.0
27531,0.0
27532,0.0
27533,0.0
27534,0.0
27535,0.0
27536,0.0
27537,0.0
27538,0.0
27539,0.0
27540,0.0
27541,0.0
27542,0.0
27543,0.0
27544,0.0
27545,0.0
27546,0.0
27547,0.0
27548,0.0
27549,0.0
27550,0.0
27551,0.0
27552,2372.2612
27553,0.0
27554,0.0
27555,0.0
27556,0.0
27557,0.0
27558,0.0
27559,0.0
27560,0.0
27561,0.0
27562,0.0
27563,0.0
27564,0.0
27565,0.0
27566,0.0
27567,0.0
27568,0.0
27569,0.0
27570,0.0
27571,0.0
27572,0.0
27573,0.0
27574,0.0
27575,0.0
27576,0.0
27577,0.0
27578,0.0
27579,0.0
27580,0.0
27581,0.0
27582,0.0
27583,0.0
27584,0.0
27585,0.0
27586,0.0
27587,0.0
27588,0.0
27589,0.0
27590,0.0
27591,0.0
27592,0.0
27593,13782.021
27594,20504.447
27595,0.0
27596,0.0
27597,0.0
27598,0.0
27599,0.0
27600,0.0
27601,0.0
27602,6308.232
27603,0.0
27604,0.0
27605,0.0
27606,0.0
27607,0.0
27608,0.0
27609,0.0
27610,0.0
27611,0.0
27612,0.0
27613,0.0
27614,0.0
27615,0.0
27616,0.0
27617,0.0
27618,0.0
27619,0.0
27620,0.0
27621,4854.5044
27622,0.0
27623,0.0
27624,0.0
27625,0.0
27626,0.0
27627,0.0
27628,0.0
27629,0.0
27630,0.0
27631,2906.8638
27632,0.0
27633,0.0
27634,0.0
27635,0.0
27636,0.0
27637,0.0
27638,0.0
27639,0.0
27640,0.0
27641,0.0
27642,0.0
27643,0.0
27644,0.0
27645,0.0
27646,0.0
27647,0.0
27648,0.0
27649,8276.226
27650,0.0
27651,0.0
27652,0.0
27653,0.0
27654,0.0
27655,0.0
27656,0.0
27657,0.0
27658,0.0
27659,0.0
27660,0.0
27661,0.0
27662,0.0
27663,0.0
27664,0.0
27665,0.0
27666,8010.598
27667,0.0
27668,0.0
27669,0.0
27670,0.0
27671,0.0
27672,0.0
27673,0.0
27674,0.0
27675,0.0
27676,0.0
27677,0.0
27678,0.0
27679,0.0
27680,0.0
27681,0.0
27682,0.0
27683,0.0
27684,0.0
27685,0.0
27686,0.0
27687,0.0
27688,0.0
27689,0.0
27690,0.0
27691,0.0
27692,0.0
27693,0.0
27694,0.0
27695,0.0
27696,0.0
27697,0.0
27698,0.0
27699,0.0
27700,0.0
27701,0.0
27702,0.0
27703,0.0
27704,0.0
27705,0.0
27706,0.0
27707,0.0
27708,0.0
27709,0.0
27710,0.0
27711,0.0
27712,0.0
27713,0.0
27714,0.0
27715,0.0
27716,0.0
27717,0.0
27718,0.0
27719,0.0
27720,0.0
27721,0.0
27722,0.0
27723,0.0
27724,0.0
27725,0.0
27726,0.0
27727,0.0
27728,1703.3368
27729,0.0
27730,0.0
27731,0.0
27732,0.0
27733,0.0
27734,0.0
27735,0.0
27736,0.0
27737,0.0
27738,0.0
27739,0.0
27740,0.0
27741,0.0
27742,4788.577
27743,0.0
27744,0.0
27745,0.0
27746,0.0
27747,0.0
27748,0.0
27749,0.0
27750,0.0
27751,0.0
27752,0.0
27753,0.0
27754,0.0
27755,0.0
27756,0.0
27757,0.0
27758,0.0
27759,0.0
27760,0.0
27761,0.0
27762,0.0
27763,0.0
27764,0.0
27765,0.0
27766,0.0
27767,0.0
27768,0.0
27769,0.0
27770,0.0
27771,0.0
27772,0.0
27773,0.0
27774,0.0
27775,0.0
27776,0.0
27777,0.0
27778,0.0
27779,0.0
27780,0.0
27781,0.0
27782,0.0
27783,0.0
27784,0.0
27785,7268.6353
27786,0.0
27787,0.0
27788,0.0
27789,0.0
27790,0.0
27791,0.0
27792,0.0
27793,0.0
27794,0.0
27795,2446.5017
27796,0.0
27797,0.0
27798,0.0
27799,4475.092
27800,0.0
27801,0.0
27802,0.0
27803,0.0
27804,0.0
27805,0.0
27806,0.0
27807,0.0
27808,0.0
27809,0.0
27810,0.0
27811,0.0
27812,0.0
27813,0.0
27814,0.0
27815,0.0
27816,0.0
27817,0.0
27818,0.0
27819,0.0
27820,0.0
27821,0.0
27822,0.0
27823,0.0
27824,0.0
27825,0.0
27826,16566.758
27827,0.0
27828,0.0
27829,0.0
27830,0.0
27831,0.0
27832,0.0
27833,0.0
27834,0.0
27835,0.0
27836,0.0
27837,0.0
27838,0.0
27839,0.0
27840,6112.135
27841,0.0
27842,0.0
27843,0.0
27844,0.0
27845,0.0
27846,0.0
27847,0.0
27848,0.0
27849,0.0
27850,0.0
27851,0.0
27852,0.0
27853,0.0
27854,0.0
27855,0.0
27856,0.0
27857,0.0
27858,0.0
27859,0.0
27860,0.0
27861,0.0
27862,0.0
27863,0.0
27864,0.0
27865,0.0
27866,0.0
27867,0.0
27868,0.0
27869,0.0
27870,0.0
27871,0.0
27872,0.0
27873,0.0
27874,0.0
27875,0.0
27876,0.0
27877,0.0
27878,0.0
27879,0.0
27880,0.0
27881,0.0
27882,0.0
27883,0.0
27884,0.0
27885,0.0
27886,0.0
27887,0.0
27888,0.0
27889,0.0
27890,0.0
27891,0.0
27892,0.0
27893,0.0
27894,0.0
27895,0.0
27896,0.0
27897,0.0
27898,0.0
27899,0.0
27900,0.0
27901,0.0
27902,0.0
27903,0.0
27904,0.0
27905,0.0
27906,0.0
27907,0.0
27908,0.0
27909,0.0
27910,0.0
27911,0.0
27912,0.0
27913,0.0
27914,0.0
27915,10221.014
27916,0.0
27917,0.0
27918,0.0
27919,0.0
27920,0.0
27921,0.0
27922,0.0
27923,0.0
27924,0.0
27925,0.0
27926,0.0
27927,0.0
27928,0.0
27929,0.0
27930,0.0
27931,0.0
27932,0.0
27933,0.0
27934,0.0
27935,0.0
27936,0.0
27937,0.0
27938,0.0
27939,0.0
27940,0.0
27941,0.0
27942,0.0
27943,0.0
27944,0.0
27945,0.0
27946,0.0
27947,0.0
27948,0.0
27949,0.0
27950,0.0
27951,0.0
27952,0.0
27953,0.0
27954,0.0
27955,0.0
27956,0.0
27957,0.0
27958,0.0
27959,3173.7358
27960,13370.173
27961,0.0
27962,0.0
27963,0.0
27964,0.0
27965,0.0
27966,0.0
27967,0.0
27968,0.0
27969,0.0
27970,0.0
27971,0.0
27972,0.0
27973,0.0
27974,0.0
27975,0.0
27976,0.0
27977,0.0
27978,0.0
27979,0.0
27980,0.0
27981,0.0
27982,0.0
27983,0.0
27984,0.0
27985,0.0
27986,0.0
27987,0.0
27988,10631.305
27989,0.0
27990,0.0
27991,0.0
27992,0.0
27993,0.0
27994,0.0
27995,0.0
27996,0.0
27997,0.0
27998,0.0
27999,0.0
28000,0.0
28001,0.0
28002,0.0
28003,0.0
28004,0.0
28005,0.0
28006,0.0
28007,0.0
28008,0.0
28009,0.0
28010,0.0
28011,0.0
28012,0.0
28013,0.0
28014,0.0
28015,0.0
28016,0.0
28017,0.0
28018,0.0
28019,0.0
28020,0.0
28021,0.0
28022,0.0
28023,0.0
28024,0.0
28025,0.0
28026,0.0
28027,0.0
28028,0.0
28029,0.0
28030,0.0
28031,0.0
28032,0.0
28033,0.0
28034,0.0
28035,0.0
28036,0.0
28037,0.0
28038,0.0
28039,0.0
28040,0.0
28041,0.0
28042,0.0
28043,0.0
28044,0.0
28045,0.0
28046,0.0
28047,0.0
28048,0.0
28049,0.0
28050,0.0
28051,0.0
28052,0.0
28053,0.0
28054,0.0
28055,0.0
28056,0.0
28057,0.0
28058,2929.852
28059,0.0
28060,0.0
28061,0.0
28062,2066.6533
28063,0.0
28064,0.0
28065,0.0
28066,0.0
28067,0.0
28068,0.0
28069,0.0
28070,0.0
28071,0.0
28072,0.0
28073,0.0
28074,0.0
28075,0.0
28076,0.0
28077,0.0
28078,0.0
28079,0.0
28080,0.0
28081,0.0
28082,0.0
28083,0.0
28084,0.0
28085,0.0
28086,0.0
28087,0.0
28088,0.0
28089,0.0
28090,0.0
28091,0.0
28092,0.0
28093,0.0
28094,0.0
28095,0.0
28096,0.0
28097,0.0
28098,0.0
28099,0.0
28100,0.0
28101,0.0
28102,0.0
28103,0.0
28104,0.0
28105,0.0
28106,0.0
28107,0.0
28108,0.0
28109,0.0
28110,0.0
28111,0.0
28112,0.0
28113,2058.8162
28114,0.0
28115,0.0
28116,0.0
28117,0.0
28118,0.0
28119,0.0
28120,0.0
28121,0.0
28122,0.0
28123,0.0
28124,0.0
28125,0.0
28126,0.0
28127,0.0
28128,9493.9375
28129,0.0
28130,0.0
28131,0.0
28132,0.0
28133,0.0
28134,0.0
28135,0.0
28136,0.0
28137,0.0
28138,0.0
28139,0.0
28140,0.0
28141,0.0
28142,0.0
28143,0.0
28144,0.0
28145,0.0
28146,0.0
28147,0.0
28148,0.0
28149,0.0
28150,0.0
28151,0.0
28152,0.0
28153,0.0
28154,0.0
28155,0.0
28156,0.0
28157,0.0
28158,0.0
28159,0.0
28160,0.0
28161,0.0
28162,0.0
28163,0.0
28164,0.0
28165,0.0
28166,0.0
28167,0.0
28168,0.0
28169,0.0
28170,0.0
28171,0.0
28172,0.0
28173,0.0
28174,0.0
28175,0.0
28176,0.0
28177,0.0
28178,0.0
28179,0.0
28180,0.0
28181,0.0
28182,0.0
28183,0.0
28184,0.0
28185,0.0
28186,0.0
28187,0.0
28188,0.0
28189,0.0
28190,0.0
28191,0.0
28192,4429.771
28193,0.0
28194,0.0
28195,0.0
28196,0.0
28197,0.0
28198,0.0
28199,0.0
28200,0.0
28201,0.0
28202,0.0
28203,0.0
28204,0.0
28205,0.0
28206,0.0
28207,0.0
28208,0.0
28209,0.0
28210,0.0
28211,0.0
28212,0.0
28213,0.0
28214,0.0
28215,0.0
28216,0.0
28217,0.0
28218,0.0
28219,0.0
28220,0.0
28221,0.0
28222,0.0
28223,0.0
28224,0.0
28225,0.0
28226,0.0
28227,0.0
28228,0.0
28229,0.0
28230,0.0
28231,0.0
28232,0.0
28233,11107.586
28234,4502.779
28235,0.0
28236,0.0
28237,0.0
28238,0.0
28239,0.0
28240,0.0
28241,0.0
28242,0.0
28243,0.0
28244,0.0
28245,0.0
28246,0.0
28247,0.0
28248,0.0
26537,5213.1763
26538,9532.918
26539,11104.048
26540,8106.227
26541,9222.545
26542,6816.022
26543,8966.791
26544,10117.766
26545,7381.559
26546,7459.114
26547,8415.687
26548,9764.93
26549,9297.989
26550,9724.704
26551,7679.6816
26552,6013.727
26553,7124.493
26554,12789.147
26555,12396.724
26556,12738.02
26557,10623.023
26558,6617.7812
26559,7117.1646
26560,5669.032
26561,9000.474
26562,13610.328
26563,10220.478
26564,8402.941
26565,7802.205
26566,5644.525
26567,7762.2563
26568,13191.929
26569,8883.402
26570,6375.928
26571,7354.4536
26572,9079.599
26573,4661.2046
26574,9794.367
26575,5766.7705
26576,7901.011
26577,8195.388
26578,6823.7627
26579,9375.303
26580,9524.139
26581,5986.1943
26582,8623.454
26583,8785.441
26584,13210.9795
26585,7287.9966
26586,10620.805
26587,8223.177
26588,11057.483
26589,8706.13
26590,11680.602
26591,6405.4736
26592,6065.9155
26593,8109.707
26594,7458.388
26595,11227.484
26596,9937.128
26597,7181.242
26598,9377.824
26599,7844.9326
26600,12667.727
26601,4963.8604
26602,15679.369
26603,6529.0146
26604,7414.4126
26605,9986.63
26606,6084.772
26607,8481.23
26608,8038.3506
26609,9742.306
26610,7043.064
26611,7158.5103
26612,9004.62
26613,8987.169
26614,9421.197
26615,6257.802
26616,8733.192
26617,13206.18
26618,7963.8228
26619,5906.461
26620,8203.482
26621,6898.3984
26622,7465.477
26623,8531.72
26624,5268.7056
26625,11198.097
26626,7253.717
26627,8981.444
26628,9906.439
26629,5774.768
26630,7351.1714
26631,7391.077
26632,10328.525
26633,10935.676
26634,6356.0664
26635,6211.601
26636,8499.808
26637,7140.7188
26638,7465.534
26639,10478.032
26640,8370.665
26641,9521.023
26642,7171.9805
26643,5895.98
26644,9089.962
26645,9140.107
26646,9604.89
26647,10765.975
26648,10433.824
26649,7474.1836
26650,10895.157
26651,7852.299
26652,9962.466
26653,11189.417
26654,9042.877
26655,12212.223
26656,9089.494
26657,9388.608
26658,7540.8994
26659,9231.442
26660,9613.651
26661,8828.137
26662,5327.0874
26663,6819.748
26664,9917.415
26665,7918.9824
26666,6375.46
26667,11393.022
26668,7806.299
26669,6850.337
26670,6697.769
26671,7141.2227
26672,9815.0625
26673,8199.023
26674,8825.283
26675,7160.955
26676,7334.7827
26677,8758.685
26678,5035.2207
26679,8332.589
26680,7285.314
26681,10158.6875
26682,9143.543
26683,7479.7603
26684,13454.741
26685,7029.5273
26686,6068.763
26687,12802.694
26688,7814.143
26689,10569.611
26690,9246.378
26691,6477.7524
26692,7805.3906
26693,6666.087
26694,10095.268
26695,14458.175
26696,7354.699
26697,4358.7954
26698,5892.09
26699,11583.572
26700,11473.235
26701,8468.2
26702,9327.158
26703,5478.81
26704,6384.8804
26705,3882.7146
26706,6264.4727
26707,7602.9297
26708,8491.542
26709,8393.121
26710,8225.091
26711,10101.21
26712,11118.736
26713,9079.737
26714,6694.1284
26715,10772.651
26716,14088.841
26717,8018.1504
26718,10196.408
26719,7256.533
26720,8330.284
26721,5770.7705
26722,9310.99
26723,8108.16
26724,10284.752
26725,8395.011
26726,10838.227
26727,9473.982
26728,6483.2046
26729,11771.289
26730,20147.207
26731,12587.517
26732,8416.786
26733,4234.115
26734,7600.8413
26735,11656.829
26736,7019.2896
26737,12448.631
26738,17653.04
26739,5140.383
26740,7364.007
26741,9754.467
26742,6129.2754
26743,12277.998
26744,8505.605
26745,10379.699
26746,4524.163
26747,8785.927
26748,7864.4937
26749,9014.657
26750,12834.701
26751,7666.8813
26752,7103.9326
26753,8595.183
26754,6783.056
26755,6451.842
26756,9346.518
26757,7443.28
26758,7423.8457
26759,10009.573
26760,7800.91
26761,7043.3525
26762,9434.9375
26763,9035.368
26764,10303.406
26765,9770.594
26766,8343.579
26767,6476.6035
26768,5128.0757
26769,8436.18
26770,8725.066
26771,8154.414
26772,5329.817
26773,11037.19
26774,9923.565
26775,11279.056
26776,7990.11
26777,7362.1597
26778,7348.0728
26779,5524.855
26780,11995.008
26781,6437.599
26782,9309.027
26783,16369.896
26784,8538.15
26785,8475.537
26786,6508.7876
26787,5639.983
26788,9322.373
26789,5526.046
26790,7775.4014
26791,11615.379
26792,7147.512
26793,17600.354
26794,15724.355
26795,6159.428
26796,8890.7
26797,6694.2817
26798,8390.809
26799,7240.1484
26800,13172.906
26801,9995.073
26802,11975.781
26803,5808.178
26804,8909.002
26805,6044.7417
26806,9943.271
26807,8898.369
26808,8076.576
26809,7644.4497
26810,6629.988
26811,10564.633
26812,10707.258
26813,7182.208
26814,12903.705
26815,7761.3013
26816,11217.06
26817,6441.8003
26818,6755.4287
26819,6880.2886
26820,13276.1045
26821,7436.9995
26822,9467.316
26823,8993.497
26824,11785.5
26825,5957.2583
26826,9800.666
26827,8835.069
26828,5362.668
26829,16735.6
26830,17230.998
26831,9150.243
26832,9402.148
26833,11417.095
26834,13517.573
26835,12748.91
26836,7996.964
26837,10256.197
26838,7300.1855
26839,9955.798
26840,5033.0503
26841,7911.463
26842,7282.493
26843,6904.1123
26844,9239.758
26845,6232.4556
26846,6949.3623
26847,8436.396
26848,5222.633
26849,6037.706
26850,7064.088
26851,9921.691
26852,11562.07
26853,10125.112
26854,8728.013
26855,7473.834
26856,7791.875
26857,13513.204
26858,9464.906
26859,7652.576
26860,6762.875
26861,11071.793
26862,5359.1445
26863,9273.05
26864,4353.6343
26865,6746.5166
26866,10176.317
26867,7288.984
26868,6575.4116
26869,10306.424
26870,11069.956
26871,12194.718
26872,7228.17
26873,11987.769
26874,4268.7197
26875,6873.283
26876,8881.335
26877,5898.005
26878,9628.756
26879,6617.1567
26880,6301.4004
26881,10790.615
26882,12925.557
26883,9785.1045
26884,6947.142
26885,6341.0854
26886,12329.983
26887,9178.852
26888,8060.623
26889,6835.9775
26890,8502.369
26891,11506.735
26892,5708.6655
26893,8188.864
26894,9889.824
26895,10376.72
26896,15643.953
26897,6617.516
26898,14310.928
26899,8675.51
26900,6141.02
26901,4850.658
26902,7382.601
26903,7735.826
26904,7286.8843
26905,8625.691
26906,6296.0654
26907,6461.967
26908,9158.258
26909,4813.0767
26910,9210.467
26911,9247.983
26912,10587.53
26913,11493.092
26914,7554.3184
26915,11208.215
26916,7684.2393
26917,6902.6636
26918,6840.4976
26919,6810.05
26920,12808.85
26921,8125.827
26922,6448.538
26923,10082.412
26924,10924.7295
26925,9548.332
26926,8204.8125
26927,10892.934
26928,6631.1577
26929,6300.968
26930,7851.52
26931,9923.319
26932,8712.344
26933,7748.564
26934,7714.4214
26935,6544.0522
26936,5186.101
26937,6812.785
26938,9842.153
26939,10444.059
26940,11848.999
26941,13958.104
26942,9504.147
26943,7723.16
26944,5890.6514
26945,12174.033
26946,12733.331
26947,9724.648
26948,10776.689
26949,11186.365
26950,7402.2026
26951,5060.311
26952,12555.312
26953,8459.546
26954,9217.216
26955,7711.9346
26956,4184.6426
26957,13927.891
26958,7251.296
26959,6525.273
26960,5726.0293
26961,8031.76
26962,8244.663
26963,11206.591
26964,7764.396
26965,5745.292
26966,6650.7495
26967,5790.654
26968,3954.592
26969,8902.41
26970,18232.922
26971,6571.4365
26972,7186.3604
26973,9008.538
26974,6515.4775
26975,6989.453
26976,6436.684
26977,5773.876
26978,9714.433
26979,9221.9375
26980,5163.893
26981,10577.255
26982,8304.367
26983,5987.108
26984,10134.271
26985,9909.832
26986,11204.678
26987,7326.0356
26988,9159.909
26989,6290.3267
26990,5999.032
26991,16990.184
26992,11660.343
26993,7833.7617
26994,7718.4766
26995,6193.049
26996,6966.6836
26997,5728.52
26998,10898.598
26999,6355.6484
27000,6716.552
27001,8935.493
27002,6213.604
27003,7905.338
27004,9747.604
27005,9891.296
27006,8929.912
27007,5980.1963
27008,6942.5513
27009,8147.5415
27010,10728.766
27011,10762.546
27012,8694.015
27013,6075.435
27014,9474.66
27015,7395.9497
27016,5277.8755
27017,9463.443
27018,8898.063
27019,8641.04
27020,7772.124
27021,8328.179
27022,8123.7812
27023,7070.6943
27024,8308.709
27025,8555.367
27026,9108.03
27027,11149.819
27028,7343.5117
27029,6353.545
27030,14025.814
27031,8241.8955
27032,4694.5947
27033,9703.607
27034,10027.959
27035,13092.345
27036,6113.4873
27037,7634.5474
27038,7447.0786
27039,9294.957
27040,7977.994
27041,11924.436
27042,4276.9775
27043,9313.042
27044,8106.83
27045,7298.4727
27046,6698.9893
27047,8525.334
27048,10619.974
27049,7013.213
27050,11091.601
27051,8676.3955
27052,10446.41
27053,5701.705
27054,8181.845
27055,7504.886
27056,9060.429
27057,11139.285
27058,5291.8643
27059,8608.202
27060,9128.346
27061,9776.7
27062,6166.8765
27063,5144.336
27064,10244.974
27065,8828.524
27066,10771.161
27067,8256.586
27068,7259.2886
27069,10923.646
27070,9338.926
27071,9939.943
27072,9204.6875
27073,7925.08
27074,10235.09
27075,13444.185
27076,9558.757
27077,6176.655
27078,7801.5796
27079,5872.923
27080,4531.402
27081,10532.327
27082,7157.493
27083,10881.117
27084,6305.182
27085,9427.103
27086,7811.7285
27087,12657.57
27088,6431.9707
27089,7187.752
27090,8259.114
27091,9367.356
27092,6357.285
27093,9101.014
27094,8549.232
27095,11678.195
27096,9167.592
27097,8895.408
27098,6875.677
27099,6051.416
27100,6268.3994
27101,13694.247
27102,12229.613
27103,9277.96
27104,14177.399
27105,7911.5835
27106,6744.8374
27107,8613.7705
27108,10451.224
27109,12738.579
27110,8804.298
27111,10714.879
27112,10472.667
27113,8393.281
27114,8482.759
27115,7607.2236
27116,6405.712
27117,6640.5063
27118,5302.601
27119,7640.3677
27120,10544.64
27121,17551.691
27122,8554.6
27123,6174.104
27124,10259.436
27125,5144.7285
27126,7468.9385
27127,4923.631
27128,10539.713
27129,8421.403
27130,8106.9614
27131,15221.145
27132,12090.639
27133,8119.9624
27134,8837.261
27135,4918.4814
27136,6405.73
27137,6517.46
27138,10171.32
27139,6736.993
27140,5443.487
27141,7206.8843
27142,6916.972
27143,9706.523
27144,9204.038
27145,3848.84
27146,8986.071
27147,10391.16
27148,10761.108
27149,7537.1387
27150,6481.6216
27151,9817.73
27152,5772.9175
27153,11237.351
27154,5962.494
27155,7242.3726
27156,8683.167
27157,7431.483
27158,5844.512
27159,7768.0776
27160,9332.96
27161,11794.721
27162,12504.499
27163,7158.476
27164,4803.885
27165,6718.2046
27166,7409.9233
27167,6353.3994
27168,8794.429
27169,7085.939
27170,13780.286
27171,9301.856
27172,7441.775
27173,9495.785
27174,5840.5273
27175,11496.522
27176,6956.6772
27177,15171.375
27178,7797.622
27179,7463.327
27180,7637.592
27181,5292.096
27182,9691.657
27183,18930.496
27184,6182.7964
27185,6110.7417
27186,12521.326
27187,8238.092
27188,8859.474
27189,9731.932
27190,8226.738
27191,6851.2324
27192,5919.4272
27193,11650.806
27194,8034.564
27195,8096.8
27196,8623.142
27197,5960.339
27198,8749.184
27199,7687.7065
27200,4795.8267
27201,10190.993
27202,10361.5
27203,5210.77
27204,8912.682
27205,8799.463
27206,6279.776
27207,11223.233
27208,8215.65
27209,9836.907
27210,5861.2603
27211,6543.3657
27212,7373.4033
27213,5064.942
27214,9260.711
27215,6051.601
27216,7011.7417
27217,6424.3804
27218,7657.081
27219,7399.4424
27220,8806.247
27221,9185.534
27222,10227.04
27223,7914.331
27224,9432.994
27225,7604.003
27226,11220.676
27227,11028.604
27228,7807.133
27229,4746.6836
27230,7603.292
27231,8873.342
27232,5457.6646
27233,13312.202
27234,7375.6333
27235,8250.296
27236,12114.9375
27237,7670.699
27238,5572.775
27239,13609.602
27240,12050.381
27241,6615.1685
27242,11090.468
27243,12016.913
27244,7356.6074
27245,6673.7593
27246,8819.343
27247,7508.3086
27248,7124.3774
27249,8633.083
27250,6328.2036
27251,7348.409
27252,10558.7295
27253,9461.684
27254,10722.976
27255,6947.0293
27256,8354.5205
27257,4867.0234
27258,9704.801
27259,9179.22
27260,7480.538
27261,8087.6616
27262,9924.114
27263,11303.998
27264,7976.929
27265,6844.446
27266,7627.982
27267,8750.686
27268,8651.415
27269,5290.461
27270,5297.97
27271,9196.764
27272,7770.464
27273,7393.404
27274,10378.215
27275,7532.7114
27276,9203.635
27277,7072.9067
27278,4666.788
27279,8488.886
27280,8145.6924
27281,9405.719
27282,11535.569
27283,10520.431
27284,6165.8296
27285,10186.349
27286,4945.0654
27287,4118.0293
27288,9973.494
27289,14157.537
27290,9441.671
27291,9638.771
27292,7130.0605
27293,9067.354
27294,11240.685
27295,8547.17
27296,9772.905
27297,6769.4897
27298,5389.842
27299,6700.9385
27300,6597.022
27301,7424.263
27302,7223.277
27303,7049.738
27304,5286.1333
27305,8865.788
27306,10406.384
27307,7419.039
27308,7910.648
27309,8665.9
27310,6673.0654
27311,6012.2534
27312,11250.648
27313,9454.99
27314,7169.8945
27315,5339.984
27316,16421.123
27317,7615.6304
27318,8413.664
27319,11021.747
27320,9896.778
27321,9858.134
27322,7187.793
27323,8471.044
27324,12909.983
27325,15105.998
27326,7269.8623
27327,6784.92
27328,6260.4404
27329,7895.045
27330,7313.8105
27331,9655.186
27332,11576.161
27333,7092.9307
27334,5529.426
27335,8287.466
27336,9655.499
27337,6757.7227
27338,9558.429
27339,5051.028
27340,9520.797
27341,9678.882
27342,9661.229
27343,10795.217
27344,8045.484
27345,5919.461
27346,7152.3135
27347,10349.361
27348,10033.947
27349,9449.635
27350,9045.301
27351,8555.701
27352,5845.4824
27353,10869.489
27354,5141.03
27355,12485.9795
27356,7598.1304
27357,6252.987
27358,8728.962
27359,7011.9824
27360,9269.451
27361,9305.885
27362,5296.535
27363,6503.68
27364,10411.586
27365,11095.335
27366,11414.003
27367,7132.448
27368,7392.4165
27369,9149.536
27370,8221.78
27371,7186.7715
27372,12782.404
27373,10429.625
27374,13301.338
27375,5640.5854
27376,8057.6484
27377,9721.801
27378,9009.672
27379,7068.105
27380,12534.361
27381,7898.2007
27382,6848.9
27383,6866.2197
27384,7494.3
27385,6347.403
27386,8631.584
27387,6717.3843
27388,7132.4414
27389,11448.291
27390,7490.512
27391,21117.562
27392,8379.107
25681,4414.198
25682,8102.5474
25683,9461.666
25684,6738.574
25685,7763.115
25686,6011.393
25687,7810.194
25688,8320.2
25689,6130.8247
25690,6389.181
25691,7290.3047
25692,8491.915
25693,7783.675
25694,8608.448
25695,6460.9746
25696,5135.335
25697,5828.601
25698,10696.183
25699,10664.798
25700,10910.048
25701,9111.506
25702,5652.941
25703,6141.143
25704,5014.414
25705,7974.145
25706,11636.08
25707,9085.758
25708,7005.5713
25709,6578.925
25710,5069.142
25711,6579.6777
25712,11109.376
25713,7604.6846
25714,5437.82
25715,6109.389
25716,7864.6587
25717,3850.599
25718,8208.836
25719,4720.72
25720,6682.492
25721,6877.8413
25722,5731.657
25723,7973.095
25724,7856.179
25725,5331.276
25726,7487.1265
25727,7424.802
25728,11351.492
25729,6281.621
25730,9096.311
25731,7153.357
25732,9533.154
25733,7175.8604
25734,9993.434
25735,5311.014
25736,5134.6934
25737,6866.338
25738,6326.767
25739,9464.7705
25740,8297.859
25741,6170.4893
25742,7845.696
25743,7074.2427
25744,10845.92
25745,4427.545
25746,13750.222
25747,5656.1987
25748,6527.427
25749,8592.313
25750,5372.0728
25751,7012.33
25752,6751.1577
25753,8214.139
25754,6131.3394
25755,6012.2876
25756,7981.6245
25757,7549.5713
25758,7419.209
25759,5371.3247
25760,7597.304
25761,11276.475
25762,6878.9497
25763,5126.0854
25764,6823.3267
25765,6218.3115
25766,6410.131
25767,7453.0693
25768,4438.082
25769,9068.201
25770,6311.1567
25771,7463.22
25772,9253.03
25773,5327.55
25774,6056.723
25775,6105.964
25776,8592.584
25777,9186.884
25778,5391.7393
25779,5349.3184
25780,7376.8574
25781,6287.807
25782,6447.757
25783,9103.471
25784,7071.935
25785,8334.465
25786,6181.747
25787,5237.4893
25788,7540.8057
25789,7983.8706
25790,8069.5386
25791,9271.564
25792,8711.264
25793,6423.743
25794,9111.584
25795,6715.7314
25796,8656.425
25797,9506.641
25798,7408.7505
25799,10532.96
25800,8115.5566
25801,7767.5366
25802,6261.432
25803,7860.107
25804,8120.8066
25805,7205.1387
25806,4592.646
25807,6107.927
25808,8509.509
25809,6582.766
25810,5468.8115
25811,9302.211
25812,6805.0894
25813,6285.061
25814,5726.515
25815,6028.142
25816,8329.435
25817,6990.1133
25818,7603.0747
25819,5857.929
25820,6127.2295
25821,7347.884
25822,4478.1577
25823,7272.324
25824,5777.892
25825,8696.785
25826,7908.732
25827,6766.7075
25828,11856.076
25829,6035.2417
25830,5413.2173
25831,11203.961
25832,6598.822
25833,8807.784
25834,8223.945
25835,5778.8345
25836,6596.94
25837,5863.7544
25838,8283.807
25839,12359.348
25840,6626.087
25841,3853.2778
25842,5117.975
25843,9849.413
25844,9574.45
25845,6941.5117
25846,7758.8438
25847,4742.936
25848,5573.0938
25849,3518.7468
25850,5498.4478
25851,6470.8364
25852,7497.0737
25853,7300.812
25854,7032.4644
25855,8492.23
25856,9372.03
25857,7705.751
25858,5812.0405
25859,8954.852
25860,11756.468
25861,6403.1646
25862,8578.876
25863,5962.477
25864,7065.9883
25865,4541.0728
25866,7639.136
25867,6394.6562
25868,8854.362
25869,7344.289
25870,9325.886
25871,8112.2676
25872,5683.6074
25873,9996.303
25874,17805.371
25875,10902.6
25876,7004.6826
25877,3572.3342
25878,6633.3657
25879,9830.924
25880,6049.829
25881,11323.82
25882,15904.911
25883,4375.133
25884,6194.762
25885,8637.712
25886,5332.3745
25887,10406.811
25888,7106.928
25889,8326.408
25890,4134.975
25891,7463.6543
25892,6659.7
25893,7566.007
25894,10592.438
25895,6481.5474
25896,5975.5264
25897,7409.7466
25898,6016.5674
25899,5549.647
25900,8145.568
25901,6308.563
25902,6199.361
25903,8228.323
25904,6519.4434
25905,6139.1753
25906,7871.976
25907,7321.537
25908,8685.246
25909,8729.77
25910,7480.21
25911,5628.466
25912,4184.551
25913,7297.846
25914,7425.1274
25915,6643.864
25916,4707.033
25917,9321.982
25918,7985.6455
25919,9581.53
25920,6913.8916
25921,6017.853
25922,6180.786
25923,4877.1313
25924,10226.552
25925,5484.5825
25926,8063.245
25927,14243.403
25928,7635.1514
25929,7310.1704
25930,5489.3867
25931,5045.9473
25932,8028.9487
25933,4905.4
25934,6441.106
25935,10081.085
25936,5877.406
25937,15242.209
25938,13816.793
25939,5277.8047
25940,7419.1455
25941,5853.3325
25942,6968.7773
25943,6321.5254
25944,11018.595
25945,8214.412
25946,9845.637
25947,4914.894
25948,7863.0464
25949,5150.1787
25950,8895.713
25951,7140.5005
25952,7007.423
25953,6805.076
25954,6210.517
25955,8952.485
25956,9326.357
25957,6195.0103
25958,10616.096
25959,6732.3555
25960,9337.946
25961,5716.2227
25962,5794.3555
25963,5478.9614
25964,11056.049
25965,6146.001
25966,8118.1113
25967,7379.1865
25968,9747.25
25969,5051.9673
25970,8360.372
25971,7762.4707
25972,4456.1533
25973,14482.893
25974,15162.984
25975,7296.183
25976,7624.214
25977,9472.339
25978,11776.803
25979,10975.863
25980,6830.2485
25981,8629.114
25982,6010.963
25983,8390.712
25984,4608.7783
25985,6716.5645
25986,6128.2583
25987,6066.222
25988,8042.3076
25989,5478.2246
25990,5637.068
25991,7303.5215
25992,4590.084
25993,5327.875
25994,6293.5137
25995,7782.806
25996,9557.918
25997,8859.067
25998,7372.5527
25999,6571.731
26000,6384.9414
26001,11468.465
26002,7963.337
26003,6503.6367
26004,5514.709
26005,9347.989
26006,4712.0063
26007,7770.4487
26008,3736.0303
26009,5955.23
26010,8304.399
26011,6436.279
26012,5333.687
26013,8739.517
26014,9398.554
26015,10805.064
26016,6262.949
26017,10400.054
26018,3637.839
26019,5966.8804
26020,7377.8145
26021,4856.6396
26022,8342.8
26023,5715.334
26024,5509.4253
26025,9351.065
26026,10977.873
26027,8464.631
26028,5969.0264
26029,5401.195
26030,10933.809
26031,7839.8535
26032,6749.3164
26033,5811.7915
26034,7171.796
26035,9946.3545
26036,4868.8203
26037,7141.904
26038,8007.5654
26039,8908.194
26040,13639.476
26041,5357.1665
26042,12735.81
26043,7317.7393
26044,5461.3516
26045,4292.7217
26046,6444.326
26047,6383.675
26048,6309.784
26049,7613.924
26050,5576.231
26051,5433.19
26052,7926.32
26053,4029.233
26054,8219.655
26055,7713.774
26056,9078.499
26057,9366.945
26058,5957.855
26059,9523.066
26060,6954.501
26061,6043.0986
26062,6010.155
26063,5860.9585
26064,11144.024
26065,6789.426
26066,5856.8228
26067,8643.447
26068,9215.607
26069,8005.695
26070,6769.3735
26071,9467.335
26072,5983.631
26073,5938.797
26074,6653.2812
26075,8717.7295
26076,7330.586
26077,6552.022
26078,6382.9316
26079,5358.5312
26080,4524.1416
26081,5868.7563
26082,8444.068
26083,8999.804
26084,10261.1875
26085,11602.191
26086,8144.2397
26087,6631.5244
26088,5192.655
26089,10652.538
26090,10683.917
26091,8148.5054
26092,9445.49
26093,9608.243
26094,6562.517
26095,4377.7417
26096,10888.779
26097,6909.1846
26098,7518.772
26099,6734.5195
26100,3471.7078
26101,11997.422
26102,6223.2603
26103,5798.2974
26104,5156.8003
26105,6721.3965
26106,7019.584
26107,9111.515
26108,6747.6494
26109,5175.6836
26110,5426.2036
26111,5337.8555
26112,3329.4915
26113,7485.713
26114,16047.896
26115,5751.0107
26116,6157.6484
26117,7704.061
26118,5626.566
26119,6065.962
26120,5490.3296
26121,5053.0806
26122,8339.419
26123,7417.3833
26124,4476.1846
26125,8702.129
26126,6723.814
26127,5213.977
26128,8971.282
26129,8382.761
26130,9727.598
26131,6330.504
26132,7700.0938
26133,5470.8774
26134,5147.689
26135,14782.188
26136,10028.743
26137,6733.948
26138,6777.934
26139,5340.6104
26140,6082.9673
26141,5090.064
26142,9593.527
26143,5702.298
26144,5884.5693
26145,7560.4956
26146,5263.4014
26147,7016.445
26148,8036.005
26149,8295.873
26150,7401.426
26151,5059.0273
26152,6147.4375
26153,6803.863
26154,9058.493
26155,9223.565
26156,7404.095
26157,5277.4272
26158,8021.463
26159,6491.0625
26160,4557.624
26161,8019.3745
26162,7770.427
26163,7357.4214
26164,6642.0645
26165,7040.881
26166,6574.5396
26167,6191.9854
26168,7497.968
26169,7453.6665
26170,7145.8423
26171,9622.953
26172,6523.997
26173,5567.499
26174,11892.2705
26175,6704.3647
26176,4060.9316
26177,8473.226
26178,8735.975
26179,11290.885
26180,5353.2485
26181,6334.617
26182,6480.4653
26183,8001.664
26184,6765.494
26185,10010.089
26186,3715.3672
26187,7352.146
26188,6697.909
26189,6251.472
26190,5444.562
26191,7313.0576
26192,8572.676
26193,6125.7334
26194,9736.704
26195,7209.304
26196,8545.043
26197,4889.8716
26198,7014.705
26199,6712.5166
26200,7685.1187
26201,9426.734
26202,4190.247
26203,7774.126
26204,7651.394
26205,8371.623
26206,5321.9272
26207,4432.8145
26208,8415.518
26209,7510.9233
26210,9274.545
26211,6998.205
26212,6265.0464
26213,9016.223
26214,7871.856
26215,7950.86
26216,8005.145
26217,6588.049
26218,8783.129
26219,11446.675
26220,8194.802
26221,5280.8716
26222,6396.6875
26223,5048.2583
26224,3948.6587
26225,8981.008
26226,5990.7754
26227,9329.649
26228,5236.455
26229,7975.2554
26230,6454.612
26231,10953.254
26232,5450.1006
26233,5982.0615
26234,6670.584
26235,8164.0796
26236,5530.4966
26237,7737.2134
26238,7626.912
26239,10252.872
26240,8016.499
26241,7592.813
26242,5883.2056
26243,5272.808
26244,5450.8496
26245,11976.066
26246,10252.931
26247,8334.194
26248,12983.688
26249,6581.0083
26250,5873.27
26251,7186.902
26252,9056.368
26253,10602.344
26254,7381.9746
26255,8939.371
26256,8380.834
26257,7198.2007
26258,7284.605
26259,6292.259
26260,5468.6445
26261,5609.0757
26262,4681.251
26263,6066.095
26264,9047.389
26265,15332.006
26266,7276.4526
26267,5321.298
26268,8115.936
26269,4468.651
26270,6426.8687
26271,4332.3447
26272,9086.218
26273,6951.205
26274,6832.9463
26275,13172.04
26276,11251.604
26277,7005.926
26278,7547.793
26279,4284.3887
26280,5796.445
26281,5696.025
26282,8487.38
26283,5713.105
26284,4709.1484
26285,6192.216
26286,6116.672
26287,7776.469
26288,7511.976
26289,3631.0784
26290,7566.3965
26291,8871.235
26292,8443.972
26293,5814.7466
26294,5261.012
26295,8207.043
26296,5088.345
26297,9731.867
26298,4786.134
26299,5936.8716
26300,7279.7363
26301,6407.5635
26302,5027.556
26303,6377.996
26304,7725.96
26305,10054.142
26306,10595.753
26307,5956.0312
26308,4082.9631
26309,5914.094
26310,6636.036
26311,5296.4697
26312,7288.469
26313,6280.5483
26314,11775.073
26315,7808.98
26316,6522.454
26317,8338.822
26318,5234.5576
26319,9741.423
26320,5997.5674
26321,13271.851
26322,6801.4746
26323,6242.5225
26324,6272.2812
26325,4583.049
26326,8120.4966
26327,16115.997
26328,5327.514
26329,5288.4883
26330,10621.393
26331,7056.1353
26332,7696.6426
26333,8102.7715
26334,6827.825
26335,5583.7886
26336,5212.9375
26337,9889.061
26338,6826.53
26339,6902.953
26340,7700.6816
26341,5282.5996
26342,7702.3345
26343,6568.0337
26344,4246.727
26345,8681.718
26346,9006.545
26347,4728.526
26348,7856.7866
26349,7402.697
26350,5349.4253
26351,9628.407
26352,6871.828
26353,8337.486
26354,5120.4507
26355,5614.1924
26356,6865.945
26357,4356.821
26358,8067.63
26359,5101.4277
26360,6263.5884
26361,5666.529
26362,6486.73
26363,6669.184
26364,7879.638
26365,7504.1636
26366,8901.468
26367,6608.61
26368,8243.854
26369,6826.9854
26370,9230.5
26371,9416.634
26372,6814.3516
26373,4000.246
26374,6568.491
26375,7459.064
26376,4741.1904
26377,11520.88
26378,6012.46
26379,7005.2305
26380,10305.225
26381,6938.844
26382,4748.998
26383,11701.073
26384,9909.416
26385,5653.081
26386,9026.41
26387,10108.67
26388,6393.217
26389,5959.2134
26390,7332.67
26391,6380.1987
26392,6380.1865
26393,7558.931
26394,5388.4023
26395,6565.14
26396,8338.416
26397,7632.21
26398,8657.457
26399,6255.9995
26400,7454.8037
26401,4391.343
26402,8307.773
26403,7550.731
26404,6502.3096
26405,7142.6123
26406,8247.73
26407,9546.603
26408,6390.266
26409,5641.4946
26410,6544.8516
26411,7640.732
26412,7256.035
26413,4623.957
26414,4592.5625
26415,8195.662
26416,7134.7275
26417,6283.383
26418,8867.496
26419,6479.328
26420,7834.1206
26421,5875.556
26422,4114.7153
26423,7205.6333
26424,6924.2397
26425,7725.2085
26426,9872.549
26427,9000.155
26428,5535.04
26429,8695.01
26430,4453.391
26431,3726.4097
26432,8421.066
26433,12354.657
26434,8131.875
26435,7936.3584
26436,5412.3037
26437,7731.6216
26438,9370.27
26439,7037.376
26440,8581.675
26441,5852.1377
26442,4645.6553
26443,6029.6543
26444,5730.772
26445,6644.016
26446,5838.138
26447,5781.713
26448,4466.588
26449,7435.7866
26450,8601.702
26451,6054.678
26452,6807.738
26453,7208.603
26454,5820.4233
26455,5298.8193
26456,9270.494
26457,8246.6455
26458,6148.1294
26459,4485.8022
26460,14511.057
26461,6704.8
26462,6772.5576
26463,9168.116
26464,8390.44
26465,8302.38
26466,6218.549
26467,7348.5703
26468,10486.359
26469,13014.349
26470,6037.205
26471,5749.519
26472,5348.706
26473,6802.299
26474,5991.8438
26475,8569.88
26476,9754.532
26477,6225.7417
26478,4921.1143
26479,6896.517
26480,8756.237
26481,5626.0986
26482,7883.427
26483,4389.186
26484,7764.9365
26485,8370.489
26486,8262.738
26487,9066.661
26488,6935.873
26489,4927.46
26490,6138.6484
26491,8816.34
26492,8751.846
26493,7797.659
26494,7698.2725
26495,7183.475
26496,4942.4243
26497,9731.867
26498,4601.6616
26499,10729.625
26500,6279.86
26501,5079.1997
26502,7387.9756
26503,6209.356
26504,8128.843
26505,8249.808
26506,4691.5283
26507,5564.7114
26508,8483.244
26509,9451.889
26510,10166.926
26511,6308.509
26512,6576.4775
26513,7571.8833
26514,6644.295
26515,6071.125
26516,11087.031
26517,8687.317
26518,11505.354
26519,4736.3716
26520,6532.154
26521,8847.398
26522,7874.672
26523,5963.148
26524,10536.417
26525,6923.0244
26526,6043.473
26527,5527.0947
26528,5840.489
26529,5764.059
26530,7050.578
26531,5697.177
26532,5973.384
26533,9479.08
26534,6484.3545
26535,18909.258
26536,6847.8613
24825,4092.7625
24826,7508.896
24827,8518.312
24828,6077.3594
24829,7247.8525
24830,5555.1973
24831,7348.5146
24832,7821.876
24833,5714.582
24834,5768.8774
24835,6806.089
24836,7763.1963
24837,7279.1597
24838,8104.016
24839,5933.7974
24840,4716.3906
24841,5320.481
24842,9925.336
24843,10091.032
24844,9945.605
24845,8309.113
24846,4822.613
24847,5756.784
24848,4537.8467
24849,7651.4014
24850,10771.161
24851,8600.554
24852,6495.9307
24853,5880.6807
24854,4905.3535
24855,6128.7026
24856,10767.474
24857,6959.6636
24858,5267.6807
24859,5683.7593
24860,7238.3945
24861,3453.8008
24862,7937.8115
24863,4288.404
24864,6482.413
24865,6459.317
24866,5233.9683
24867,7650.3433
24868,7325.5186
24869,5058.7905
24870,6913.483
24871,7178.6055
24872,10895.531
24873,6033.9463
24874,8382.369
24875,7009.3413
24876,9070.467
24877,6498.7383
24878,9475.095
24879,4616.9053
24880,4409.6025
24881,6327.009
24882,5963.5464
24883,8906.674
24884,7692.2246
24885,5425.174
24886,7415.587
24887,6924.1143
24888,10063.966
24889,4094.5234
24890,13087.726
24891,5371.4937
24892,6021.516
24893,8074.4893
24894,5044.061
24895,6656.779
24896,6314.4927
24897,7310.9165
24898,5816.938
24899,5529.257
24900,7611.433
24901,7177.9893
24902,6786.8164
24903,5050.233
24904,7114.6196
24905,10695.806
24906,6280.441
24907,4789.217
24908,6534.8335
24909,5994.1133
24910,6042.8276
24911,7350.379
24912,3942.0388
24913,8121.9067
24914,5871.36
24915,6937.1304
24916,8803.56
24917,4802.034
24918,5815.2847
24919,5442.8276
24920,7961.742
24921,8666.338
24922,4819.297
24923,5095.242
24924,6956.478
24925,5901.545
24926,6122.194
24927,8562.951
24928,6433.247
24929,7734.2026
24930,5794.9966
24931,4721.1255
24932,6859.733
24933,7578.256
24934,7591.9004
24935,8689.563
24936,8288.336
24937,5839.943
24938,8727.414
24939,6243.4272
24940,7789.6978
24941,8829.257
24942,6999.674
24943,9806.978
24944,7992.1904
24945,7307.6396
24946,5821.756
24947,7266.701
24948,7535.8877
24949,6487.287
24950,4227.835
24951,5843.8096
24952,7827.279
24953,6411.464
24954,4945.7637
24955,8734.259
24956,6536.348
24957,6109.0396
24958,5363.957
24959,5470.152
24960,7555.3774
24961,6538.68
24962,6716.0264
24963,5613.213
24964,5522.394
24965,6813.5586
24966,4039.7163
24967,6348.6987
24968,5308.2793
24969,8060.369
24970,7523.951
24971,6503.8354
24972,11128.783
24973,5523.0737
24974,5043.9165
24975,10659.978
24976,6327.0024
24977,8306.609
24978,7731.909
24979,5637.713
24980,6185.917
24981,5653.5557
24982,7925.0347
24983,11225.653
24984,6276.997
24985,3644.2056
24986,4752.4556
24987,9131.873
24988,9146.918
24989,6477.4805
24990,7321.258
24991,4565.948
24992,4845.9688
24993,3131.5198
24994,5274.5234
24995,6070.1294
24996,7110.2505
24997,6723.5127
24998,6545.201
24999,8158.8174
25000,8693.252
25001,7426.3315
25002,5401.2466
25003,8433.629
25004,10880.35
25005,5857.7725
25006,8033.353
25007,5608.177
25008,6691.626
25009,4094.8984
25010,7089.8057
25011,5821.4673
25012,8362.206
25013,6838.7817
25014,8932.731
25015,7567.9414
25016,5315.297
25017,9309.116
25018,16835.062
25019,10257.685
25020,6323.6904
25021,3274.4565
25022,6398.024
25023,9177.836
25024,5729.4165
25025,10957.956
25026,15294.413
25027,4104.9067
25028,5515.0405
25029,8248.502
25030,4912.686
25031,9829.133
25032,6472.676
25033,7495.7295
25034,3870.308
25035,6981.964
25036,6095.228
25037,6791.511
25038,10106.192
25039,6325.9404
25040,5562.35
25041,6999.273
25042,5589.2827
25043,5234.248
25044,8015.7646
25045,5882.0273
25046,5811.093
25047,7241.0947
25048,5980.065
25049,5792.1895
25050,7260.8745
25051,6692.6216
25052,8248.281
25053,8481.101
25054,7168.7456
25055,5299.527
25056,3986.8975
25057,6962.8306
25058,6775.0254
25059,6291.3647
25060,4428.259
25061,8619.721
25062,7451.8325
25063,9032.826
25064,6561.941
25065,5271.244
25066,5765.5933
25067,4561.9604
25068,9588.259
25069,5268.2485
25070,7834.494
25071,13251.234
25072,7375.169
25073,6851.4873
25074,5219.0522
25075,4714.2046
25076,7610.976
25077,4714.3037
25078,5896.959
25079,9628.545
25080,5609.4766
25081,14345.132
25082,12940.63
25083,5150.7583
25084,6913.259
25085,5453.6475
25086,6454.421
25087,6113.4756
25088,10499.42
25089,7898.1855
25090,8487.906
25091,4439.0093
25092,7411.04
25093,4889.932
25094,8510.742
25095,6707.87
25096,6524.4697
25097,6530.3657
25098,5932.5806
25099,8520.473
25100,8828.718
25101,5956.582
25102,9892.891
25103,6368.8105
25104,8583.59
25105,5240.6626
25106,5528.656
25107,5103.044
25108,10046.022
25109,5800.687
25110,7622.5195
25111,6781.6396
25112,9056.316
25113,4672.5117
25114,7954.827
25115,7204.898
25116,4007.6902
25117,13625.199
25118,14524.321
25119,6888.8516
25120,6915.9624
25121,8916.602
25122,11047.416
25123,10087.684
25124,6145.884
25125,7838.2764
25126,5795.301
25127,7984.008
25128,4261.2666
25129,6380.485
25130,5692.299
25131,5833.5903
25132,7585.936
25133,5041.853
25134,5044.879
25135,6980.5723
25136,4300.6934
25137,4933.1226
25138,5878.2583
25139,7188.458
25140,8858.924
25141,8618.061
25142,6887.997
25143,6227.132
25144,6049.979
25145,10753.66
25146,7199.272
25147,6117.0923
25148,5109.1123
25149,9185.674
25150,4454.3643
25151,7417.992
25152,3463.9636
25153,5592.488
25154,7580.302
25155,6103.4424
25156,5066.0483
25157,8135.7227
25158,9110.445
25159,10317.242
25160,5850.9043
25161,10196.992
25162,3339.6326
25163,5464.431
25164,6924.385
25165,4545.2246
25166,8264.031
25167,5309.4844
25168,5084.5415
25169,8745.003
25170,10235.656
25171,8193.888
25172,5541.638
25173,5007.1255
25174,10341.951
25175,7562.075
25176,6249.099
25177,5503.716
25178,6705.6504
25179,9204.951
25180,4676.4
25181,6555.485
25182,7338.638
25183,8385.6875
25184,12976.83
25185,5163.1
25186,12143.406
25187,6860.472
25188,4999.423
25189,3822.4048
25190,5999.3867
25191,6030.097
25192,5910.744
25193,7236.227
25194,5264.933
25195,5007.589
25196,7364.7515
25197,3570.0073
25198,7842.329
25199,7291.0977
25200,8349.359
25201,8832.483
25202,5440.959
25203,8782.911
25204,6644.1807
25205,5658.94
25206,5781.4478
25207,5287.449
25208,10351.207
25209,6202.815
25210,5377.4556
25211,7893.05
25212,8685.81
25213,7627.6035
25214,6067.212
25215,8671.241
25216,5707.778
25217,5755.225
25218,6311.169
25219,8668.62
25220,6720.6274
25221,5937.772
25222,5961.3853
25223,5073.66
25224,4209.5293
25225,5734.1074
25226,8263.4795
25227,8373.388
25228,9977.548
25229,10826.149
25230,7538.1523
25231,6202.815
25232,4819.458
25233,10071.638
25234,10054.314
25235,7523.9585
25236,8928.337
25237,8905.476
25238,6184.519
25239,3907.7512
25240,10162.99
25241,6472.923
25242,6789.8657
25243,6238.439
25244,2781.3315
25245,11262.329
25246,5930.8833
25247,5189.8276
25248,4694.635
25249,6192.21
25250,6452.8574
25251,8105.6084
25252,6725.4365
25253,4978.18
25254,4999.408
25255,4886.9385
25256,2955.5078
25257,6819.5854
25258,14958.673
25259,5490.785
25260,5859.9243
25261,7205.881
25262,5305.227
25263,5557.715
25264,5312.0327
25265,4476.1807
25266,8031.683
25267,6933.095
25268,4155.929
25269,8058.0635
25270,5801.8545
25271,4716.62
25272,8502.661
25273,8001.206
25274,9144.729
25275,5219.341
25276,6903.401
25277,4974.7197
25278,4811.204
25279,14123.982
25280,9673.012
25281,6309.8867
25282,6001.2183
25283,4995.052
25284,5464.176
25285,4681.9565
25286,9330.806
25287,5309.1353
25288,5582.319
25289,7064.3574
25290,4895.8735
25291,6316.4746
25292,7359.204
25293,7757.5786
25294,6992.3804
25295,4583.0312
25296,5819.4854
25297,6445.4204
25298,8467.829
25299,8766.29
25300,6862.835
25301,4788.166
25302,7708.7285
25303,6056.654
25304,4141.99
25305,7282.7227
25306,7349.846
25307,6815.1313
25308,6162.49
25309,6368.592
25310,6111.0913
25311,5809.7183
25312,7093.8306
25313,7111.587
25314,6293.1353
25315,9031.31
25316,6056.411
25317,5045.009
25318,11397.968
25319,6220.459
25320,3909.332
25321,7697.9644
25322,8395.476
25323,10497.157
25324,4881.7715
25325,5698.981
25326,6088.1045
25327,7555.8965
25328,6233.7637
25329,9493.213
25330,3371.2996
25331,6856.848
25332,6234.959
25333,5335.3354
25334,4955.671
25335,6890.836
25336,7971.316
25337,5548.5566
25338,8853.628
25339,6684.1816
25340,7711.4346
25341,4721.1616
25342,6471.8237
25343,6236.547
25344,7423.895
25345,8718.162
25346,3859.852
25347,7700.248
25348,7045.812
25349,7735.5454
25350,4937.9854
25351,4081.8533
25352,7946.4775
25353,6426.887
25354,8887.19
25355,6505.492
25356,5911.714
25357,8813.927
25358,6801.8706
25359,7020.8833
25360,7892.327
25361,5950.012
25362,8196.014
25363,10910.35
25364,7629.7646
25365,4796.5635
25366,5897.161
25367,4652.1694
25368,3528.2559
25369,8108.0054
25370,5729.307
25371,8521.407
25372,4882.782
25373,7432.6807
25374,5967.1367
25375,10342.543
25376,5038.473
25377,5703.7993
25378,6211.376
25379,7527.5405
25380,5250.254
25381,7187.183
25382,7382.615
25383,9683.212
25384,7638.211
25385,7194.426
25386,5611.703
25387,4558.6543
25388,5310.685
25389,11164.578
25390,9502.616
25391,7962.1064
25392,12842.465
25393,5995.72
25394,5533.282
25395,6595.3354
25396,8639.014
25397,9929.644
25398,6844.5767
25399,8154.103
25400,8018.25
25401,7024.4736
25402,6764.0747
25403,5772.114
25404,4974.582
25405,5207.103
25406,4312.315
25407,5603.9043
25408,8510.889
25409,14399.854
25410,6528.0117
25411,4976.571
25412,7430.0796
25413,4102.871
25414,5950.8125
25415,4117.566
25416,8592.575
25417,6475.2446
25418,6047.51
25419,12155.608
25420,10886.142
25421,6501.373
25422,7032.8
25423,3945.3455
25424,5536.049
25425,5149.9526
25426,8306.974
25427,5317.5635
25428,4424.433
25429,5947.13
25430,5728.0176
25431,7220.8936
25432,7201.882
25433,3366.8835
25434,7367.843
25435,8190.918
25436,7883.773
25437,5108.518
25438,4790.1714
25439,7653.576
25440,5005.9126
25441,9344.682
25442,4348.6245
25443,5521.5674
25444,6850.703
25445,5983.751
25446,4652.041
25447,5747.545
25448,7014.096
25449,9257.902
25450,9851.648
25451,5516.461
25452,3855.9546
25453,5558.9077
25454,6211.66
25455,4903.365
25456,6685.9478
25457,5863.7656
25458,11257.97
25459,7447.9526
25460,6071.861
25461,7570.425
25462,5006.1704
25463,9108.083
25464,5446.1304
25465,12472.435
25466,6490.456
25467,5823.8223
25468,5646.162
25469,4189.048
25470,7454.889
25471,15614.826
25472,4941.152
25473,5094.9746
25474,9690.483
25475,6795.3667
25476,7238.9263
25477,7499.7773
25478,6575.9634
25479,5218.251
25480,4618.6494
25481,9425.79
25482,6296.0654
25483,6518.9023
25484,7266.6665
25485,4967.474
25486,7456.475
25487,6218.964
25488,3980.13
25489,7905.6396
25490,8464.534
25491,4455.6133
25492,7565.834
25493,6938.8506
25494,5028.2754
25495,9046.077
25496,6446.3
25497,7713.943
25498,4565.456
25499,4919.068
25500,6478.2593
25501,4175.902
25502,7341.3896
25503,4659.6665
25504,5891.427
25505,5119.8257
25506,5866.697
25507,6391.9365
25508,7278.924
25509,7046.5176
25510,8494.92
25511,6241.927
25512,7655.1094
25513,6460.254
25514,8730.277
25515,8917.188
25516,6432.1797
25517,3814.7224
25518,6176.0063
25519,6864.144
25520,4427.4395
25521,10942.165
25522,5685.3535
25523,6642.204
25524,9526.519
25525,6571.3486
25526,4325.218
25527,10771.089
25528,9255.837
25529,5430.268
25530,8198.711
25531,9306.631
25532,6299.0747
25533,5578.146
25534,6816.867
25535,5898.129
25536,6144.237
25537,7292.5093
25538,5024.3345
25539,6209.3857
25540,7873.5376
25541,6911.5444
25542,8156.81
25543,5885.5234
25544,6979.3535
25545,4146.9243
25546,7699.925
25547,6981.897
25548,6060.9478
25549,6785.347
25550,7835.152
25551,8934.896
25552,6084.134
25553,5266.0127
25554,6164.2656
25555,7150.799
25556,6856.279
25557,4334.6514
25558,4193.2856
25559,7939.8257
25560,6895.103
25561,5906.055
25562,8172.4473
25563,6140.3584
25564,7244.915
25565,5526.1567
25566,3890.5413
25567,6748.7627
25568,6547.093
25569,6771.046
25570,9293.5205
25571,8558.436
25572,5269.0825
25573,8099.9976
25574,4196.8433
25575,3367.118
25576,8062.061
25577,11160.097
25578,7788.8955
25579,7110.827
25580,4594.416
25581,7190.0146
25582,8880.081
25583,6497.8145
25584,8069.9927
25585,5672.862
25586,4239.6885
25587,5599.8594
25588,5525.445
25589,6207.159
25590,5464.379
25591,5292.5557
25592,4100.2847
25593,7035.9062
25594,7719.272
25595,5591.3994
25596,6255.737
25597,6781.7817
25598,5391.878
25599,4944.1504
25600,8660.794
25601,7960.4585
25602,5997.213
25603,4009.7742
25604,12996.239
25605,6252.79
25606,6047.614
25607,8275.768
25608,7828.8022
25609,7697.4873
25610,5856.499
25611,6917.104
25612,9791.864
25613,12310.079
25614,5375.23
25615,5012.9507
25616,5182.9956
25617,6381.69
25618,5575.747
25619,8255.83
25620,9093.448
25621,5987.6387
25622,4590.881
25623,6391.589
25624,8389.656
25625,5366.956
25626,7185.36
25627,4056.0498
25628,7266.736
25629,7707.4565
25630,7625.501
25631,8189.9185
25632,6227.5713
25633,4594.7974
25634,5825.494
25635,7819.011
25636,8122.2476
25637,7515.373
25638,7209.1875
25639,6427.586
25640,4530.2134
25641,9306.4
25642,4357.66
25643,10339.367
25644,5951.2725
25645,4811.7544
25646,6832.549
25647,5845.839
25648,7811.751
25649,7876.9106
25650,4179.0737
25651,5174.188
25652,7606.578
25653,8692.24
25654,9591.058
25655,5931.4375
25656,6180.4556
25657,6596.984
25658,6188.5254
25659,5645.0903
25660,10606.127
25661,8122.294
25662,10680.83
25663,4539.267
25664,6158.2417
25665,8598.47
25666,7422.996
25667,5513.252
25668,9911.023
25669,6621.109
25670,5598.775
25671,5197.2534
25672,5551.3994
25673,5265.5054
25674,6129.743
25675,5151.2056
25676,5483.8657
25677,8728.979
25678,6250.071
25679,17764.83
25680,6586.1133
23969,4110.259
23970,6997.985
23971,8405.579
23972,6114.549
23973,7034.5977
23974,5373.774
23975,7252.022
23976,7391.5635
23977,5364.054
23978,5688.7383
23979,6662.6733
23980,7669.441
23981,6983.8555
23982,8106.0493
23983,5631.6665
23984,4686.286
23985,5325.0503
23986,9484.66
23987,9938.607
23988,9596.685
23989,7914.5723
23990,4696.57
23991,5859.723
23992,4421.1426
23993,7460.409
23994,10565.177
23995,8750.401
23996,6204.661
23997,5445.185
23998,4692.983
23999,6116.147
24000,10226.299
24001,6843.2124
24002,5265.7065
24003,5384.102
24004,7111.2817
24005,3428.7202
24006,7767.737
24007,4248.3477
24008,6404.563
24009,6355.7515
24010,5178.5874
24011,7466.7373
24012,7033.665
24013,4725.965
24014,6555.61
24015,6798.4717
24016,10752.039
24017,6021.838
24018,7936.971
24019,6851.0034
24020,8834.96
24021,6424.993
24022,9230.165
24023,4511.7
24024,4442.9785
24025,6041.623
24026,5919.5684
24027,8880.911
24028,7510.651
24029,5190.3374
24030,7153.835
24031,6585.4287
24032,9984.325
24033,3997.9038
24034,12770.669
24035,4958.9434
24036,5783.114
24037,7867.517
24038,4806.9927
24039,6276.3447
24040,6094.676
24041,7139.4517
24042,5790.8247
24043,5409.1553
24044,7599.29
24045,7253.807
24046,6290.861
24047,5006.519
24048,6835.717
24049,10314.9795
24050,6177.6855
24051,4666.4585
24052,6333.161
24053,5831.02
24054,5972.284
24055,7231.204
24056,3784.9524
24057,7783.378
24058,5742.2407
24059,6856.2593
24060,8323.121
24061,4780.709
24062,5658.989
24063,5323.3896
24064,7983.9165
24065,8467.264
24066,4914.1626
24067,4951.7114
24068,6779.499
24069,5787.385
24070,5725.112
24071,8478.755
24072,6267.0483
24073,7539.634
24074,5687.908
24075,4578.6357
24076,6494.1963
24077,7560.9497
24078,7286.961
24079,8321.652
24080,8027.938
24081,5687.816
24082,8647.108
24083,5830.642
24084,7546.087
24085,8505.387
24086,6655.1025
24087,9485.411
24088,7816.476
24089,7196.6426
24090,5843.442
24091,7080.669
24092,7578.162
24093,6338.6123
24094,4162.035
24095,5693.602
24096,7501.7017
24097,6243.1772
24098,4915.269
24099,8317.232
24100,6276.2905
24101,5979.038
24102,5241.407
24103,5351.8755
24104,7289.707
24105,6465.6846
24106,6389.718
24107,5508.022
24108,5385.7817
24109,6541.294
24110,3949.3406
24111,6247.383
24112,5226.9536
24113,7856.4565
24114,7213.3486
24115,6365.841
24116,10890.482
24117,4856.7046
24118,4894.86
24119,10167.314
24120,6006.5444
24121,8132.2856
24122,7649.3945
24123,5749.782
24124,6189.789
24125,5468.373
24126,7662.5825
24127,10848.724
24128,6203.075
24129,3619.8557
24130,4603.383
24131,8689.107
24132,8894.169
24133,6324.8726
24134,7135.7485
24135,4511.0327
24136,4979.434
24137,3133.4412
24138,5054.6475
24139,5975.0986
24140,7001.9375
24141,6536.093
24142,6299.778
24143,7994.4854
24144,8442.893
24145,7198.8735
24146,5371.9087
24147,8369.348
24148,10538.034
24149,5689.9536
24150,7596.7974
24151,5463.5815
24152,6573.405
24153,4087.242
24154,6827.3174
24155,5367.606
24156,8192.16
24157,6640.519
24158,8568.891
24159,7586.3413
24160,5223.196
24161,8967.988
24162,16718.053
24163,10265.612
24164,6003.377
24165,3284.6462
24166,6127.592
24167,8866.219
24168,5556.31
24169,10989.89
24170,15209.376
24171,3930.9612
24172,5308.735
24173,7993.487
24174,4667.5225
24175,9230.685
24176,6344.8486
24177,7404.6743
24178,3878.3835
24179,6747.514
24180,6001.871
24181,6664.4023
24182,9743.179
24183,6217.0127
24184,5419.9546
24185,6798.42
24186,5167.239
24187,5102.8833
24188,7921.8076
24189,5758.745
24190,5676.0117
24191,6906.5293
24192,5942.5596
24193,5384.1484
24194,7070.222
24195,6550.4224
24196,8204.444
24197,8243.626
24198,7123.073
24199,5112.6855
24200,4001.5703
24201,6716.603
24202,6377.479
24203,6167.065
24204,4335.9785
24205,8151.2725
24206,7258.9355
24207,8767.578
24208,6394.089
24209,5200.1445
24210,5609.102
24211,4434.7515
24212,9417.963
24213,5207.575
24214,7582.985
24215,12878.206
24216,7272.276
24217,6867.53
24218,5234.4775
24219,4600.196
24220,7112.387
24221,4547.679
24222,5844.25
24223,9432.67
24224,5524.7915
24225,14007.34
24226,12789.16
24227,5005.478
24228,6705.9062
24229,5285.004
24230,6227.0483
24231,5890.213
24232,10514.081
24233,7635.5083
24234,8122.1465
24235,4344.0806
24236,7160.8525
24237,4874.536
24238,8067.0605
24239,6620.414
24240,6349.2075
24241,6427.641
24242,5898.6465
24243,8357.056
24244,8822.187
24245,5811.1816
24246,9493.403
24247,6326.731
24248,8327.75
24249,5213.818
24250,5153.024
24251,5019.439
24252,9749.035
24253,5683.564
24254,7538.6343
24255,6485.5425
24256,8783.698
24257,4722.1704
24258,7666.8154
24259,6787.671
24260,3968.635
24261,13186.117
24262,14383.176
24263,6739.2812
24264,6718.82
24265,8496.694
24266,10425.816
24267,9899.762
24268,5978.1943
24269,7663.24
24270,5658.066
24271,7900.039
24272,4125.224
24273,6114.1406
24274,5593.8804
24275,5668.4375
24276,7371.8633
24277,4890.1934
24278,4898.4707
24279,6878.924
24280,4172.577
24281,4693.829
24282,5811.3145
24283,6810.206
24284,8670.943
24285,8495.7705
24286,6702.1143
24287,6196.665
24288,6032.5195
24289,10386.691
24290,6987.0933
24291,5743.6978
24292,4914.336
24293,8984.375
24294,4285.3696
24295,7157.206
24296,3430.4478
24297,5239.6626
24298,7147.1714
24299,6055.7812
24300,5214.8076
24301,8080.953
24302,9046.578
24303,10371.98
24304,5701.1777
24305,10065.963
24306,3191.762
24307,5389.199
24308,6618.766
24309,4573.851
24310,8093.202
24311,5383.8506
24312,5039.617
24313,8511.668
24314,10076.865
24315,8212.172
24316,5312.99
24317,4948.3965
24318,9982.611
24319,7404.978
24320,5946.018
24321,5334.272
24322,6625.537
24323,9143.508
24324,4531.134
24325,6311.3496
24326,7184.832
24327,8115.5103
24328,12749.323
24329,5124.115
24330,11642.141
24331,6744.7344
24332,4940.3696
24333,3797.9656
24334,5732.204
24335,5954.134
24336,5804.7495
24337,7284.848
24338,5124.086
24339,4863.399
24340,7234.764
24341,3391.3113
24342,7757.009
24343,6912.6387
24344,7977.614
24345,8635.117
24346,5209.915
24347,8820.47
24348,6477.592
24349,5653.437
24350,5661.5264
24351,5088.753
24352,10119.271
24353,6018.645
24354,5137.0938
24355,7490.2837
24356,8399.984
24357,7177.1953
24358,5766.7207
24359,8334.782
24360,5666.761
24361,5706.33
24362,6217.41
24363,8526.651
24364,6270.2354
24365,5792.731
24366,5956.0537
24367,5072.2085
24368,4111.2197
24369,5542.019
24370,8053.914
24371,8275.365
24372,9823.322
24373,10712.732
24374,7454.278
24375,6117.6875
24376,4747.1865
24377,9984.24
24378,9771.619
24379,7251.178
24380,8469.719
24381,8705.731
24382,6036.704
24383,3796.198
24384,10017.271
24385,6223.83
24386,6538.2437
24387,6040.8394
24388,2659.6604
24389,11050.82
24390,5893.63
24391,4841.3438
24392,4633.3213
24393,6306.2827
24394,6241.0576
24395,7505.1084
24396,6864.2686
24397,4947.632
24398,4977.9
24399,4578.9717
24400,3094.2158
24401,6680.708
24402,15048.006
24403,5212.878
24404,5565.736
24405,6746.33
24406,5184.2812
24407,5365.323
24408,5176.533
24409,4179.987
24410,7923.024
24411,6825.423
24412,4093.4497
24413,7790.723
24414,5535.9116
24415,4556.4546
24416,8315.606
24417,7774.3706
24418,9090.465
24419,5112.037
24420,6680.4404
24421,4895.495
24422,4633.3965
24423,13742.015
24424,9527.8
24425,6196.6353
24426,5664.8267
24427,4924.448
24428,5406.143
24429,4670.315
24430,9164.672
24431,5097.4004
24432,5522.094
24433,7046.8467
24434,4892.2837
24435,6276.0034
24436,7123.9834
24437,7643.4873
24438,6775.549
24439,4244.532
24440,5646.097
24441,6406.7935
24442,8237.998
24443,8594.608
24444,6835.325
24445,4732.4067
24446,7477.4062
24447,5874.458
24448,4163.325
24449,7122.543
24450,7054.11
24451,6584.9517
24452,6088.5923
24453,6332.841
24454,6157.966
24455,5591.5703
24456,7014.939
24457,7029.8022
24458,5863.3066
24459,8990.941
24460,5951.522
24461,4606.572
24462,11153.254
24463,6044.3267
24464,3638.9983
24465,7526.3057
24466,8327.782
24467,9960.471
24468,4841.353
24469,5583.0273
24470,5853.952
24471,7180.0093
24472,6244.4697
24473,9369.269
24474,3381.9744
24475,6600.6724
24476,6071.027
24477,5194.032
24478,4903.351
24479,6767.405
24480,7775.023
24481,5443.352
24482,8402.261
24483,6546.431
24484,7655.6133
24485,4763.8203
24486,6259.497
24487,6111.5576
24488,7437.063
24489,8109.5757
24490,4214.3584
24491,7839.749
24492,6800.0347
24493,7562.111
24494,4815.9424
24495,3898.4246
24496,7864.7036
24497,6107.7695
24498,8644.371
24499,6394.632
24500,5814.558
24501,8477.526
24502,6492.611
24503,6627.939
24504,7496.173
24505,5852.8804
24506,7879.067
24507,10583.209
24508,7346.1035
24509,4605.0737
24510,5593.7466
24511,4535.467
24512,3320.4895
24513,7969.5674
24514,5628.541
24515,8367.057
24516,4879.2437
24517,7232.4043
24518,5832.116
24519,9819.959
24520,5026.808
24521,5640.6875
24522,6033.8486
24523,7205.0835
24524,5155.2856
24525,6980.499
24526,7305.8276
24527,9210.563
24528,7553.201
24529,6966.77
24530,5589.8
24531,4520.859
24532,5269.319
24533,10678.416
24534,9299.745
24535,7696.0776
24536,13029.836
24537,5762.9595
24538,5446.8477
24539,6311.0483
24540,8309.684
24541,9828.43
24542,6558.193
24543,7719.294
24544,7740.852
24545,6649.2524
24546,6778.2896
24547,5615.2476
24548,4751.3496
24549,5245.3535
24550,4139.253
24551,5137.8433
24552,8262.92
24553,14253.663
24554,6419.964
24555,4996.3477
24556,7035.1885
24557,3938.8813
24558,5917.615
24559,4347.961
24560,8508.551
24561,6310.7295
24562,5961.1294
24563,11917.25
24564,10875.12
24565,6242.7725
24566,6978.455
24567,3916.166
24568,5406.69
24569,5019.161
24570,8332.685
24571,5049.828
24572,4402.974
24573,5642.5977
24574,5709.025
24575,6944.0415
24576,7011.287
24577,3401.0825
24578,7173.4653
24579,7919.4126
24580,7734.247
24581,4805.2505
24582,4565.086
24583,7474.3545
24584,5037.387
24585,9080.179
24586,4328.1025
24587,5594.8193
24588,6723.628
24589,5896.7114
24590,4543.417
24591,5760.893
24592,6730.3394
24593,9270.282
24594,9409.604
24595,5450.236
24596,3801.3655
24597,5452.961
24598,6308.2197
24599,4866.7866
24600,6466.9614
24601,5625.9165
24602,10917.188
24603,7172.61
24604,6027.0327
24605,7409.3794
24606,4763.3115
24607,8949.079
24608,5469.735
24609,12525.697
24610,6275.004
24611,5646.776
24612,5484.645
24613,4215.9585
24614,7281.8193
24615,15550.119
24616,4695.504
24617,5077.969
24618,9417.415
24619,6453.2085
24620,6916.3057
24621,7417.0654
24622,6324.1123
24623,5103.6475
24624,4666.6274
24625,9279.783
24626,5943.8745
24627,6274.9497
24628,7162.342
24629,4775.759
24630,7397.7983
24631,6183.64
24632,3946.6292
24633,7904.448
24634,8364.767
24635,4350.749
24636,7387.7715
24637,6714.028
24638,4958.0254
24639,8775.442
24640,6278.1587
24641,7456.432
24642,4529.522
24643,5020.028
24644,6186.389
24645,4118.568
24646,7260.3066
24647,4476.0312
24648,5680.247
24649,5045.1963
24650,5781.1943
24651,6202.7915
24652,7241.0464
24653,6974.948
24654,8347.416
24655,6116.5205
24656,7476.9214
24657,6161.6436
24658,8348.674
24659,8847.862
24660,6271.0127
24661,3872.7383
24662,5989.547
24663,6690.541
24664,4392.692
24665,10854.033
24666,5649.6797
24667,6436.193
24668,9373.782
24669,6443.306
24670,4241.5044
24671,10372.337
24672,9146.596
24673,5312.99
24674,7826.204
24675,9168.405
24676,6287.2197
24677,5369.3164
24678,6648.999
24679,5618.8374
24680,5991.5293
24681,7038.8667
24682,4897.812
24683,6177.9624
24684,7677.587
24685,6599.7534
24686,7961.7114
24687,5734.7524
24688,6623.4204
24689,4083.306
24690,7519.912
24691,6903.2827
24692,5900.914
24693,6483.0312
24694,7506.6763
24695,8628.852
24696,5893.478
24697,5013.8022
24698,6122.725
24699,7174.731
24700,6709.4507
24701,4191.2944
24702,4090.8381
24703,7631.6567
24704,6854.9517
24705,5602.5415
24706,7943.6284
24707,6039.071
24708,6814.605
24709,5287.9434
24710,3852.1091
24711,6611.8633
24712,6321.121
24713,6518.0137
24714,8968.339
24715,8132.4644
24716,5151.471
24717,7918.3325
24718,4113.679
24719,3328.4656
24720,7783.0513
24721,11194.85
24722,7697.2446
24723,6881.916
24724,4454.5083
24725,6781.879
24726,8477.574
24727,6266.4688
24728,7918.499
24729,5637.1216
24730,4278.344
24731,5404.9263
24732,5273.9
24733,5935.0537
24734,5160.55
24735,5062.4595
24736,4058.0815
24737,6796.19
24738,7137.804
24739,5243.1123
24740,6026.297
24741,6690.3877
24742,5286.511
24743,4856.7646
24744,8656.532
24745,7679.191
24746,5924.257
24747,3905.94
24748,12792.466
24749,6208.0176
24750,5778.074
24751,8182.165
24752,7567.335
24753,7320.9365
24754,5763.872
24755,6823.9453
24756,9319.368
24757,12011.253
24758,5174.1143
24759,4608.576
24760,5135.5356
24761,6191.7256
24762,5723.583
24763,8036.802
24764,8734.275
24765,5738.6704
24766,4425.4297
24767,6146.5933
24768,8214.256
24769,5153.476
24770,6920.9844
24771,4076.5186
24772,7190.042
24773,7545.1514
24774,7371.547
24775,7966.725
24776,6183.7344
24777,4509.011
24778,5961.2827
24779,7539.8994
24780,7968.678
24781,7362.4194
24782,7220.1016
24783,6261.808
24784,4365.8984
24785,8993.763
24786,4352.2725
24787,9999.793
24788,5851.959
24789,4587.208
24790,6608.7295
24791,5613.0786
24792,7569.825
24793,7522.961
24794,4025.8752
24795,5081.6177
24796,7380.855
24797,8425.477
24798,9461.666
24799,5915.414
24800,5994.685
24801,6395.2173
24802,6057.5493
24803,5522.3257
24804,10123.432
24805,7924.6943
24806,10461.3955
24807,4495.256
24808,6016.7163
24809,8715.602
24810,7246.5044
24811,5444.115
24812,9544.49
24813,6477.561
24814,5453.2417
24815,5058.366
24816,5265.2896
24817,5153.8594
24818,5751.351
24819,5049.2886
24820,5136.589
24821,8331.905
24822,6228.581
24823,17646.727
24824,6425.0913
23113,4497.7305
23114,7025.7065
23115,8443.819
23116,5714.1895
23117,7144.384
23118,5666.2534
23119,7364.2876
23120,7635.4062
23121,5637.0137
23122,5803.7754
23123,6932.3545
23124,7677.77
23125,7205.4
23126,7688.2637
23127,5901.584
23128,4902.2334
23129,5802.403
23130,10197.887
23131,10175.405
23132,9508.727
23133,7863.7363
23134,4687.556
23135,6145.4263
23136,4423.762
23137,7482.358
23138,10667.107
23139,9021.899
23140,6446.324
23141,5232.2363
23142,4669.1924
23143,6418.7944
23144,10265.279
23145,7026.229
23146,5577.332
23147,5709.417
23148,7088.8457
23149,3525.6113
23150,7580.801
23151,4316.7188
23152,7003.801
23153,6504.2017
23154,5200.784
23155,7930.229
23156,7205.0835
23157,4919.997
23158,6547.5864
23159,7567.0894
23160,11480.799
23161,6366.0776
23162,7678.195
23163,7551.9985
23164,9185.674
23165,6573.0977
23166,9392.486
23167,4443.733
23168,4430.371
23169,6029.8613
23170,6267.6284
23171,9114.009
23172,7733.967
23173,5167.7563
23174,7595.9277
23175,6915.422
23176,9870.8545
23177,4047.1682
23178,12004.152
23179,5048.9707
23180,5831.782
23181,8299.323
23182,5132.852
23183,6736.8135
23184,6490.3877
23185,7054.1367
23186,6035.5757
23187,5567.2705
23188,7812.772
23189,7504.1133
23190,6580.456
23191,4900.784
23192,7229.839
23193,11215.775
23194,6297.4287
23195,4515.622
23196,6756.0537
23197,5922.844
23198,6169.689
23199,8118.8086
23200,4004.805
23201,8160.4595
23202,5754.539
23203,6950.2305
23204,7841.9326
23205,5071.2217
23206,6012.058
23207,5557.927
23208,8471.7705
23209,8666.958
23210,5006.4136
23211,5082.738
23212,7164.542
23213,6133.416
23214,5971.4526
23215,8826.622
23216,6661.5234
23217,7451.619
23218,5773.832
23219,4857.307
23220,6875.578
23221,7300.408
23222,7343.568
23223,8897.945
23224,8165.0376
23225,5842.918
23226,8729.1455
23227,5956.1333
23228,7284.973
23229,8489.283
23230,7225.854
23231,9626.8
23232,8552.691
23233,7327.5176
23234,6061.248
23235,7657.052
23236,7790.233
23237,6565.6284
23238,4212.847
23239,5855.259
23240,7357.0703
23241,6425.477
23242,5323.628
23243,8304.486
23244,6532.453
23245,6305.549
23246,5446.889
23247,5418.595
23248,7011.9424
23249,6746.903
23250,6561.966
23251,5871.455
23252,5144.8564
23253,6870.727
23254,4172.2983
23255,6465.333
23256,5388.7676
23257,8158.226
23258,7485.4272
23259,6617.529
23260,11773.344
23261,4787.4946
23262,5326.427
23263,10203.18
23264,6189.724
23265,8634.886
23266,7807.818
23267,6075.29
23268,6547.1616
23269,5751.894
23270,7440.71
23271,10628.7295
23272,6295.1943
23273,3649.7754
23274,4678.403
23275,8823.432
23276,9594.232
23277,6606.001
23278,7332.74
23279,4587.9126
23280,4833.79
23281,3108.8323
23282,4892.33
23283,6169.171
23284,7152.62
23285,6665.801
23286,6427.488
23287,8608.021
23288,8787.168
23289,7428.981
23290,5672.256
23291,8321.152
23292,10365.256
23293,5777.016
23294,7887.985
23295,5807.7017
23296,7014.056
23297,4296.47
23298,6928.7983
23299,5872.5645
23300,8370.321
23301,6872.936
23302,8949.601
23303,7639.347
23304,5435.393
23305,9095.946
23306,16935.277
23307,10052.186
23308,5747.545
23309,3577.1936
23310,6952.14
23311,8887.419
23312,6040.7188
23313,11137.979
23314,16115.936
23315,4283.428
23316,5254.372
23317,8308.78
23318,4783.108
23319,9063.886
23320,6514.3467
23321,7417.6807
23322,4348.0894
23323,7063.947
23324,6222.1562
23325,6866.7437
23326,10447.895
23327,6633.555
23328,5820.235
23329,7087.791
23330,5450.0176
23331,5570.8506
23332,8141.11
23333,6059.277
23334,5933.6953
23335,7184.6196
23336,5739.4316
23337,5520.446
23338,6881.562
23339,6694.652
23340,8536.343
23341,7783.7563
23342,7339.4434
23343,5209.4927
23344,4382.8813
23345,6812.8438
23346,6583.017
23347,6388.5356
23348,4459.206
23349,8330.34
23350,7225.3164
23351,9079.581
23352,6471.9224
23353,5596.6606
23354,5689.509
23355,4456.485
23356,9184.027
23357,5608.9736
23358,8016.6978
23359,12913.752
23360,7570.006
23361,6678.032
23362,5648.726
23363,4691.649
23364,7589.946
23365,4370.5693
23366,5713.3447
23367,9081.591
23368,5998.529
23369,13903.351
23370,12392.847
23371,5592.749
23372,6919.3936
23373,5349.089
23374,6259.2227
23375,6049.829
23376,11161.363
23377,8045.7217
23378,8553.449
23379,4484.878
23380,7300.9863
23381,5266.6104
23382,8407.52
23383,7203.153
23384,6527.9185
23385,6736.55
23386,6159.1406
23387,8700.22
23388,8618.274
23389,6399.8613
23390,9849.77
23391,6631.518
23392,8297.598
23393,5214.658
23394,5329.9033
23395,5310.994
23396,9881.065
23397,6147.713
23398,7898.2383
23399,6921.5586
23400,9439.4375
23401,4963.178
23402,8165.4814
23403,6595.3984
23404,4079.7786
23405,13542.892
23406,15043.571
23407,7185.7026
23408,7167.4536
23409,8721.938
23410,10107.06
23411,10094.007
23412,6153.1514
23413,7419.8604
23414,6194.9863
23415,8160.522
23416,4237.9014
23417,6250.804
23418,5844.401
23419,5645.1924
23420,7580.121
23421,4806.5986
23422,4880.3887
23423,7199.0044
23424,4399.4263
23425,4962.634
23426,5803.587
23427,6910.496
23428,8739.191
23429,9268.54
23430,6774.2114
23431,6501.125
23432,6296.0293
23433,10215.419
23434,7031.0156
23435,6239.5103
23436,5207.6597
23437,9829.817
23438,4471.883
23439,7667.4443
23440,3407.454
23441,5078.783
23442,7382.3477
23443,6280.6387
23444,5580.5674
23445,8544.301
23446,9541.687
23447,10041.511
23448,5600.265
23449,10678.294
23450,3219.6584
23451,5794.455
23452,7496.3086
23453,4759.1104
23454,8584.875
23455,5380.996
23456,5022.878
23457,8572.234
23458,10148.7705
23459,8391.873
23460,5748.0933
23461,4949.3735
23462,9316.809
23463,7776.9736
23464,5893.326
23465,5820.468
23466,7145.7197
23467,8832.997
23468,4877.294
23469,6014.0083
23470,7644.632
23471,8027.639
23472,12543.128
23473,5738.101
23474,12214.798
23475,7055.617
23476,5193.0063
23477,3759.6694
23478,6037.401
23479,6253.118
23480,5922.6406
23481,7819.8467
23482,5517.6714
23483,4977.8574
23484,7713.752
23485,3572.0957
23486,8081.1226
23487,7319.4004
23488,8185.5137
23489,8988.249
23490,5727.8975
23491,9136.046
23492,6732.06
23493,5899.389
23494,6038.426
23495,4962.35
23496,10323.837
23497,6329.254
23498,5364.781
23499,7513.9683
23500,8741.242
23501,7712.5454
23502,6074.96
23503,8496.16
23504,5608.198
23505,6063.434
23506,6398.097
23507,9330.788
23508,6398.683
23509,5855.2925
23510,6179.672
23511,5557.3755
23512,4381.74
23513,6010.963
23514,8428.113
23515,7949.753
23516,10439.368
23517,10722.301
23518,7661.866
23519,6240.7124
23520,4801.7686
23521,10152.072
23522,10003.218
23523,7580.338
23524,8275.594
23525,8800.537
23526,6229.365
23527,3660.9966
23528,10754.265
23529,6578.1655
23530,6603.7515
23531,6064.192
23532,2805.4385
23533,10791.233
23534,6075.064
23535,4761.4355
23536,4754.632
23537,6695.035
23538,6370.202
23539,7476.337
23540,7251.151
23541,5106.783
23542,5375.917
23543,4309.128
23544,3268.0686
23545,6995.1553
23546,15494.101
23547,5348.4663
23548,6222.3696
23549,6742.5347
23550,5360.924
23551,5384.354
23552,5618.4834
23553,4225.553
23554,8369.275
23555,7142.7485
23556,4154.5854
23557,8187.708
23558,5459.2476
23559,4717.992
23560,8799.916
23561,8128.4316
23562,8995.419
23563,4923.349
23564,6751.3125
23565,5248.286
23566,4958.007
23567,13682.614
23568,9877.579
23569,6503.8667
23570,5640.553
23571,5298.506
23572,5693.4717
23573,4546.76
23574,8735.925
23575,5341.069
23576,5647.11
23577,7284.654
23578,5189.2188
23579,6292.163
23580,7124.8804
23581,7871.0674
23582,7298.083
23583,4396.5737
23584,5677.9395
23585,6895.4185
23586,8431.257
23587,8832.349
23588,7018.3657
23589,4471.998
23590,7904.2524
23591,6145.913
23592,4288.9316
23593,7168.9985
23594,7263.43
23595,6661.288
23596,6440.0063
23597,6249.308
23598,6556.679
23599,5839.575
23600,7302.8877
23601,7812.049
23602,6060.826
23603,8999.821
23604,6331.198
23605,4838.5923
23606,11161.704
23607,5986.1997
23608,3670.5432
23609,7775.357
23610,8674.054
23611,10141.542
23612,5039.2036
23613,5698.3345
23614,6133.3516
23615,7713.0454
23616,6478.9824
23617,9397.415
23618,3559.5947
23619,6819.8394
23620,6168.4766
23621,5277.5835
23622,5036.743
23623,6954.8525
23624,7840.534
23625,5740.291
23626,8189.1294
23627,6597.7456
23628,7760.376
23629,5067.039
23630,6403.2256
23631,6235.3457
23632,7582.7603
23633,8640.653
23634,4121.9043
23635,8009.9336
23636,7050.3833
23637,7497.3027
23638,5201.752
23639,3960.6514
23640,8261.7295
23641,6206.733
23642,8668.843
23643,6477.5117
23644,5723.8887
23645,8829.923
23646,6422.726
23647,6846.542
23648,8079.458
23649,5873.959
23650,8189.739
23651,11035.843
23652,7534.7954
23653,4733.215
23654,5784.708
23655,4506.388
23656,3535.5771
23657,7834.479
23658,6118.3467
23659,8407.086
23660,5287.7466
23661,7393.1357
23662,6152.036
23663,9840.437
23664,5335.6665
23665,6018.7827
23666,6288.431
23667,7452.842
23668,5565.136
23669,7263.0425
23670,7505.6523
23671,9296.269
23672,7846.4595
23673,7146.3125
23674,5887.6235
23675,4559.8633
23676,5565.0195
23677,11021.159
23678,9523.112
23679,7612.8926
23680,13518.85
23681,5786.358
23682,5475.801
23683,6349.1167
23684,8551.794
23685,9985.469
23686,7120.132
23687,7853.872
23688,8059.3853
23689,6985.0146
23690,6825.5205
23691,6114.4614
23692,4820.8374
23693,5668.286
23694,4098.4155
23695,5394.44
23696,8741.968
23697,15071.575
23698,6454.347
23699,4929.6978
23700,7344.983
23701,4134.683
23702,6280.872
23703,4260.401
23704,8749.817
23705,6771.214
23706,6264.4727
23707,12129.447
23708,11557.088
23709,6228.997
23710,7074.6475
23711,4131.348
23712,5547.953
23713,5144.9053
23714,8807.994
23715,5449.134
23716,4658.191
23717,5813.926
23718,5871.164
23719,7186.223
23720,7497.7314
23721,3428.465
23722,7504.593
23723,7988.8374
23724,7551.7896
23725,5215.6084
23726,4819.5176
23727,7648.738
23728,5362.325
23729,9336.878
23730,4608.998
23731,5695.7207
23732,6905.153
23733,6252.116
23734,4936.6104
23735,5985.4062
23736,6728.401
23737,9750.142
23738,9354.6875
23739,5945.1675
23740,3811.0999
23741,5556.8086
23742,6406.9155
23743,5007.2163
23744,6584.694
23745,5746.4595
23746,11200.563
23747,7463.1846
23748,6072.55
23749,7303.278
23750,4855.093
23751,8901.451
23752,5626.1846
23753,11987.849
23754,6702.5747
23755,6118.866
23756,5630.7534
23757,4478.833
23758,7325.246
23759,16345.809
23760,4747.1274
23761,5521.5566
23762,9579.492
23763,6898.2407
23764,7378.3633
23765,7772.7173
23766,6549.2354
23767,5787.0645
23768,4751.4854
23769,9208.068
23770,6316.4927
23771,6476.2573
23772,8000.84
23773,4780.4624
23774,7569.3706
23775,6753.7856
23776,3997.2517
23777,8072.6025
23778,8373.946
23779,4303.5703
23780,7872.126
23781,7195.2563
23782,5139.3433
23783,8884.673
23784,6882.0605
23785,7989.325
23786,4732.5015
23787,4988.6284
23788,5937.6924
23789,4326.79
23790,7183.948
23791,4395.773
23792,6042.309
23793,5198.825
23794,6138.25
23795,6454.8457
23796,7083.0737
23797,7269.9595
23798,8975.81
23799,6289.2646
23800,7787.9
23801,6148.053
23802,8660.496
23803,8712.751
23804,6592.499
23805,4328.8125
23806,6103.728
23807,6734.565
23808,4703.2095
23809,11429.035
23810,6071.3105
23811,6616.4497
23812,9655.628
23813,6645.6895
23814,4374.594
23815,10512.437
23816,9063.315
23817,5651.313
23818,8049.5215
23819,9239.687
23820,6698.216
23821,5494.0386
23822,7038.289
23823,5726.3623
23824,6182.307
23825,7736.7407
23826,4944.7446
23827,6833.2393
23828,8328.695
23829,6641.811
23830,8077.262
23831,5667.259
23832,6896.2734
23833,3918.352
23834,7553.763
23835,7140.6914
23836,5972.1816
23837,6502.849
23838,8218.613
23839,8637.975
23840,6270.4985
23841,5159.9097
23842,6270.4805
23843,7415.5303
23844,6860.1187
23845,4268.0845
23846,4182.9663
23847,7793.7183
23848,7161.604
23849,5726.679
23850,8347.113
23851,6429.1
23852,6985.481
23853,5699.704
23854,3696.4893
23855,6957.8384
23856,6672.2637
23857,6895.6553
23858,8802.552
23859,8026.33
23860,5365.722
23861,8089.899
23862,4189.016
23863,3163.0781
23864,7962.1826
23865,11625.808
23866,8016.086
23867,7043.769
23868,4495.7876
23869,6970.652
23870,8591.8955
23871,6562.5044
23872,8107.1704
23873,5457.6333
23874,4365.707
23875,5530.0586
23876,5758.63
23877,5970.1143
23878,5310.2646
23879,5360.2744
23880,4312.973
23881,7009.4014
23882,7501.6514
23883,5882.364
23884,6090.23
23885,7190.488
23886,5273.638
23887,4939.917
23888,8817.055
23889,7898.6226
23890,6214.742
23891,3991.4678
23892,12529.234
23893,6332.7563
23894,5991.7236
23895,8611.906
23896,7919.6167
23897,7346.3
23898,5970.6436
23899,6953.652
23900,9743.848
23901,12235.493
23902,5413.92
23903,4917.67
23904,5482.443
23905,6350.128
23906,6059.433
23907,8473.517
23908,8812.111
23909,6020.666
23910,4603.5586
23911,6339.5737
23912,8042.7065
23913,5472.5005
23914,7119.609
23915,4198.9814
23916,7222.1743
23917,7518.1406
23918,7526.4775
23919,8033.9126
23920,6172.002
23921,4711.8535
23922,5984.2017
23923,7934.496
23924,8226.408
23925,7557.9
23926,7587.796
23927,6478.8584
23928,4430.697
23929,9044.214
23930,4516.859
23931,10506.352
23932,6148.7393
23933,4911.9834
23934,6775.6655
23935,5816.1167
23936,7496.8877
23937,7715.054
23938,4082.1921
23939,5146.54
23940,7581.1045
23941,8436.132
23942,9692.165
23943,6179.6245
23944,5988.9585
23945,6220.352
23946,6527.607
23947,5552.9194
23948,10317.686
23949,8056.4727
23950,10947.27
23951,4911.1587
23952,6188.431
23953,8994.363
23954,7362.3984
23955,5676.7593
23956,9511.194
23957,6577.3057
23958,5804.5005
23959,5543.1396
23960,5712.7944
23961,5056.803
23962,6144.811
23963,5267.7964
23964,5370.146
23965,8288.075
23966,6176.3364
23967,18202.48
23968,6964.0063
22257,3762.9202
22258,3824.998
22259,5912.921
22260,3016.0488
22261,6008.8306
22262,4387.3525
22263,5163.9917
22264,5622.7725
22265,4316.4385
22266,3097.5886
22267,5398.733
22268,5445.3096
22269,4137.062
22270,5269.2837
22271,4699.38
22272,3073.0999
22273,4093.5044
22274,7080.4463
22275,8141.4824
22276,6862.789
22277,6672.2065
22278,3719.6333
22279,5029.868
22280,2211.1292
22281,7378.49
22282,7355.0215
22283,8344.726
22284,5796.887
22285,2800.9082
22286,4363.4795
22287,5569.618
22288,7754.4863
22289,4002.8303
22290,5084.1875
22291,4421.1216
22292,5427.658
22293,2502.627
22294,7100.2407
22295,3581.9946
22296,6533.101
22297,5869.686
22298,3249.5588
22299,7552.092
22300,6063.4106
22301,4396.6113
22302,3620.529
22303,6874.411
22304,9539.958
22305,5718.3496
22306,5138.7207
22307,7566.7935
22308,7221.8164
22309,5434.3926
22310,6338.8
22311,2238.9387
22312,2409.1565
22313,4405.7974
22314,5683.141
22315,7981.244
22316,6969.668
22317,3839.09
22318,7440.9517
22319,7539.1875
22320,5637.3687
22321,2866.068
22322,9751.909
22323,3376.6135
22324,4147.941
22325,6865.5454
22326,4063.1519
22327,5479.1284
22328,2645.7969
22329,5141.236
22330,4928.4614
22331,5071.749
22332,7639.5513
22333,6460.075
22334,4138.049
22335,3234.6326
22336,6819.553
22337,10892.695
22338,4983.5728
22339,2824.9746
22340,5954.1567
22341,5260.0586
22342,5708.5674
22343,8710.208
22344,2106.5415
22345,7016.5586
22346,4282.8975
22347,5220.541
22348,7279.4097
22349,2548.3303
22350,4180.1064
22351,4575.527
22352,7051.4595
22353,6906.345
22354,3773.2795
22355,4294.1387
22356,6863.116
22357,5434.9575
22358,4706.6694
22359,6508.744
22360,4270.7686
22361,5594.686
22362,4009.2427
22363,3012.1382
22364,5084.8716
22365,5811.675
22366,5447.606
22367,6818.9155
22368,7183.77
22369,3706.7012
22370,7287.1626
22371,3006.3765
22372,3256.9512
22373,7329.125
22374,6758.1416
22375,7131.4277
22376,8813.053
22377,6089.15
22378,4543.9585
22379,6765.6104
22380,6795.5283
22381,4624.151
22382,2797.9785
22383,5034.8555
22384,4471.8745
22385,5188.7534
22386,3446.0405
22387,5205.936
22388,6507.0312
22389,5837.3364
22390,5153.137
22391,2590.821
22392,5880.3105
22393,6308.0034
22394,3180.337
22395,4842.8726
22396,3181.2017
22397,5089.122
22398,3471.2112
22399,4320.3105
22400,4362.0396
22401,6639.8857
22402,5668.697
22403,6618.1978
22404,12357.768
22405,4000.5056
22406,4358.08
22407,9063.056
22408,4553.218
22409,7239.727
22410,6504.3257
22411,5006.0986
22412,5956.0483
22413,4274.294
22414,4581.5757
22415,7503.9775
22416,4915.63
22417,2827.822
22418,3217.4937
22419,6863.666
22420,8659.819
22421,5672.418
22422,6227.3394
22423,4115.2964
22424,2138.3835
22425,1661.5442
22426,3531.6536
22427,5055.785
22428,6308.7314
22429,4935.09
22430,4112.53
22431,7711.9565
22432,7324.345
22433,6465.228
22434,5049.814
22435,7356.481
22436,8214.476
22437,3416.6558
22438,5577.859
22439,4914.5327
22440,6043.6694
22441,2635.7144
22442,4803.546
22443,4546.968
22444,7858.645
22445,5406.6484
22446,7187.457
22447,6357.649
22448,4139.4424
22449,7168.848
22450,15371.406
22451,8350.012
22452,3590.5234
22453,3201.493
22454,6240.04
22455,7648.111
22456,3869.6362
22457,8596.42
22458,14256.409
22459,4740.6294
22460,2579.316
22461,8431.94
22462,3064.0952
22463,6153.527
22464,3126.1292
22465,5434.8696
22466,3615.3142
22467,6305.068
22468,4592.9175
22469,4763.966
22470,9627.957
22471,5553.3325
22472,5096.8755
22473,6663.9194
22474,5283.4565
22475,5298.3394
22476,8449.482
22477,4661.889
22478,5418.802
22479,4168.722
22480,3217.7668
22481,4848.8677
22482,4675.6685
22483,4604.3667
22484,7486.527
22485,7959.8135
22486,7088.2236
22487,4037.2085
22488,3393.3274
22489,4303.94
22490,4986.364
22491,5742.5747
22492,2701.6602
22493,6086.6294
22494,5298.9307
22495,7131.8086
22496,4980.1846
22497,4013.7083
22498,3157.2356
22499,2304.2705
22500,7699.6094
22501,5588.3394
22502,5639.02
22503,11125.6
22504,7048.514
22505,4189.2036
22506,5045.437
22507,2384.4783
22508,4118.4854
22509,3944.0886
22510,3402.7375
22511,7414.745
22512,4223.3003
22513,7718.197
22514,9795.105
22515,5444.624
22516,5416.993
22517,4044.98
22518,4840.379
22519,4842.2446
22520,10253.909
22521,5641.048
22522,6020.287
22523,2834.0525
22524,5315.2715
22525,4886.999
22526,7674.944
22527,5930.9
22528,4978.313
22529,6163.9126
22530,4499.5283
22531,8059.57
22532,6135.9673
22533,6013.704
22534,8049.245
22535,6430.376
22536,7550.7524
22537,3114.2168
22538,4898.12
22539,4141.0264
22540,8009.315
22541,6020.2583
22542,6862.0493
22543,5868.712
22544,7376.2803
22545,4301.6577
22546,6171.196
22547,5617.6313
22548,2781.6528
22549,11347.682
22550,13620.457
22551,6494.568
22552,5858.924
22553,6604.9106
22554,7787.8335
22555,7365.3696
22556,2951.7827
22557,4292.775
22558,4932.6943
22559,7090.448
22560,2399.8174
22561,4370.582
22562,5050.8784
22563,4911.032
22564,4819.389
22565,2689.4526
22566,2905.735
22567,6665.6357
22568,3435.0684
22569,4336.674
22570,4873.4014
22571,4853.347
22572,7943.492
22573,9533.072
22574,5078.1826
22575,6485.654
22576,5597.195
22577,9026.376
22578,4434.6587
22579,3097.7688
22580,4770.446
22581,10337.612
22582,3683.7886
22583,6757.0073
22584,1940.4861
22585,3601.7102
22586,5715.3887
22587,5551.823
22588,4521.381
22589,7864.314
22590,7923.9917
22591,7079.528
22592,3937.9946
22593,9914.956
22594,1818.2607
22595,3515.4724
22596,6534.6963
22597,4440.8433
22598,9265.278
22599,2535.937
22600,4720.414
22601,5084.522
22602,7095.5156
22603,8412.06
22604,4630.3125
22605,2627.3867
22606,8819.41
22607,8206.824
22608,4440.0596
22609,4980.9775
22610,7913.4326
22611,5477.4565
22612,4647.9604
22613,3619.6865
22614,6690.069
22615,4046.1646
22616,11754.383
22617,6405.2964
22618,11356.993
22619,5948.0146
22620,4259.7466
22621,2012.1487
22622,5362.6216
22623,5093.6387
22624,4609.8115
22625,8066.4834
22626,5119.7427
22627,2512.0974
22628,6618.9746
22629,3054.065
22630,8163.955
22631,6460.4507
22632,6454.8335
22633,7721.451
22634,4330.3203
22635,6585.617
22636,7122.8286
22637,5476.835
22638,6033.647
22639,3231.4836
22640,8359.894
22641,5444.328
22642,3595.4692
22643,4741.3804
22644,7123.78
22645,5551.1294
22646,3435.7239
22647,5076.3325
22648,5094.6055
22649,4659.4263
22650,4950.8564
22651,8645.607
22652,4365.994
22653,3759.7627
22654,5546.234
22655,4878.9736
22656,2994.309
22657,4916.957
22658,7802.227
22659,6501.745
22660,9837.143
22661,8119.7764
22662,6561.791
22663,4859.133
22664,3899.8193
22665,9057.732
22666,7069.743
22667,6736.3765
22668,5188.768
22669,5173.137
22670,4707.1724
22671,2252.3513
22672,11054.742
22673,5611.6978
22674,5332.797
22675,4480.9736
22676,1355.2458
22677,7455.6714
22678,5356.2725
22679,4035.576
22680,3731.6067
22681,6248.837
22682,4821.3154
22683,3747.2092
22684,8415.317
22685,4076.6235
22686,3905.3176
22687,3209.6763
22688,2209.6128
22689,4530.0796
22690,12198.976
22691,4463.104
22692,5282.7056
22693,4911.4634
22694,3516.9414
22695,3049.1858
22696,5552.019
22697,2599.3328
22698,8799.379
22699,5776.7954
22700,2615.4321
22701,7323.835
22702,2375.7017
22703,3393.214
22704,8105.4307
22705,7316.2246
22706,8025.0366
22707,2169.2449
22708,4793.5996
22709,3954.226
22710,3274.9531
22711,13903.643
22712,10124.948
22713,4811.9014
22714,3102.4329
22715,5005.764
22716,3876.7266
22717,2319.6118
22718,7083.6953
22719,4083.045
22720,4765.161
22721,6651.6504
22722,4273.968
22723,4666.5117
22724,5429.662
22725,6311.909
22726,6209.066
22727,2449.414
22728,5131.5693
22729,6462.5586
22730,7504.378
22731,5535.436
22732,6862.6055
22733,2111.941
22734,8022.6104
22735,4469.4097
22736,2652.808
22737,3700.2817
22738,4222.7847
22739,4401.643
22740,6395.3394
22741,3641.9329
22742,5167.712
22743,4540.1416
22744,6979.294
22745,7770.864
22746,4537.137
22747,6791.589
22748,5973.19
22749,2290.4768
22750,9605.302
22751,3390.3083
22752,3191.3206
22753,5722.4585
22754,9077.175
22755,9074.517
22756,3977.9285
22757,4465.3354
22758,5889.623
22759,6782.112
22760,4361.594
22761,7849.813
22762,2779.0876
22763,4724.6396
22764,3651.8547
22765,3021.8665
22766,2554.9834
22767,6819.0195
22768,5673.917
22769,5128.0366
22770,4687.5293
22771,6874.208
22772,6988.5796
22773,3937.048
22774,4764.0386
22775,4880.952
22776,6062.873
22777,5112.1396
22778,1867.5891
22779,5863.128
22780,6008.7905
22781,5984.721
22782,5244.168
22783,2594.9966
22784,8133.2944
22785,2826.2522
22786,8319.152
22787,4943.6035
22788,4474.144
22789,7732.9194
22790,3614.9968
22791,3840.1997
22792,8162.834
22793,2402.209
22794,5782.3965
22795,8631.773
22796,6510.508
22797,2370.4966
22798,4797.941
22799,3460.8918
22800,2101.613
22801,4853.7036
22802,5746.7446
22803,4669.513
22804,4026.363
22805,5421.1597
22806,4347.1523
22807,8464.695
22808,4461.3804
22809,5577.22
22810,3919.4363
22811,5405.39
22812,5380.4727
22813,5748.389
22814,7134.551
22815,8123.2393
22816,7104.224
22817,5310.6597
22818,4991.8364
22819,2545.4412
22820,5355.455
22821,7846.7285
22822,6597.607
22823,6074.948
22824,11595.621
22825,2834.8557
22826,4521.786
22827,4265.7607
22828,7727.7437
22829,8096.63
22830,6722.012
22831,6476.5786
22832,6998.7056
22833,6838.9644
22834,5705.225
22835,4801.0996
22836,2062.9653
22837,4420.8013
22838,3054.0183
22839,2910.1655
22840,6667.505
22841,14902.668
22842,5109.4243
22843,2910.013
22844,4437.646
22845,3587.5002
22846,5251.6064
22847,1960.139
22848,5858.499
22849,6149.056
22850,3316.3804
22851,9773.045
22852,10399.815
22853,3911.2158
22854,5397.1367
22855,3485.19
22856,3820.7825
22857,3645.4226
22858,8342.418
22859,3704.6155
22860,3955.09
22861,4491.458
22862,5002.2847
22863,4537.2583
22864,6979.886
22865,2775.585
22866,7332.516
22867,6224.3286
22868,4618.8037
22869,3628.8586
22870,3568.0498
22871,4282.738
22872,4599.7793
22873,8470.664
22874,4120.002
22875,3721.1523
22876,5856.577
22877,4553.9126
22878,5089.3354
22879,4004.9958
22880,5230.684
22881,8727.272
22882,6386.3906
22883,5557.0044
22884,3029.8857
22885,4413.356
22886,5676.954
22887,3644.5706
22888,4362.0894
22889,4751.7393
22890,9907.9795
22891,6386.8843
22892,4137.3545
22893,5536.6294
22894,4513.1206
22895,6286.878
22896,4869.2334
22897,8236.466
22898,6296.1494
22899,4533.5938
22900,3698.9902
22901,2049.3208
22902,4040.017
22903,16034.158
22904,1990.3215
22905,4740.218
22906,5549.811
22907,6761.585
22908,5164.1787
22909,7196.9927
22910,5099.8955
22911,5748.6963
22912,2546.8186
22913,7443.7056
22914,4022.7773
22915,5544.6626
22916,8122.945
22917,3671.31
22918,7375.6616
22919,5876.8115
22920,3037.0422
22921,5450.4077
22922,5903.6167
22923,2486.8135
22924,7745.9707
22925,5913.863
22926,4121.1064
22927,8523.041
22928,7209.098
22929,5992.2324
22930,4137.437
22931,3580.3447
22932,4867.2974
22933,3193.7693
22934,5519.9087
22935,2267.334
22936,5307.5146
22937,2762.967
22938,5288.443
22939,5359.968
22940,4555.698
22941,4869.294
22942,8023.138
22943,5242.532
22944,7026.799
22945,5118.5757
22946,5464.8745
22947,7829.728
22948,6389.937
22949,3836.1028
22950,4952.864
22951,4780.189
22952,4370.728
22953,10584.784
22954,5193.527
22955,5165.445
22956,7559.919
22957,6416.8047
22958,2017.9415
22959,8167.3975
22960,7203.7915
22961,5627.3438
22962,6763.8813
22963,6147.027
22964,7486.677
22965,4932.2754
22966,3940.6438
22967,3144.2239
22968,5650.763
22969,7077.3604
22970,2459.4763
22971,7000.6885
22972,6531.2817
22973,4791.177
22974,6638.9355
22975,4352.7915
22976,6559.8384
22977,2584.0203
22978,4415.141
22979,4603.5938
22980,3379.978
22981,5438.24
22982,6457.235
22983,7147.4575
22984,5754.7476
22985,3784.1545
22986,5763.757
22987,6763.004
22988,6940.466
22989,2411.5044
22990,2500.1975
22991,7724.737
22992,5630.603
22993,3681.0767
22994,6856.874
22995,6148.833
22996,5720.5864
22997,4437.092
22998,1816.3463
22999,5645.613
23000,5580.802
23001,4564.0234
23002,7621.124
23003,6245.3154
23004,3362.037
23005,5142.2217
23006,2880.3381
23007,1139.8282
23008,5806.97
23009,8959.0625
23010,5141.5156
23011,4255.393
23012,2685.1814
23013,4803.1562
23014,7032.29
23015,5702.434
23016,7945.644
23017,3793.3455
23018,3665.8647
23019,3399.7786
23020,5554.2437
23021,3320.9932
23022,2344.0818
23023,3890.7563
23024,3522.9924
23025,6499.538
23026,4166.8975
23027,4646.267
23028,5020.55
23029,6574.107
23030,4561.303
23031,3564.2532
23032,8541.196
23033,6736.145
23034,6186.6367
23035,1925.5499
23036,5545.7417
23037,4714.2314
23038,3766.587
23039,7313.4688
23040,8136.8247
23041,5760.3984
23042,5743.939
23043,5437.732
23044,6862.933
23045,10038.657
23046,3083.7957
23047,3425.268
23048,4639.0483
23049,5393.0767
23050,5201.9253
23051,8423.829
23052,6432.462
23053,5775.319
23054,2555.181
23055,6051.618
23056,6050.441
23057,3424.2878
23058,5793.305
23059,3081.117
23060,5970.86
23061,5389.1016
23062,5041.1606
23063,5778.873
23064,3625.3052
23065,4359.348
23066,5889.82
23067,4865.148
23068,7676.6133
23069,5071.8022
23070,7675.691
23071,4888.6914
23072,3297.638
23073,7426.657
23074,2550.5657
23075,9346.001
23076,5031.8887
23077,4353.485
23078,6343.227
23079,4159.5347
23080,4196.391
23081,5222.1597
23082,2700.7402
23083,2765.0527
23084,5414.7305
23085,5140.912
23086,9142.505
23087,5583.858
23088,4920.7856
23089,3608.6675
23090,5347.66
23091,2936.425
23092,9065.27
23093,6161.6084
23094,11435.796
23095,5118.151
23096,4617.3765
23097,6950.456
23098,6421.409
23099,2835.1614
23100,7289.7344
23101,5993.5703
23102,4943.0376
23103,5181.9478
23104,4726.74
23105,2629.6035
23106,4657.2715
23107,3137.144
23108,2565.2444
23109,6751.6216
23110,5386.3677
23111,18208.176
23112,6347.4395
21401,0.0
21402,0.0
21403,0.0
21404,0.0
21405,0.0
21406,0.0
21407,0.0
21408,0.0
21409,0.0
21410,0.0
21411,0.0
21412,0.0
21413,0.0
21414,0.0
21415,0.0
21416,0.0
21417,0.0
21418,0.0
21419,0.0
21420,0.0
21421,0.0
21422,0.0
21423,0.0
21424,0.0
21425,0.0
21426,0.0
21427,0.0
21428,0.0
21429,0.0
21430,0.0
21431,0.0
21432,0.0
21433,0.0
21434,0.0
21435,0.0
21436,0.0
21437,0.0
21438,0.0
21439,0.0
21440,0.0
21441,0.0
21442,0.0
21443,0.0
21444,0.0
21445,0.0
21446,0.0
21447,0.0
21448,0.0
21449,0.0
21450,0.0
21451,0.0
21452,0.0
21453,0.0
21454,0.0
21455,0.0
21456,0.0
21457,0.0
21458,0.0
21459,0.0
21460,0.0
21461,0.0
21462,0.0
21463,0.0
21464,0.0
21465,0.0
21466,0.0
21467,0.0
21468,0.0
21469,0.0
21470,0.0
21471,0.0
21472,0.0
21473,0.0
21474,0.0
21475,0.0
21476,0.0
21477,0.0
21478,0.0
21479,0.0
21480,0.0
21481,0.0
21482,0.0
21483,0.0
21484,0.0
21485,0.0
21486,0.0
21487,0.0
21488,0.0
21489,0.0
21490,0.0
21491,0.0
21492,4231.196
21493,0.0
21494,0.0
21495,0.0
21496,0.0
21497,0.0
21498,0.0
21499,0.0
21500,0.0
21501,0.0
21502,0.0
21503,0.0
21504,0.0
21505,0.0
21506,0.0
21507,0.0
21508,0.0
21509,0.0
21510,0.0
21511,0.0
21512,0.0
21513,0.0
21514,0.0
21515,0.0
21516,0.0
21517,0.0
21518,0.0
21519,0.0
21520,0.0
21521,0.0
21522,0.0
21523,0.0
21524,0.0
21525,0.0
21526,0.0
21527,0.0
21528,0.0
21529,0.0
21530,0.0
21531,0.0
21532,0.0
21533,0.0
21534,0.0
21535,0.0
21536,0.0
21537,0.0
21538,0.0
21539,0.0
21540,0.0
21541,0.0
21542,0.0
21543,0.0
21544,0.0
21545,0.0
21546,0.0
21547,0.0
21548,0.0
21549,0.0
21550,0.0
21551,0.0
21552,0.0
21553,0.0
21554,0.0
21555,0.0
21556,0.0
21557,0.0
21558,0.0
21559,0.0
21560,2322.7188
21561,0.0
21562,0.0
21563,0.0
21564,0.0
21565,0.0
21566,0.0
21567,0.0
21568,0.0
21569,0.0
21570,0.0
21571,0.0
21572,0.0
21573,0.0
21574,0.0
21575,0.0
21576,0.0
21577,0.0
21578,0.0
21579,0.0
21580,0.0
21581,0.0
21582,0.0
21583,0.0
21584,0.0
21585,0.0
21586,0.0
21587,0.0
21588,0.0
21589,0.0
21590,0.0
21591,0.0
21592,0.0
21593,0.0
21594,0.0
21595,0.0
21596,0.0
21597,0.0
21598,0.0
21599,0.0
21600,0.0
21601,13701.21
21602,20329.627
21603,0.0
21604,0.0
21605,0.0
21606,0.0
21607,0.0
21608,0.0
21609,0.0
21610,6228.379
21611,0.0
21612,0.0
21613,0.0
21614,0.0
21615,0.0
21616,0.0
21617,0.0
21618,0.0
21619,0.0
21620,0.0
21621,0.0
21622,0.0
21623,0.0
21624,0.0
21625,0.0
21626,0.0
21627,0.0
21628,0.0
21629,4804.8564
21630,0.0
21631,0.0
21632,0.0
21633,0.0
21634,0.0
21635,0.0
21636,0.0
21637,0.0
21638,0.0
21639,2827.4363
21640,0.0
21641,0.0
21642,0.0
21643,0.0
21644,0.0
21645,0.0
21646,0.0
21647,0.0
21648,0.0
21649,0.0
21650,0.0
21651,0.0
21652,0.0
21653,0.0
21654,0.0
21655,0.0
21656,0.0
21657,8124.37
21658,0.0
21659,0.0
21660,0.0
21661,0.0
21662,0.0
21663,0.0
21664,0.0
21665,0.0
21666,0.0
21667,0.0
21668,0.0
21669,0.0
21670,0.0
21671,0.0
21672,0.0
21673,0.0
21674,7924.0293
21675,0.0
21676,0.0
21677,0.0
21678,0.0
21679,0.0
21680,0.0
21681,0.0
21682,0.0
21683,0.0
21684,0.0
21685,0.0
21686,0.0
21687,0.0
21688,0.0
21689,0.0
21690,0.0
21691,0.0
21692,0.0
21693,0.0
21694,0.0
21695,0.0
21696,0.0
21697,0.0
21698,0.0
21699,0.0
21700,0.0
21701,0.0
21702,0.0
21703,0.0
21704,0.0
21705,0.0
21706,0.0
21707,0.0
21708,0.0
21709,0.0
21710,0.0
21711,0.0
21712,0.0
21713,0.0
21714,0.0
21715,0.0
21716,0.0
21717,0.0
21718,0.0
21719,0.0
21720,0.0
21721,0.0
21722,0.0
21723,0.0
21724,0.0
21725,0.0
21726,0.0
21727,0.0
21728,0.0
21729,0.0
21730,0.0
21731,0.0
21732,0.0
21733,0.0
21734,0.0
21735,0.0
21736,1661.4775
21737,0.0
21738,0.0
21739,0.0
21740,0.0
21741,0.0
21742,0.0
21743,0.0
21744,0.0
21745,0.0
21746,0.0
21747,0.0
21748,0.0
21749,0.0
21750,4748.8936
21751,0.0
21752,0.0
21753,0.0
21754,0.0
21755,0.0
21756,0.0
21757,0.0
21758,0.0
21759,0.0
21760,0.0
21761,0.0
21762,0.0
21763,0.0
21764,0.0
21765,0.0
21766,0.0
21767,0.0
21768,0.0
21769,0.0
21770,0.0
21771,0.0
21772,0.0
21773,0.0
21774,0.0
21775,0.0
21776,0.0
21777,0.0
21778,0.0
21779,0.0
21780,0.0
21781,0.0
21782,0.0
21783,0.0
21784,0.0
21785,0.0
21786,0.0
21787,0.0
21788,0.0
21789,0.0
21790,0.0
21791,0.0
21792,0.0
21793,7209.5244
21794,0.0
21795,0.0
21796,0.0
21797,0.0
21798,0.0
21799,0.0
21800,0.0
21801,0.0
21802,0.0
21803,2371.9468
21804,0.0
21805,0.0
21806,0.0
21807,4427.5786
21808,0.0
21809,0.0
21810,0.0
21811,0.0
21812,0.0
21813,0.0
21814,0.0
21815,0.0
21816,0.0
21817,0.0
21818,0.0
21819,0.0
21820,0.0
21821,0.0
21822,0.0
21823,0.0
21824,0.0
21825,0.0
21826,0.0
21827,0.0
21828,0.0
21829,0.0
21830,0.0
21831,0.0
21832,0.0
21833,0.0
21834,16437.34
21835,0.0
21836,0.0
21837,0.0
21838,0.0
21839,0.0
21840,0.0
21841,0.0
21842,0.0
21843,0.0
21844,0.0
21845,0.0
21846,0.0
21847,0.0
21848,5977.1567
21849,0.0
21850,0.0
21851,0.0
21852,0.0
21853,0.0
21854,0.0
21855,0.0
21856,0.0
21857,0.0
21858,0.0
21859,0.0
21860,0.0
21861,0.0
21862,0.0
21863,0.0
21864,0.0
21865,0.0
21866,0.0
21867,0.0
21868,0.0
21869,0.0
21870,0.0
21871,0.0
21872,0.0
21873,0.0
21874,0.0
21875,0.0
21876,0.0
21877,0.0
21878,0.0
21879,0.0
21880,0.0
21881,0.0
21882,0.0
21883,0.0
21884,0.0
21885,0.0
21886,0.0
21887,0.0
21888,0.0
21889,0.0
21890,0.0
21891,0.0
21892,0.0
21893,0.0
21894,0.0
21895,0.0
21896,0.0
21897,0.0
21898,0.0
21899,0.0
21900,0.0
21901,0.0
21902,0.0
21903,0.0
21904,0.0
21905,0.0
21906,0.0
21907,0.0
21908,0.0
21909,0.0
21910,0.0
21911,0.0
21912,0.0
21913,0.0
21914,0.0
21915,0.0
21916,0.0
21917,0.0
21918,0.0
21919,0.0
21920,0.0
21921,0.0
21922,0.0
21923,10087.577
21924,0.0
21925,0.0
21926,0.0
21927,0.0
21928,0.0
21929,0.0
21930,0.0
21931,0.0
21932,0.0
21933,0.0
21934,0.0
21935,0.0
21936,0.0
21937,0.0
21938,0.0
21939,0.0
21940,0.0
21941,0.0
21942,0.0
21943,0.0
21944,0.0
21945,0.0
21946,0.0
21947,0.0
21948,0.0
21949,0.0
21950,0.0
21951,0.0
21952,0.0
21953,0.0
21954,0.0
21955,0.0
21956,0.0
21957,0.0
21958,0.0
21959,0.0
21960,0.0
21961,0.0
21962,0.0
21963,0.0
21964,0.0
21965,0.0
21966,0.0
21967,3109.636
21968,13289.216
21969,0.0
21970,0.0
21971,0.0
21972,0.0
21973,0.0
21974,0.0
21975,0.0
21976,0.0
21977,0.0
21978,0.0
21979,0.0
21980,0.0
21981,0.0
21982,0.0
21983,0.0
21984,0.0
21985,0.0
21986,0.0
21987,0.0
21988,0.0
21989,0.0
21990,0.0
21991,0.0
21992,0.0
21993,0.0
21994,0.0
21995,0.0
21996,10433.725
21997,0.0
21998,0.0
21999,0.0
22000,0.0
22001,0.0
22002,0.0
22003,0.0
22004,0.0
22005,0.0
22006,0.0
22007,0.0
22008,0.0
22009,0.0
22010,0.0
22011,0.0
22012,0.0
22013,0.0
22014,0.0
22015,0.0
22016,0.0
22017,0.0
22018,0.0
22019,0.0
22020,0.0
22021,0.0
22022,0.0
22023,0.0
22024,0.0
22025,0.0
22026,0.0
22027,0.0
22028,0.0
22029,0.0
22030,0.0
22031,0.0
22032,0.0
22033,0.0
22034,0.0
22035,0.0
22036,0.0
22037,0.0
22038,0.0
22039,0.0
22040,0.0
22041,0.0
22042,0.0
22043,0.0
22044,0.0
22045,0.0
22046,0.0
22047,0.0
22048,0.0
22049,0.0
22050,0.0
22051,0.0
22052,0.0
22053,0.0
22054,0.0
22055,0.0
22056,0.0
22057,0.0
22058,0.0
22059,0.0
22060,0.0
22061,0.0
22062,0.0
22063,0.0
22064,0.0
22065,0.0
22066,2856.964
22067,0.0
22068,0.0
22069,0.0
22070,2007.6036
22071,0.0
22072,0.0
22073,0.0
22074,0.0
22075,0.0
22076,0.0
22077,0.0
22078,0.0
22079,0.0
22080,0.0
22081,0.0
22082,0.0
22083,0.0
22084,0.0
22085,0.0
22086,0.0
22087,0.0
22088,0.0
22089,0.0
22090,0.0
22091,0.0
22092,0.0
22093,0.0
22094,0.0
22095,0.0
22096,0.0
22097,0.0
22098,0.0
22099,0.0
22100,0.0
22101,0.0
22102,0.0
22103,0.0
22104,0.0
22105,0.0
22106,0.0
22107,0.0
22108,0.0
22109,0.0
22110,0.0
22111,0.0
22112,0.0
22113,0.0
22114,0.0
22115,0.0
22116,0.0
22117,0.0
22118,0.0
22119,0.0
22120,0.0
22121,2022.9442
22122,0.0
22123,0.0
22124,0.0
22125,0.0
22126,0.0
22127,0.0
22128,0.0
22129,0.0
22130,0.0
22131,0.0
22132,0.0
22133,0.0
22134,0.0
22135,0.0
22136,9388.546
22137,0.0
22138,0.0
22139,0.0
22140,0.0
22141,0.0
22142,0.0
22143,0.0
22144,0.0
22145,0.0
22146,0.0
22147,0.0
22148,0.0
22149,0.0
22150,0.0
22151,0.0
22152,0.0
22153,0.0
22154,0.0
22155,0.0
22156,0.0
22157,0.0
22158,0.0
22159,0.0
22160,0.0
22161,0.0
22162,0.0
22163,0.0
22164,0.0
22165,0.0
22166,0.0
22167,0.0
22168,0.0
22169,0.0
22170,0.0
22171,0.0
22172,0.0
22173,0.0
22174,0.0
22175,0.0
22176,0.0
22177,0.0
22178,0.0
22179,0.0
22180,0.0
22181,0.0
22182,0.0
22183,0.0
22184,0.0
22185,0.0
22186,0.0
22187,0.0
22188,0.0
22189,0.0
22190,0.0
22191,0.0
22192,0.0
22193,0.0
22194,0.0
22195,0.0
22196,0.0
22197,0.0
22198,0.0
22199,0.0
22200,4335.805
22201,0.0
22202,0.0
22203,0.0
22204,0.0
22205,0.0
22206,0.0
22207,0.0
22208,0.0
22209,0.0
22210,0.0
22211,0.0
22212,0.0
22213,0.0
22214,0.0
22215,0.0
22216,0.0
22217,0.0
22218,0.0
22219,0.0
22220,0.0
22221,0.0
22222,0.0
22223,0.0
22224,0.0
22225,0.0
22226,0.0
22227,0.0
22228,0.0
22229,0.0
22230,0.0
22231,0.0
22232,0.0
22233,0.0
22234,0.0
22235,0.0
22236,0.0
22237,0.0
22238,0.0
22239,0.0
22240,0.0
22241,10918.6045
22242,4417.5723
22243,0.0
22244,0.0
22245,0.0
22246,0.0
22247,0.0
22248,0.0
22249,0.0
22250,0.0
22251,0.0
22252,0.0
22253,0.0
22254,0.0
22255,0.0
22256,0.0
20545,3406.6448
20546,5565.8687
20547,7673.085
20548,4988.9136
20549,6422.7383
20550,5064.111
20551,6222.4053
20552,5834.72
20553,3839.6248
20554,4975.825
20555,5360.571
20556,6931.092
20557,6019.311
20558,7688.044
20559,4058.581
20560,4003.0098
20561,4081.2964
20562,8025.986
20563,8775.124
20564,7467.5923
20565,6622.6816
20566,3636.2432
20567,4723.8374
20568,3568.5466
20569,6777.76
20570,8258.185
20571,8453.175
20572,4826.561
20573,4296.5522
20574,4036.1804
20575,4975.944
20576,8825.822
20577,5486.7905
20578,4291.997
20579,4073.6265
20580,6325.5483
20581,3146.8945
20582,6388.596
20583,3270.0208
20584,5655.735
20585,5026.952
20586,4440.39
20587,6791.252
20588,5845.638
20589,4022.7502
20590,6170.4307
20591,5488.3555
20592,8835.524
20593,5206.681
20594,6514.3525
20595,6494.704
20596,7505.6953
20597,5511.3804
20598,7135.871
20599,3567.7332
20600,4126.1924
20601,5308.6943
20602,5570.601
20603,7927.794
20604,6296.7017
20605,4463.343
20606,6094.3037
20607,5900.2334
20608,7987.542
20609,3596.2239
20610,10512.296
20611,3845.5188
20612,5362.903
20613,6830.5156
20614,4108.6123
20615,4749.859
20616,4684.083
20617,5697.448
20618,4772.3755
20619,4436.5454
20620,7248.4746
20621,6278.8955
20622,4824.209
20623,4133.883
20624,6519.829
20625,9998.963
20626,5479.5835
20627,4378.69
20628,4908.887
20629,5790.057
20630,5333.921
20631,6784.143
20632,3360.5974
20633,6420.723
20634,5240.6123
20635,5731.018
20636,7890.227
20637,4348.1475
20638,4429.877
20639,3817.642
20640,6452.137
20641,7332.411
20642,4240.983
20643,4227.7144
20644,5940.6553
20645,4938.9326
20646,4661.0576
20647,7697.8027
20648,5576.1353
20649,6629.077
20650,4511.756
20651,4281.7617
20652,5212.4355
20653,6461.868
20654,6108.131
20655,6885.114
20656,6535.8433
20657,4797.607
20658,7415.615
20659,4759.823
20660,5507.5176
20661,7137.1304
20662,5696.1387
20663,8475.764
20664,7161.816
20665,5998.8833
20666,4713.728
20667,6716.084
20668,5997.001
20669,5478.1567
20670,3604.7488
20671,4983.5537
20672,6171.343
20673,5335.5747
20674,3933.6545
20675,6690.541
20676,5918.174
20677,5329.6895
20678,4706.27
20679,4328.375
20680,5942.8545
20681,5538.6685
20682,4798.6455
20683,4620.284
20684,5262.889
20685,5589.3413
20686,3219.8643
20687,5727.4004
20688,4042.8042
20689,6629.14
20690,6343.6504
20691,5958.9805
20692,10029.049
20693,3983.5217
20694,3897.5544
20695,8658.365
20696,4694.6216
20697,6689.7114
20698,6803.337
20699,4556.985
20700,5612.3613
20701,4831.96
20702,6662.6606
20703,9139.227
20704,5547.699
20705,2658.5315
20706,3896.7664
20707,7105.9253
20708,7440.639
20709,4850.427
20710,5916.853
20711,3953.732
20712,4337.7246
20713,2826.619
20714,4441.5166
20715,5037.0703
20716,6009.037
20717,5965.196
20718,5801.2407
20719,6886.421
20720,7011.7485
20721,6363.6733
20722,4054.893
20723,7831.558
20724,8287.9
20725,4211.5854
20726,6668.866
20727,4315.5947
20728,5655.2437
20729,2951.3125
20730,5282.262
20731,3901.8882
20732,7572.974
20733,5823.5444
20734,7099.882
20735,6934.3784
20736,4734.786
20737,6859.68
20738,15426.054
20739,7990.727
20740,4814.8677
20741,2335.0261
20742,5194.666
20743,6958.807
20744,4870.177
20745,10802.282
20746,15390.579
20747,3416.3364
20748,4218.368
20749,6965.182
20750,3722.473
20751,7237.9526
20752,4696.0547
20753,6365.052
20754,3687.5012
20755,5502.1255
20756,4774.3286
20757,5954.537
20758,7748.542
20759,5371.2427
20760,4800.2344
20761,6359.159
20762,4210.6055
20763,4537.6177
20764,7002.9326
20765,4467.6064
20766,4920.1284
20767,5872.9507
20768,5358.879
20769,4795.333
20770,6241.141
20771,5793.7476
20772,7154.8857
20773,8023.6665
20774,6294.156
20775,4597.9937
20776,2866.659
20777,5254.172
20778,5692.25
20779,5278.525
20780,3942.4412
20781,6726.3286
20782,5644.8965
20783,7588.426
20784,5402.2617
20785,4066.6843
20786,4527.479
20787,3985.5667
20788,7653.7295
20789,4369.844
20790,6503.271
20791,12382.662
20792,6290.8066
20793,5335.3765
20794,4375.212
20795,4168.1733
20796,5932.0034
20797,3534.7812
20798,5231.423
20799,8030.9707
20800,4626.595
20801,11500.69
20802,11239.58
20803,4397.2656
20804,5413.9766
20805,4726.966
20806,5335.173
20807,5125.826
20808,9225.949
20809,5711.3125
20810,6879.9077
20811,3625.1116
20812,6282.376
20813,4132.085
20814,7462.5796
20815,5212.5845
20816,5299.168
20817,5587.076
20818,5851.3843
20819,6925.699
20820,7794.856
20821,5221.781
20822,7859.4395
20823,5631.4893
20824,7706.795
20825,4481.32
20826,4279.026
20827,3977.0938
20828,7846.7285
20829,4938.061
20830,6549.61
20831,5519.5874
20832,7546.404
20833,3973.7869
20834,6920.476
20835,5653.216
20836,3243.5596
20837,10421.392
20838,13659.002
20839,5593.3306
20840,5687.9136
20841,7034.9736
20842,8831.48
20843,9027.71
20844,5128.2812
20845,6759.8696
20846,4436.5835
20847,6600.3325
20848,3539.502
20849,5056.9624
20850,4662.3296
20851,5084.299
20852,6649.2397
20853,4213.7393
20854,3589.294
20855,5790.996
20856,3336.3145
20857,3802.1814
20858,5080.348
20859,5480.88
20860,7324.0654
20861,7495.9297
20862,6232.2534
20863,5311.2373
20864,5103.112
20865,9302.397
20866,5536.7036
20867,4603.6113
20868,4224.928
20869,7854.898
20870,3908.7988
20871,6168.6885
20872,2822.7869
20873,4356.318
20874,6048.583
20875,5491.6704
20876,4183.3813
20877,7163.1
20878,7689.5254
20879,9739.686
20880,5161.7705
20881,8869.095
20882,2812.5427
20883,4681.8403
20884,5632.628
20885,3302.1616
20886,7273.1567
20887,4299.75
20888,4609.174
20889,7390.407
20890,8833.165
20891,6909.3955
20892,4772.8535
20893,3769.3762
20894,9689.078
20895,6677.032
20896,5070.3315
20897,4481.397
20898,5837.7764
20899,7383.897
20900,3749.1829
20901,5684.93
20902,6031.501
20903,6580.569
20904,11592.005
20905,4359.1816
20906,9818.086
20907,5920.788
20908,4421.8345
20909,3037.0886
20910,5042.002
20911,4889.9507
20912,4566.4883
20913,6290.0386
20914,4495.8477
20915,4198.986
20916,5990.478
20917,2927.8262
20918,7279.799
20919,5702.7495
20920,6766.1655
20921,7261.463
20922,4158.15
20923,7766.833
20924,6166.0
20925,4869.9907
20926,5138.314
20927,4341.417
20928,9081.487
20929,5705.568
20930,4363.9624
20931,6310.061
20932,7020.2
20933,5983.2715
20934,4685.4995
20935,7178.2837
20936,5322.6177
20937,5774.889
20938,4865.2593
20939,7140.814
20940,4825.5527
20941,4705.7495
20942,4648.1377
20943,4068.4421
20944,3671.0579
20945,4340.4644
20946,6733.9673
20947,7149.2236
20948,8731.927
20949,8794.898
20950,6489.286
20951,6023.481
20952,4625.933
20953,9399.154
20954,8416.698
20955,5746.986
20956,7389.5474
20957,7248.4883
20958,5497.4194
20959,3482.7605
20960,9787.215
20961,5166.9873
20962,5541.11
20963,5314.795
20964,1719.4583
20965,8691.296
20966,5054.0835
20967,4080.4712
20968,4179.7954
20969,5534.3486
20970,5723.146
20971,5889.921
20972,6011.009
20973,4522.757
20974,3936.575
20975,3677.374
20976,2524.2708
20977,5691.642
20978,14141.896
20979,4479.931
20980,4690.754
20981,5624.709
20982,4250.573
20983,4683.971
20984,4418.196
20985,3596.344
20986,6907.3003
20987,5780.257
20988,3270.5137
20989,6694.7285
20990,3702.7288
20991,4002.189
20992,7537.7427
20993,6250.7207
20994,8354.218
20995,3736.8396
20996,5764.334
20997,4097.0083
20998,4022.57
20999,12144.9
21000,8724.834
21001,5726.313
21002,4402.1133
21003,4258.999
21004,4678.0283
21005,4059.4753
21006,8089.976
21007,4522.2046
21008,4737.23
21009,5824.0107
21010,3970.35
21011,5635.4116
21012,5834.631
21013,6246.4893
21014,5525.698
21015,3504.2625
21016,5064.9663
21017,5118.2046
21018,7255.8623
21019,7259.067
21020,5914.06
21021,3699.936
21022,6868.4336
21023,5115.1006
21024,3636.035
21025,6176.749
21026,5991.8267
21027,5571.7754
21028,5106.613
21029,5514.7773
21030,5182.0957
21031,4888.174
21032,6187.5337
21033,6301.4243
21034,4445.1704
21035,7760.22
21036,5143.1685
21037,3718.6116
21038,9089.425
21039,4808.5474
21040,3023.1438
21041,6452.1743
21042,7829.8774
21043,8541.93
21044,4444.178
21045,4748.903
21046,5145.293
21047,6499.6616
21048,4990.289
21049,7537.225
21050,2734.3557
21051,5252.974
21052,5043.739
21053,4752.066
21054,3849.1633
21055,6171.431
21056,5615.7295
21057,4981.7285
21058,7257.073
21059,5211.6
21060,6640.6963
21061,3646.2363
21062,5431.9775
21063,5286.748
21064,6042.1475
21065,6863.5547
21066,3048.5256
21067,7415.41
21068,5759.371
21069,6362.8726
21070,4194.002
21071,3150.7788
21072,6342.573
21073,4713.112
21074,7752.1714
21075,5346.3037
21076,4889.8667
21077,6660.4307
21078,5367.76
21079,4241.982
21080,6599.464
21081,4188.5366
21082,6753.5796
21083,9008.847
21084,6510.986
21085,3782.0615
21086,4454.8823
21087,3579.5286
21088,2846.8755
21089,7043.635
21090,4693.735
21091,7060.289
21092,3563.0837
21093,5769.1855
21094,4905.8867
21095,7981.594
21096,4039.3425
21097,4708.021
21098,4460.023
21099,6270.708
21100,4358.675
21101,6039.5835
21102,6466.3076
21103,8375.688
21104,6290.0327
21105,6037.965
21106,5088.3696
21107,3688.986
21108,4854.6807
21109,9057.629
21110,7394.885
21111,7153.6094
21112,12635.316
21113,4466.0386
21114,4313.4873
21115,5257.325
21116,6869.7705
21117,8056.9487
21118,5661.456
21119,6558.9624
21120,6440.836
21121,6075.9395
21122,5462.847
21123,4384.232
21124,3725.8267
21125,4108.2207
21126,3780.1536
21127,4069.0708
21128,6926.1157
21129,13208.85
21130,5582.905
21131,4266.6274
21132,5851.44
21133,3188.9104
21134,5009.6523
21135,3242.5417
21136,7727.699
21137,5426.6743
21138,5124.5503
21139,10325.019
21140,10639.582
21141,5204.933
21142,6492.1274
21143,3229.8718
21144,4839.9585
21145,4891.3643
21146,7468.091
21147,4108.542
21148,3535.0613
21149,5002.8574
21150,4829.6465
21151,5842.5444
21152,5640.4453
21153,3395.9893
21154,5992.8784
21155,7065.894
21156,5783.257
21157,3651.663
21158,3261.385
21159,6328.5293
21160,4328.879
21161,7983.239
21162,3514.1545
21163,4427.642
21164,5448.8115
21165,4694.263
21166,4130.694
21167,4277.063
21168,5143.2075
21169,8701.88
21170,7265.918
21171,4802.996
21172,3366.4756
21173,5093.007
21174,5669.47
21175,4457.199
21176,5186.695
21177,5069.8286
21178,9996.617
21179,5978.2856
21180,5188.1494
21181,6353.8965
21182,3955.222
21183,8118.243
21184,4480.64
21185,10209.468
21186,5130.214
21187,4326.1133
21188,4784.285
21189,3623.2483
21190,6367.4985
21191,14590.575
21192,3632.0103
21193,4271.2573
21194,7911.961
21195,5315.981
21196,5826.5947
21197,6649.6587
21198,5063.304
21199,4601.0034
21200,3834.4565
21201,7971.065
21202,4923.321
21203,5366.132
21204,6481.887
21205,4289.6436
21206,6731.495
21207,5252.1826
21208,3261.2043
21209,7171.953
21210,7165.184
21211,3657.2373
21212,6207.7983
21213,5377.03
21214,4324.999
21215,7975.24
21216,5652.224
21217,6440.75
21218,3946.3506
21219,3688.62
21220,5618.505
21221,3179.2056
21222,6679.7905
21223,3511.1187
21224,5089.9473
21225,4407.6763
21226,5040.4824
21227,5872.654
21228,6003.652
21229,5465.2964
21230,7384.7563
21231,5050.946
21232,6473.935
21233,5328.515
21234,6313.3843
21235,8006.3057
21236,5966.4595
21237,2945.5012
21238,5294.0703
21239,5760.503
21240,4055.891
21241,10017.691
21242,4606.216
21243,5563.183
21244,8582.763
21245,5641.2256
21246,3141.8882
21247,8832.668
21248,7822.301
21249,4742.0767
21250,6407.7954
21251,7817.0205
21252,5212.8877
21253,4765.6655
21254,5858.5996
21255,4799.4653
21256,5447.3877
21257,6097.5366
21258,4042.6462
21259,5508.369
21260,6236.3745
21261,5673.046
21262,6195.7666
21263,5176.6616
21264,5638.3315
21265,3698.8809
21266,6076.884
21267,5731.7666
21268,5195.603
21269,5735.7812
21270,6052.588
21271,7743.577
21272,4869.2896
21273,4339.939
21274,4957.387
21275,6556.16
21276,5876.044
21277,3651.663
21278,3389.4902
21279,6768.1274
21280,6969.608
21281,4698.797
21282,6520.886
21283,5431.2
21284,5336.1445
21285,4096.5317
21286,2960.0198
21287,5043.974
21288,5474.3276
21289,5117.0522
21290,7691.11
21291,6289.571
21292,4575.204
21293,6874.739
21294,3387.9094
21295,2788.553
21296,6681.2686
21297,10734.415
21298,6187.835
21299,5859.069
21300,3451.3306
21301,5708.355
21302,6693.8413
21303,4645.022
21304,6821.121
21305,4380.039
21306,3912.7046
21307,4759.6006
21308,4501.5117
21309,5121.5547
21310,3978.027
21311,3857.82
21312,3724.5474
21313,6068.462
21314,5758.5967
21315,4176.376
21316,5502.3037
21317,5452.43
21318,4414.8003
21319,4476.078
21320,7406.6167
21321,6335.493
21322,5094.751
21323,3265.0986
21324,10811.136
21325,5296.3887
21326,4250.1597
21327,6726.219
21328,6857.2925
21329,6281.3096
21330,4891.518
21331,6261.372
21332,7252.6655
21333,10898.598
21334,4113.291
21335,3756.5254
21336,4377.579
21337,5355.516
21338,4593.7896
21339,6734.6934
21340,7442.229
21341,5181.448
21342,3533.5945
21343,5378.6562
21344,7668.724
21345,4148.614
21346,6027.544
21347,3370.8975
21348,5773.6226
21349,6695.993
21350,6165.7
21351,6898.708
21352,5403.6274
21353,3641.0088
21354,5170.626
21355,6487.72
21356,6913.931
21357,6165.9824
21358,6534.7275
21359,4945.32
21360,3907.4082
21361,8020.8433
21362,3643.2603
21363,9316.737
21364,5070.293
21365,3702.0012
21366,5484.86
21367,5042.0693
21368,6273.597
21369,6688.882
21370,3557.9788
21371,4107.1665
21372,5695.759
21373,6480.3853
21374,8793.288
21375,5125.1904
21376,5319.3643
21377,4376.915
21378,5436.6167
21379,4221.6855
21380,8564.119
21381,6824.251
21382,10177.249
21383,3849.1118
21384,5202.481
21385,8549.991
21386,6804.155
21387,3876.2346
21388,8233.732
21389,5899.7495
21390,4270.764
21391,4172.5454
21392,4149.7573
21393,4473.1245
21394,4386.4697
21395,3936.0454
21396,4172.8994
21397,6475.1025
21398,5484.6035
21399,16838.643
21400,5260.746
19689,3221.345
19690,5124.384
19691,7098.677
19692,4719.361
19693,5841.1294
19694,4649.308
19695,5938.5366
19696,5422.2197
19697,3546.6672
19698,4682.3496
19699,4798.6367
19700,6469.3364
19701,5629.7383
19702,7204.259
19703,3760.9429
19704,3791.58
19705,3683.114
19706,7378.0044
19707,8106.923
19708,6692.8643
19709,5646.426
19710,3494.6848
19711,4277.4385
19712,3265.5225
19713,6208.349
19714,7435.8716
19715,7835.0024
19716,4290.699
19717,3806.1406
19718,3826.0308
19719,4504.682
19720,7743.6953
19721,4991.4937
19722,3891.3132
19723,3835.2905
19724,5839.798
19725,2951.4844
19726,5871.506
19727,2972.7175
19728,5267.585
19729,4502.4824
19730,4007.8584
19731,6097.263
19732,5145.7056
19733,3760.1858
19734,5516.9556
19735,4970.816
19736,7933.9214
19737,4813.2695
19738,5943.7896
19739,5974.3066
19740,6796.183
19741,5108.4106
19742,6665.8643
19743,3397.428
19744,3856.7788
19745,4896.906
19746,4937.7124
19747,7396.444
19748,5597.1733
19749,4132.6484
19750,5352.263
19751,5426.395
19752,7104.6577
19753,3150.6465
19754,9512.981
19755,3572.842
19756,5001.259
19757,6427.7393
19758,3765.0637
19759,4545.0166
19760,4387.2563
19761,5250.1387
19762,4211.485
19763,4043.132
19764,6403.891
19765,5643.2812
19766,4450.792
19767,3865.434
19768,5957.861
19769,8828.381
19770,5112.4614
19771,4033.794
19772,4514.0806
19773,5391.2812
19774,4959.293
19775,6087.338
19776,3194.342
19777,5829.124
19778,4864.438
19779,5298.6274
19780,7259.545
19781,4152.977
19782,3987.9854
19783,3483.3752
19784,5823.6997
19785,6807.5366
19786,3955.7766
19787,3800.3828
19788,5512.3374
19789,4348.965
19790,4410.856
19791,7075.194
19792,5237.3843
19793,6037.4927
19794,4168.376
19795,3890.4595
19796,4660.689
19797,5899.6367
19798,5757.685
19799,6262.5967
19800,5932.773
19801,4492.9062
19802,6567.2007
19803,4456.931
19804,5119.147
19805,6621.519
19806,5082.505
19807,7909.758
19808,6689.5967
19809,5381.6274
19810,4319.0786
19811,6108.1074
19812,5522.41
19813,5063.232
19814,3314.7515
19815,4495.5645
19816,6013.4805
19817,4645.159
19818,3599.5154
19819,6197.883
19820,5583.3096
19821,5085.7153
19822,4355.5034
19823,4067.9724
19824,5472.981
19825,5090.8794
19826,4471.887
19827,4214.3823
19828,4797.2725
19829,5064.6377
19830,2958.9468
19831,5234.747
19832,3552.898
19833,6019.328
19834,5647.4976
19835,5502.3145
19836,8653.594
19837,3792.025
19838,3630.0151
19839,7833.418
19840,4556.333
19841,6135.282
19842,6321.29
19843,4142.812
19844,4948.2505
19845,4441.733
19846,6233.496
19847,8334.6875
19848,4872.6626
19849,2469.7236
19850,3613.9038
19851,6301.8813
19852,6640.215
19853,4225.904
19854,5476.835
19855,3715.7925
19856,4187.849
19857,2716.2312
19858,3977.1885
19859,4546.6123
19860,5359.584
19861,5507.2393
19862,5242.782
19863,6383.766
19864,6436.3037
19865,5695.8076
19866,3610.1104
19867,7088.2236
19868,7329.796
19869,3871.5823
19870,6171.8667
19871,3867.341
19872,5268.093
19873,2664.186
19874,4877.364
19875,3578.0127
19876,7065.813
19877,5405.581
19878,6551.8594
19879,6506.7827
19880,4186.631
19881,6329.761
19882,13925.525
19883,7382.939
19884,4354.523
19885,2206.4148
19886,4712.2266
19887,6452.9746
19888,4376.005
19889,9986.277
19890,14089.258
19891,3165.4539
19892,4002.8533
19893,6478.729
19894,3539.5085
19895,6462.4478
19896,4398.1216
19897,5503.5005
19898,3412.7664
19899,4858.1455
19900,4347.658
19901,5510.529
19902,6895.162
19903,4967.2324
19904,4254.086
19905,5885.664
19906,3770.7896
19907,4165.113
19908,6392.412
19909,3994.2483
19910,4420.464
19911,5412.541
19912,4996.3765
19913,4440.9575
19914,5644.891
19915,5462.7427
19916,6455.3135
19917,6917.6714
19918,5941.267
19919,4300.5415
19920,2640.534
19921,4727.128
19922,5274.755
19923,4702.3975
19924,3652.419
19925,6164.136
19926,5202.8584
19927,7031.9277
19928,5078.25
19929,3772.369
19930,4112.408
19931,3652.621
19932,7112.964
19933,3902.6475
19934,5860.6343
19935,11223.897
19936,5765.8076
19937,5153.761
19938,3750.4636
19939,3899.7412
19940,5593.9497
19941,3194.7017
19942,4679.9473
19943,7461.0493
19944,4194.2417
19945,10016.88
19946,10211.669
19947,4035.7761
19948,5051.216
19949,4276.1494
19950,5039.386
19951,4681.1616
19952,8355.007
19953,5478.7783
19954,6327.3706
19955,3490.8364
19956,5928.293
19957,3727.078
19958,7001.2896
19959,4628.383
19960,4677.8228
19961,5115.696
19962,5532.9976
19963,6220.655
19964,7141.3384
19965,4742.9
19966,7400.473
19967,5152.0215
19968,7057.1514
19969,4226.069
19970,3841.5005
19971,3554.3118
19972,6941.2734
19973,4487.9165
19974,5950.415
19975,4900.943
19976,6798.407
19977,3748.0208
19978,6242.6177
19979,5419.1895
19980,3074.0295
19981,9586.622
19982,12353.714
19983,4956.4463
19984,5162.7163
19985,6423.222
19986,7906.8086
19987,8458.546
19988,4622.1753
19989,6095.792
19990,4006.7039
19991,5919.591
19992,3467.8616
19993,4492.6577
19994,4219.2334
19995,4671.219
19996,6156.9087
19997,4130.359
19998,3348.3188
19999,5174.6816
20000,2981.8547
20001,3488.3896
20002,4519.828
20003,4986.7017
20004,6453.805
20005,6848.599
20006,5810.8823
20007,4868.6855
20008,4464.105
20009,8550.904
20010,5353.264
20011,4484.5103
20012,3781.643
20013,6998.192
20014,3571.4448
20015,5686.4326
20016,2681.2239
20017,4024.6235
20018,5469.8496
20019,4888.099
20020,3829.3425
20021,6457.2227
20022,7044.253
20023,8694.123
20024,4752.3604
20025,7990.9404
20026,2669.6714
20027,4245.5933
20028,4982.27
20029,3067.0754
20030,6626.6494
20031,4062.5627
20032,4318.5225
20033,6859.3857
20034,8265.584
20035,6309.784
20036,4448.326
20037,3431.2888
20038,8545.507
20039,5894.777
20040,4813.0493
20041,4037.1392
20042,5260.2593
20043,6764.8296
20044,3395.04
20045,5124.8774
20046,5489.392
20047,6067.588
20048,10408.865
20049,3948.267
20050,9111.767
20051,5426.307
20052,4114.7036
20053,2779.597
20054,4784.559
20055,4280.165
20056,4356.796
20057,5841.8594
20058,4043.0085
20059,3829.7517
20060,5388.197
20061,2772.7769
20062,6669.006
20063,5129.1616
20064,6060.231
20065,6610.123
20066,3685.9573
20067,7192.985
20068,5790.985
20069,4527.4185
20070,4636.5137
20071,4191.0903
20072,8077.3623
20073,5081.899
20074,3947.7397
20075,5717.3896
20076,6320.3735
20077,5407.1743
20078,4310.3325
20079,6576.089
20080,4902.556
20081,5286.622
20082,4602.127
20083,6561.7407
20084,4541.688
20085,4424.5938
20086,4186.9985
20087,3628.4434
20088,3279.2017
20089,3895.8372
20090,6177.297
20091,6668.198
20092,8045.2075
20093,7951.565
20094,5902.654
20095,5210.5166
20096,4251.1167
20097,8883.14
20098,7821.8013
20099,5105.3906
20100,6938.606
20101,6586.748
20102,5094.3965
20103,3229.4373
20104,9036.644
20105,4732.0728
20106,5256.6934
20107,4919.312
20108,1683.7168
20109,7889.023
20110,4570.38
20111,3722.583
20112,3854.0608
20113,4911.1777
20114,5432.366
20115,5341.6343
20116,5275.696
20117,4188.5405
20118,3450.2607
20119,3369.5247
20120,2427.981
20121,5282.7056
20122,13122.385
20123,4218.2476
20124,4426.1177
20125,5300.2905
20126,3893.9832
20127,3977.936
20128,3944.4536
20129,3414.323
20130,6220.0615
20131,5337.1934
20132,3076.6787
20133,6042.7124
20134,3578.9924
20135,3781.1343
20136,7019.149
20137,5804.938
20138,7595.218
20139,3369.2676
20140,5414.839
20141,3782.2634
20142,3710.2388
20143,11013.288
20144,7696.2905
20145,5199.5244
20146,4029.2715
20147,3837.2922
20148,4443.2285
20149,3739.6494
20150,7466.7446
20151,3956.354
20152,4149.868
20153,5306.993
20154,3612.9526
20155,5308.897
20156,5451.411
20157,5662.4497
20158,4996.543
20159,3369.9104
20160,4642.222
20161,4498.4985
20162,6604.048
20163,6771.55
20164,5440.1597
20165,3350.901
20166,6249.004
20167,4633.401
20168,3408.449
20169,5779.397
20170,5618.789
20171,5051.736
20172,4719.442
20173,5052.719
20174,4638.398
20175,4582.9395
20176,5746.1143
20177,5766.8804
20178,4004.4724
20179,7126.0493
20180,4665.208
20181,3451.291
20182,8389.048
20183,4259.0923
20184,2884.7903
20185,6062.7573
20186,7499.348
20187,7823.816
20188,4118.9526
20189,4265.5693
20190,4693.7036
20191,6062.682
20192,4662.3516
20193,6329.0244
20194,2591.9607
20195,4809.5703
20196,4682.8364
20197,4285.276
20198,3429.633
20199,5653.7393
20200,5074.822
20201,4685.191
20202,6822.806
20203,4747.1816
20204,6010.2295
20205,3408.127
20206,4863.8813
20207,4806.493
20208,5666.0264
20209,6297.6387
20210,2832.147
20211,6921.849
20212,5221.592
20213,5926.382
20214,3894.5403
20215,2956.3455
20216,5708.687
20217,4409.922
20218,7023.2407
20219,4749.691
20220,4391.5483
20221,5969.9775
20222,5133.567
20223,3844.877
20224,6034.4014
20225,3902.1301
20226,6244.172
20227,7814.9854
20228,6150.235
20229,3617.812
20230,3951.7034
20231,3064.7297
20232,2677.75
20233,6327.2256
20234,4337.9688
20235,7009.281
20236,3164.1797
20237,5486.733
20238,4524.2886
20239,7095.9688
20240,3642.2908
20241,4330.5557
20242,4052.9827
20243,5857.1357
20244,3928.5547
20245,5636.8096
20246,6045.3125
20247,7695.395
20248,5721.072
20249,5730.001
20250,4494.004
20251,3418.1
20252,4334.6553
20253,8356.983
20254,6785.0234
20255,6456.7607
20256,11768.449
20257,4313.3228
20258,3964.5598
20259,4642.3506
20260,6370.0317
20261,6896.872
20262,5049.9053
20263,6108.498
20264,5769.714
20265,5612.495
20266,4898.344
20267,3950.0151
20268,3480.5916
20269,3650.949
20270,3284.5334
20271,3686.0522
20272,6229.603
20273,11971.636
20274,5166.8394
20275,4006.3408
20276,5366.654
20277,3017.672
20278,4482.2007
20279,3028.2644
20280,7089.8667
20281,4791.547
20282,4675.949
20283,9528.31
20284,9949.144
20285,4971.7075
20286,5825.6665
20287,3063.4143
20288,4563.3228
20289,4452.792
20290,6839.4473
20291,3872.6719
20292,3222.8542
20293,4476.573
20294,4496.3447
20295,5413.946
20296,5117.526
20297,3269.5808
20298,5482.851
20299,6362.114
20300,5290.471
20301,3331.9824
20302,2973.8606
20303,6000.795
20304,3845.8748
20305,7496.2515
20306,3137.3506
20307,3751.9773
20308,4889.531
20309,4299.266
20310,3866.5222
20311,3933.8948
20312,4658.6665
20313,7867.525
20314,6606.467
20315,4443.627
20316,3073.9854
20317,4654.6064
20318,5408.423
20319,4069.3542
20320,4628.078
20321,4755.8384
20322,9134.495
20323,5155.959
20324,4800.294
20325,5865.1133
20326,3636.7495
20327,7381.8267
20328,3993.0825
20329,9191.362
20330,4674.188
20331,3984.031
20332,4209.1675
20333,3419.522
20334,5942.803
20335,13224.493
20336,3373.2266
20337,3890.7898
20338,7288.5107
20339,4954.343
20340,5423.3315
20341,6021.6655
20342,4664.5312
20343,4120.1235
20344,3626.7822
20345,7397.7983
20346,4516.4365
20347,5034.6587
20348,5955.7583
20349,4035.4875
20350,6143.6978
20351,4874.9546
20352,3040.4136
20353,6733.9546
20354,6717.718
20355,3458.522
20356,5674.2417
20357,4908.5127
20358,3870.2122
20359,7112.8755
20360,5170.5024
20361,5991.781
20362,3612.5183
20363,3423.455
20364,5554.747
20365,2812.8164
20366,6283.7065
20367,3247.6992
20368,4847.467
20369,4079.4788
20370,4702.3438
20371,5370.1665
20372,5782.7275
20373,4725.2075
20374,6595.644
20375,4390.7773
20376,6070.384
20377,5166.332
20378,5659.5337
20379,7379.757
20380,5545.3345
20381,2701.9746
20382,4906.5186
20383,5205.281
20384,3790.7048
20385,9015.371
20386,4164.5767
20387,5022.0156
20388,7903.7246
20389,5261.7397
20390,2939.9062
20391,7808.831
20392,7418.5366
20393,4496.469
20394,5928.666
20395,7052.8584
20396,4593.9253
20397,4413.398
20398,5480.5923
20399,4360.7207
20400,5042.3867
20401,5620.778
20402,3699.2231
20403,5235.197
20404,5434.092
20405,5246.3945
20406,5431.6045
20407,4784.6187
20408,5220.2373
20409,3282.0967
20410,5555.727
20411,5354.2954
20412,4820.2026
20413,5163.913
20414,5424.739
20415,7030.466
20416,4503.453
20417,3950.6367
20418,4458.275
20419,5867.9395
20420,5409.532
20421,3428.6875
20422,3214.2908
20423,6491.465
20424,6390.3574
20425,4402.424
20426,6067.9526
20427,4980.037
20428,4899.583
20429,3788.5828
20430,2793.8948
20431,4658.0312
20432,4961.489
20433,4858.2705
20434,7081.682
20435,6066.9688
20436,4271.4775
20437,6592.9453
20438,3229.5266
20439,2719.0806
20440,5961.135
20441,9746.952
20442,5831.4985
20443,5317.8423
20444,3177.3164
20445,5397.456
20446,6163.5483
20447,4306.576
20448,6231.8853
20449,3920.8123
20450,3576.1462
20451,4349.857
20452,4024.0361
20453,4907.614
20454,3627.1282
20455,3510.3518
20456,3402.653
20457,5666.199
20458,5274.2974
20459,3639.4253
20460,5105.098
20461,4974.8335
20462,4151.7925
20463,4237.291
20464,6529.052
20465,5787.8594
20466,4775.0757
20467,3070.8083
20468,10240.441
20469,4800.7334
20470,3873.0745
20471,6037.395
20472,6138.367
20473,5562.663
20474,4358.533
20475,5683.4883
20476,6441.37
20477,9540.494
20478,3775.094
20479,3480.3127
20480,3948.6511
20481,4876.596
20482,4131.596
20483,6183.1445
20484,6865.29
20485,4799.177
20486,3317.76
20487,4903.047
20488,7143.539
20489,3856.8413
20490,5093.269
20491,3227.451
20492,5262.3774
20493,6048.8022
20494,5595.668
20495,6350.019
20496,4952.448
20497,3401.5725
20498,4731.2646
20499,6084.0
20500,6425.882
20501,5671.2495
20502,5765.6045
20503,4417.6772
20504,3595.5552
20505,7266.687
20506,3443.5037
20507,8837.16
20508,4587.847
20509,3402.8188
20510,5211.4014
20511,4631.3906
20512,5913.3154
20513,6071.1772
20514,3277.7131
20515,3621.9487
20516,5060.7695
20517,5805.946
20518,7937.539
20519,4658.9463
20520,4869.823
20521,4155.2793
20522,4956.7817
20523,3930.6724
20524,7776.803
20525,6181.2573
20526,9288.39
20527,3393.554
20528,4643.281
20529,7813.2114
20530,6218.1216
20531,3631.2134
20532,7623.836
20533,5404.8438
20534,3957.1052
20535,3645.2312
20536,3807.2954
20537,4165.1885
20538,4004.4724
20539,3703.937
20540,3810.7217
20541,5896.4077
20542,5176.859
20543,15648.132
20544,4866.1367
18833,3147.42
18834,5067.257
18835,6801.3
18836,4437.3965
18837,5702.755
18838,4499.7817
18839,5880.703
18840,5480.6914
18841,3560.155
18842,4479.256
18843,4902.219
18844,6357.1396
18845,5559.284
18846,6798.446
18847,3768.4666
18848,3703.9158
18849,3659.6907
18850,7353.717
18851,8068.184
18852,6569.719
18853,5691.794
18854,3460.162
18855,4237.206
18856,3143.984
18857,6072.428
18858,7435.914
18859,7620.833
18860,4331.642
18861,3764.877
18862,3823.5388
18863,4612.908
18864,7683.7773
18865,4869.963
18866,3937.7654
18867,3838.4968
18868,5556.5645
18869,2806.8547
18870,5905.864
18871,2921.593
18872,5338.899
18873,4572.887
18874,3971.5093
18875,6059.3467
18876,5154.4004
18877,3828.3198
18878,5185.6855
18879,5018.29
18880,8111.2544
18881,4858.549
18882,5773.485
18883,6046.7944
18884,6789.4126
18885,4897.485
18886,6643.1226
18887,3300.2815
18888,3604.9414
18889,4761.1675
18890,5036.902
18891,7338.2812
18892,5563.894
18893,3957.2524
18894,5486.2515
18895,5410.0737
18896,7020.7964
18897,3045.8337
18898,9581.155
18899,3609.0842
18900,4746.2217
18901,6372.955
18902,3800.3066
18903,4680.7017
18904,4372.3125
18905,5228.33
18906,4260.3276
18907,4137.0107
18908,6386.446
18909,5604.0645
18910,4267.588
18911,3819.3867
18912,5806.572
18913,8886.801
18914,5036.561
18915,4008.646
18916,4611.4077
18917,5229.936
18918,4955.893
18919,6209.723
18920,3091.6487
18921,5829.174
18922,4679.907
18923,5289.8354
18924,7155.6226
18925,3844.3342
18926,3970.729
18927,3461.3672
18928,5966.846
18929,6700.2354
18930,3806.3984
18931,3758.6294
18932,5599.1704
18933,4468.442
18934,4357.469
18935,6901.3604
18936,5087.0933
18937,6024.6587
18938,4225.4443
18939,3718.1895
18940,4624.045
18941,5771.7505
18942,5606.8877
18943,6230.2446
18944,6023.883
18945,4182.049
18946,6705.6377
18947,4284.1475
18948,4882.2886
18949,6681.702
18950,5075.0444
18951,7650.394
18952,6772.8027
18953,5113.671
18954,4305.2783
18955,6041.5024
18956,5532.1846
18957,4920.3257
18958,3225.721
18959,4552.61
18960,5816.4106
18961,4583.897
18962,3562.1968
18963,6084.54
18964,5458.1646
18965,5028.2515
18966,4356.563
18967,3799.2012
18968,5413.4033
18969,5133.41
18970,4416.6494
18971,4365.8027
18972,4447.987
18973,5057.599
18974,2895.0298
18975,4857.613
18976,3527.1992
18977,6020.017
18978,5694.536
18979,5368.118
18980,8492.676
18981,3755.9592
18982,3651.9172
18983,7756.4985
18984,4549.7876
18985,6122.001
18986,6160.927
18987,4196.255
18988,4878.192
18989,4434.422
18990,6040.6377
18991,8237.927
18992,4854.6387
18993,2411.7024
18994,3552.332
18995,6395.2236
18996,6622.4287
18997,4304.7607
18998,5488.3555
18999,3687.9656
19000,3896.573
19001,2520.5046
19002,3873.784
19003,4580.7236
19004,5358.4595
19005,5144.292
19006,4997.587
19007,6606.4546
19008,6492.561
19009,5847.9414
19010,3696.9546
19011,6806.829
19012,7327.839
19013,3896.216
19014,5935.2803
19015,3842.098
19016,5326.046
19017,2650.6907
19018,4886.7705
19019,3624.147
19020,6869.4624
19021,5351.1045
19022,6602.045
19023,6241.689
19024,4154.237
19025,6184.802
19026,13542.014
19027,7390.5625
19028,4212.2485
19029,2111.6873
19030,4864.7305
19031,6609.1206
19032,4346.244
19033,9855.689
19034,13872.409
19035,3190.672
19036,3724.5972
19037,6484.0083
19038,3496.5957
19039,6544.7393
19040,4279.9893
19041,5376.5835
19042,3407.1064
19043,4900.742
19044,4293.221
19045,5282.131
19046,6918.404
19047,5132.94
19048,4279.332
19049,5779.0166
19050,3819.1099
19051,4194.502
19052,6501.919
19053,4059.1694
19054,4440.5723
19055,5341.65
19056,4845.6265
19057,4545.103
19058,5496.5757
19059,5287.777
19060,6469.855
19061,7107.979
19062,5947.663
19063,4324.937
19064,2628.0686
19065,4692.6694
19066,5227.2227
19067,4657.858
19068,3583.3276
19069,6146.7983
19070,5150.11
19071,6974.2764
19072,5098.2466
19073,3726.6335
19074,3992.4922
19075,3509.6018
19076,7011.3403
19077,4099.155
19078,5898.793
19079,10808.61
19080,5778.405
19081,5042.305
19082,3823.9875
19083,3821.5188
19084,5454.49
19085,3250.4702
19086,4435.581
19087,7337.8613
19088,4158.777
19089,9798.217
19090,9974.56
19091,4134.679
19092,5037.7573
19093,4221.045
19094,4981.0776
19095,4631.576
19096,8362.365
19097,5548.5674
19098,6105.3525
19099,3406.294
19100,5844.5903
19101,3810.2673
19102,7016.318
19103,4675.606
19104,4658.8086
19105,5145.082
19106,5346.319
19107,6242.439
19108,6907.4717
19109,4780.043
19110,7311.8784
19111,5206.4326
19112,6698.433
19113,4059.3823
19114,3911.141
19115,3545.3245
19116,6904.889
19117,4518.863
19118,5870.4473
19119,4871.1196
19120,6721.8325
19121,3707.8965
19122,6002.043
19123,5449.2173
19124,2996.7866
19125,9740.939
19126,12241.307
19127,4960.9536
19128,5086.6855
19129,6292.541
19130,7708.486
19131,8299.632
19132,4494.5312
19133,5776.812
19134,4053.9146
19135,5940.066
19136,3343.2217
19137,4573.799
19138,4199.7505
19139,4690.7764
19140,6045.5376
19141,4024.5544
19142,3273.7693
19143,5327.8394
19144,3060.8232
19145,3491.0295
19146,4468.7104
19147,5022.408
19148,6605.3013
19149,6987.1133
19150,5540.7607
19151,5013.869
19152,4614.413
19153,8538.028
19154,5326.015
19155,4447.172
19156,3733.2766
19157,7101.6226
19158,3509.5818
19159,5658.5786
19160,2524.1624
19161,3951.5828
19162,5400.4326
19163,4941.472
19164,3876.0535
19165,6589.6636
19166,7072.8325
19167,8508.251
19168,4575.6274
19169,7891.7246
19170,2511.5703
19171,4062.2993
19172,5026.1416
19173,3129.689
19174,6682.3076
19175,3876.0906
19176,4191.162
19177,6654.379
19178,8003.4575
19179,6395.0586
19180,4321.8154
19181,3435.1108
19182,8387.424
19183,6063.9717
19184,4768.9673
19185,4051.3052
19186,5387.457
19187,6305.531
19188,3454.7993
19189,4827.2104
19190,5564.0903
19191,5845.3594
19192,10268.021
19193,3889.0532
19194,9042.98
19195,5429.7036
19196,3992.8425
19197,2518.1035
19198,4719.7886
19199,4224.8154
19200,4388.4033
19201,5799.7686
19202,4055.191
19203,3650.2803
19204,5310.8115
19205,2748.6885
19206,6590.4307
19207,5101.199
19208,5907.3286
19209,6560.214
19210,3695.4773
19211,6992.427
19212,5766.71
19213,4529.077
19214,4691.9087
19215,4094.2385
19216,7972.365
19217,4952.618
19218,3766.181
19219,5613.116
19220,6313.583
19221,5452.555
19222,4140.1494
19223,6369.661
19224,4897.494
19225,5144.1743
19226,4626.944
19227,6741.3965
19228,4389.8438
19229,4303.8164
19230,4316.455
19231,3622.6055
19232,3208.96
19233,4071.3342
19234,6286.2964
19235,6482.9014
19236,8157.199
19237,7853.2427
19238,6025.883
19239,5151.0093
19240,4175.3843
19241,8696.802
19242,7733.2515
19243,5140.128
19244,6868.034
19245,6335.6685
19246,5046.751
19247,3006.4856
19248,8918.634
19249,4715.203
19250,5137.7256
19251,4790.464
19252,1624.2415
19253,7701.805
19254,4654.1714
19255,3692.8345
19256,3722.0186
19257,4924.204
19258,5237.964
19259,5181.201
19260,5524.4756
19261,4132.507
19262,3465.874
19263,3250.0579
19264,2266.923
19265,5192.645
19266,12859.1455
19267,4271.1147
19268,4498.065
19269,5317.7056
19270,3885.501
19271,3899.663
19272,4052.9402
19273,3256.9358
19274,6297.3506
19275,5244.308
19276,2988.1482
19277,6174.269
19278,3496.5122
19279,3634.3115
19280,6918.6743
19281,5922.1436
19282,7445.197
19283,3246.4355
19284,5110.799
19285,3752.9866
19286,3678.637
19287,11023.43
19288,7766.196
19289,5237.0845
19290,3906.6145
19291,3903.6714
19292,4326.5176
19293,3579.4739
19294,7551.9766
19295,3886.4795
19296,4158.741
19297,5432.1846
19298,3605.8115
19299,5116.5938
19300,5282.3174
19301,5691.3433
19302,5049.6357
19303,3144.752
19304,4502.5767
19305,4589.773
19306,6577.1553
19307,6681.651
19308,5482.762
19309,3246.9744
19310,6220.483
19311,4489.321
19312,3240.263
19313,5629.4966
19314,5578.8804
19315,4942.3867
19316,4782.4053
19317,4815.345
19318,4613.7266
19319,4563.5923
19320,5587.108
19321,5828.162
19322,3953.2002
19323,7074.8633
19324,4807.3228
19325,3410.2996
19326,8522.7
19327,4234.9067
19328,2901.6465
19329,5721.787
19330,7498.1035
19331,7660.836
19332,4045.0571
19333,4195.27
19334,4715.5537
19335,6021.1943
19336,4552.0146
19337,6446.226
19338,2523.8398
19339,4677.939
19340,4551.6284
19341,3951.3604
19342,3368.808
19343,5683.4395
19344,4983.525
19345,4612.257
19346,6587.383
19347,4796.3574
19348,5928.508
19349,3377.5928
19350,4766.12
19351,4760.7495
19352,5750.0947
19353,6214.3984
19354,2800.7612
19355,6825.13
19356,5190.5454
19357,5789.6265
19358,3825.6768
19359,2933.818
19360,5833.9185
19361,4225.5127
19362,6976.638
19363,4836.0454
19364,4357.9263
19365,6131.24
19366,5031.572
19367,3837.6582
19368,6140.206
19369,3770.3003
19370,6093.833
19371,7846.0625
19372,5944.3228
19373,3498.3105
19374,4007.7476
19375,3120.331
19376,2551.8481
19377,6035.9727
19378,4411.6724
19379,6743.062
19380,3166.8674
19381,5401.138
19382,4472.911
19383,7087.2837
19384,3718.842
19385,4331.803
19386,3957.6978
19387,5750.232
19388,4006.8032
19389,5547.138
19390,6065.7593
19391,7472.9004
19392,5816.156
19393,5664.643
19394,4452.9746
19395,3307.6697
19396,4352.6
19397,8196.537
19398,6832.9785
19399,6353.63
19400,11636.802
19401,4212.333
19402,3997.1982
19403,4511.0547
19404,6541.375
19405,6705.0366
19406,5090.1025
19407,6192.523
19408,5816.028
19409,5553.3535
19410,4944.9614
19411,3998.4722
19412,3411.253
19413,3700.4478
19414,3060.9866
19415,3692.1687
19416,6101.184
19417,11541.732
19418,4999.699
19419,3865.777
19420,5341.018
19421,3035.7502
19422,4567.3813
19423,2988.0085
19424,6925.164
19425,4845.4185
19426,4512.9053
19427,9372.736
19428,9767.994
19429,4964.414
19430,5622.9175
19431,2953.6785
19432,4490.661
19433,4091.728
19434,6831.9883
19435,3791.6052
19436,3270.4575
19437,4522.0234
19438,4475.92
19439,5267.736
19440,5283.396
19441,3157.9556
19442,5634.8154
19443,6178.4634
19444,5298.263
19445,3295.2827
19446,2883.9731
19447,5810.7324
19448,3792.9402
19449,7545.245
19450,3175.5166
19451,3703.5554
19452,4889.75
19453,4323.5015
19454,3852.37
19455,3917.9746
19456,4585.432
19457,7559.9766
19458,6549.66
19459,4410.3804
19460,3011.0637
19461,4635.6733
19462,5380.7393
19463,3935.0393
19464,4573.515
19465,4579.6094
19466,9002.165
19467,5163.834
19468,4720.6846
19469,5676.7915
19470,3718.122
19471,7221.362
19472,3989.8728
19473,9272.838
19474,4734.312
19475,3998.4607
19476,3960.64
19477,3312.1912
19478,5717.341
19479,13214.508
19480,3310.7634
19481,3954.5051
19482,6855.697
19483,5136.153
19484,5429.227
19485,6051.6646
19486,4696.046
19487,4182.388
19488,3460.1853
19489,7295.814
19490,4597.976
19491,4953.1333
19492,5943.359
19493,3924.7378
19494,6105.3755
19495,4915.972
19496,3040.234
19497,6366.673
19498,6424.607
19499,3365.0469
19500,5802.6626
19501,5055.0767
19502,3828.7363
19503,6962.751
19504,5263.828
19505,5865.969
19506,3573.9294
19507,3386.6655
19508,5493.2314
19509,2838.8638
19510,5961.1006
19511,3168.7441
19512,4743.235
19513,3931.4563
19514,4629.3276
19515,5231.443
19516,5600.0034
19517,4805.966
19518,6544.7764
19519,4526.8784
19520,5955.122
19521,5172.5303
19522,5669.665
19523,7181.3447
19524,5492.325
19525,2667.8586
19526,4801.2373
19527,5088.127
19528,3772.79
19529,8932.945
19530,4152.2637
19531,4963.8223
19532,7550.81
19533,5254.4272
19534,2932.3406
19535,7654.8394
19536,7403.4946
19537,4389.68
19538,5810.96
19539,6877.8413
19540,4729.9155
19541,4407.424
19542,5366.0757
19543,4274.4814
19544,4926.5156
19545,5673.5654
19546,3573.9736
19547,5207.635
19548,5528.3447
19549,5049.029
19550,5465.135
19551,4740.991
19552,5172.9297
19553,3233.4602
19554,5384.451
19555,5296.0
19556,4767.907
19557,5066.9087
19558,5394.491
19559,6830.7764
19560,4579.7495
19561,3999.3152
19562,4455.503
19563,5866.9824
19564,5460.1953
19565,3341.229
19566,3136.8088
19567,6374.9673
19568,6228.9077
19569,4351.0103
19570,6008.4297
19571,5067.2085
19572,5011.263
19573,3768.506
19574,2768.878
19575,4627.531
19576,4962.2505
19577,4624.8613
19578,6910.595
19579,5958.4917
19580,4060.3894
19581,6449.0117
19582,3184.8242
19583,2513.1953
19584,5905.8076
19585,9190.258
19586,5853.2485
19587,5156.564
19588,3146.0933
19589,5311.131
19590,6277.021
19591,4324.933
19592,6195.412
19593,3989.888
19594,3508.939
19595,4284.638
19596,4020.8015
19597,4621.43
19598,3578.8762
19599,3573.1726
19600,3362.4797
19601,5680.009
19602,5118.2095
19603,3647.9133
19604,4978.926
19605,5103.3604
19606,4127.1333
19607,4156.7383
19608,6615.888
19609,5776.862
19610,4882.256
19611,2955.8884
19612,9581.996
19613,4771.151
19614,3835.0088
19615,5955.486
19616,6112.5547
19617,5498.07
19618,4482.5513
19619,5389.8623
19620,6360.3604
19621,9248.001
19622,3644.9497
19623,3350.9263
19624,4078.9185
19625,4850.797
19626,3984.8064
19627,6237.124
19628,6768.502
19629,4723.0537
19630,3213.5825
19631,4908.976
19632,7152.6885
19633,3919.47
19634,5125.875
19635,3144.692
19636,5301.7666
19637,5808.6543
19638,5552.0083
19639,6081.691
19640,4741.2397
19641,3385.5542
19642,4850.0195
19643,5808.909
19644,6353.1694
19645,5680.1714
19646,5808.0283
19647,4487.009
19648,3452.674
19649,7182.2354
19650,3314.4226
19651,8832.812
19652,4582.2446
19653,3469.556
19654,5237.1445
19655,4648.315
19656,5905.3794
19657,6029.706
19658,3162.2908
19659,3555.278
19660,4944.943
19661,5705.9653
19662,7830.729
19663,4699.057
19664,4782.825
19665,4064.0667
19666,4902.074
19667,3831.0234
19668,7930.1157
19669,6054.696
19670,8997.873
19671,3477.6013
19672,4566.035
19673,7647.17
19674,6130.6494
19675,3442.607
19676,7598.9424
19677,5259.0806
19678,4063.7449
19679,3787.376
19680,3749.598
19681,3923.4949
19682,3948.1013
19683,3506.339
19684,3740.274
19685,5912.605
19686,5212.1074
19687,15078.592
19688,4974.577
17977,3121.9775
17978,5167.6924
17979,7066.7974
17980,4597.13
17981,5680.9624
17982,4501.426
17983,6080.9023
17984,5531.5254
17985,3616.356
17986,4557.485
17987,5173.7095
17988,6422.567
17989,5458.3105
17990,7049.0117
17991,3779.4106
17992,3785.9275
17993,3845.4895
17994,7294.819
17995,7961.9697
17996,6664.377
17997,5663.271
17998,3581.824
17999,4589.138
18000,3343.1453
18001,6142.1685
18002,7682.8687
18003,7821.906
18004,4420.2485
18005,3847.915
18006,3777.8823
18007,4923.532
18008,7720.715
18009,5087.3843
18010,4139.9087
18011,3913.6677
18012,5828.129
18013,2983.2205
18014,6144.6704
18015,2984.325
18016,5431.6616
18017,4779.6416
18018,4194.17
18019,6207.7925
18020,5247.17
18021,3809.2097
18022,5251.6465
18023,5061.4937
18024,8189.0825
18025,4978.7217
18026,6022.148
18027,5876.313
18028,7101.792
18029,5049.4043
18030,6737.1987
18031,3524.2966
18032,3760.4944
18033,4799.575
18034,5188.422
18035,7458.6514
18036,5847.032
18037,4127.6294
18038,5573.806
18039,5266.158
18040,7373.973
18041,3111.3245
18042,9759.548
18043,3705.1985
18044,4832.6836
18045,6303.5884
18046,3969.3352
18047,4642.6694
18048,4480.764
18049,5385.186
18050,4361.79
18051,4141.433
18052,6536.803
18053,5703.9463
18054,4283.923
18055,3914.0298
18056,5721.847
18057,9040.109
18058,5068.9727
18059,4069.4434
18060,4905.2363
18061,5177.669
18062,5120.226
18063,6228.403
18064,3169.1128
18065,6032.3525
18066,4655.193
18067,5489.738
18068,7188.0605
18069,3967.0527
18070,4109.91
18071,3630.216
18072,6036.2837
18073,6823.8213
18074,3891.0942
18075,3865.3604
18076,5634.0254
18077,4657.1826
18078,4421.459
18079,7258.299
18080,5220.8096
18081,6095.1987
18082,4370.8154
18083,3832.1382
18084,4712.1367
18085,6014.7886
18086,5592.6104
18087,6400.386
18088,6162.69
18089,4173.302
18090,7070.8965
18091,4296.175
18092,5036.196
18093,6860.0728
18094,4912.541
18095,7837.349
18096,6770.6455
18097,5301.266
18098,4574.781
18099,6024.1646
18100,5830.4976
18101,4967.351
18102,3146.5764
18103,4670.689
18104,5881.5894
18105,4685.2583
18106,3689.5984
18107,6233.074
18108,5321.582
18109,5048.547
18110,4395.408
18111,3978.771
18112,5523.395
18113,5274.4634
18114,4620.897
18115,4321.642
18116,4361.261
18117,5201.7417
18118,2921.434
18119,5054.3726
18120,3638.4812
18121,6298.648
18122,5601.542
18123,5270.475
18124,8669.728
18125,3638.8943
18126,3918.3708
18127,7713.0015
18128,4648.111
18129,6313.517
18130,6314.529
18131,4448.309
18132,5017.055
18133,4499.9277
18134,6079.458
18135,8342.33
18136,5166.3516
18137,2472.0928
18138,3668.7964
18139,6573.0913
18140,6626.1377
18141,4388.9307
18142,5439.3296
18143,3868.6619
18144,4165.0454
18145,2580.1404
18146,3943.829
18147,4787.0747
18148,5375.5327
18149,5252.969
18150,4885.787
18151,6589.431
18152,6847.737
18153,5913.045
18154,3971.3994
18155,6912.817
18156,7531.548
18157,4095.8594
18158,5749.014
18159,3984.5327
18160,5501.1807
18161,2876.362
18162,5009.834
18163,3695.9673
18164,6854.4287
18165,5391.8833
18166,6688.499
18167,6413.9717
18168,4287.1523
18169,6380.6797
18170,13542.014
18171,7506.6045
18172,4215.5566
18173,2156.3784
18174,4868.4023
18175,6819.2017
18176,4412.3667
18177,9989.05
18178,13817.742
18179,3173.5723
18180,3887.6587
18181,6657.096
18182,3496.1052
18183,6498.521
18184,4541.2764
18185,5641.559
18186,3446.7112
18187,5111.7153
18188,4612.002
18189,5378.6816
18190,6823.236
18191,5266.4346
18192,4382.5176
18193,5617.16
18194,3833.6116
18195,4134.277
18196,6582.1885
18197,4231.4824
18198,4571.3867
18199,5320.4907
18200,4924.3496
18201,4455.248
18202,5714.222
18203,5247.175
18204,6827.0894
18205,7206.788
18206,6003.0044
18207,4324.108
18208,2802.1484
18209,4760.6133
18210,5193.705
18211,4722.558
18212,3682.963
18213,6212.822
18214,5255.244
18215,7250.736
18216,5102.489
18217,3979.7805
18218,4223.357
18219,3670.785
18220,7024.8687
18221,4138.0215
18222,6068.5312
18223,10987.112
18224,5941.035
18225,5439.8433
18226,4020.529
18227,3839.4124
18228,5502.246
18229,3277.5474
18230,4624.2876
18231,7635.501
18232,4275.15
18233,10253.997
18234,9957.925
18235,4242.488
18236,5091.3164
18237,4277.4873
18238,5106.277
18239,4631.346
18240,8558.329
18241,5653.464
18242,6410.51
18243,3491.6624
18244,5921.675
18245,3974.5337
18246,6909.514
18247,4788.0015
18248,4720.513
18249,5291.213
18250,5289.139
18251,6293.4233
18252,7140.5347
18253,4874.3174
18254,7384.728
18255,5309.206
18256,6678.8984
18257,4248.6763
18258,3855.473
18259,3783.2703
18260,6951.185
18261,4624.319
18262,6157.355
18263,4930.06
18264,6759.547
18265,3788.9407
18266,5947.4478
18267,5506.0
18268,3069.1213
18269,9710.042
18270,12292.059
18271,5159.949
18272,5303.7446
18273,6181.057
18274,7558.9526
18275,8534.462
18276,4705.9873
18277,5844.9917
18278,4343.0864
18279,6264.377
18280,3389.5032
18281,4523.8267
18282,4178.5557
18283,4697.7974
18284,6063.266
18285,4001.1658
18286,3327.034
18287,5473.2886
18288,3154.0776
18289,3443.6777
18290,4492.191
18291,5042.5454
18292,6901.8735
18293,7001.9907
18294,5635.084
18295,5241.8374
18296,4730.123
18297,8830.983
18298,5205.618
18299,4582.048
18300,3854.0278
18301,7169.019
18302,3503.9082
18303,5647.2554
18304,2600.397
18305,3932.1426
18306,5532.6016
18307,5117.511
18308,4092.739
18309,6833.9565
18310,7152.5386
18311,8911.661
18312,4687.095
18313,7937.8574
18314,2534.1545
18315,4244.637
18316,5083.2954
18317,3177.0527
18318,6842.899
18319,4053.0986
18320,4202.111
18321,6621.999
18322,8183.289
18323,6702.69
18324,4399.2837
18325,3681.7405
18326,8641.749
18327,6074.5947
18328,4718.1455
18329,4241.7837
18330,5428.73
18331,6622.8584
18332,3616.7078
18333,4837.005
18334,5625.9487
18335,6149.8535
18336,10478.401
18337,4011.6528
18338,8966.945
18339,5597.0557
18340,4180.3257
18341,2709.2253
18342,4772.826
18343,4426.721
18344,4472.847
18345,5946.143
18346,4155.109
18347,3744.54
18348,5448.271
18349,2780.5518
18350,6485.7773
18351,5044.629
18352,5959.952
18353,6702.7153
18354,3868.234
18355,7131.006
18356,5634.616
18357,4472.7275
18358,4727.0557
18359,4075.1848
18360,7891.8604
18361,5085.9336
18362,3864.343
18363,5671.423
18364,6495.646
18365,5396.9824
18366,4259.344
18367,6453.491
18368,4877.15
18369,5140.907
18370,4745.2397
18371,6829.9424
18372,4459.7593
18373,4513.7275
18374,4523.1753
18375,3964.1323
18376,3303.3337
18377,4307.1763
18378,6432.4126
18379,6814.4814
18380,8230.93
18381,8020.2847
18382,6284.785
18383,5399.227
18384,4376.7563
18385,8715.519
18386,7978.519
18387,5186.952
18388,6758.7217
18389,6313.8423
18390,5069.026
18391,3091.8406
18392,8805.558
18393,4686.4336
18394,5220.6953
18395,4897.6855
18396,1699.5392
18397,7880.7056
18398,4826.7544
18399,3826.0308
18400,4226.851
18401,5034.3945
18402,5207.322
18403,5156.7217
18404,5748.488
18405,4341.0317
18406,3642.2559
18407,3263.4795
18408,2391.84
18409,5413.8267
18410,13217.5205
18411,4244.488
18412,4535.1553
18413,5199.053
18414,4230.8003
18415,4029.2983
18416,4159.7925
18417,3291.7417
18418,6443.49
18419,5561.8887
18420,3076.7227
18421,6256.948
18422,3851.624
18423,3753.316
18424,7035.2754
18425,6012.62
18426,7689.019
18427,3495.3418
18428,5178.736
18429,3857.2754
18430,3722.331
18431,10760.226
18432,7882.344
18433,5349.2827
18434,4095.5156
18435,4044.185
18436,4473.969
18437,3837.3875
18438,7791.5854
18439,4070.48
18440,4222.197
18441,5723.572
18442,3856.7087
18443,5188.714
18444,5318.1313
18445,5908.6475
18446,5191.7236
18447,3161.241
18448,4612.1733
18449,4693.8066
18450,6697.028
18451,6745.1978
18452,5655.778
18453,3381.6196
18454,6147.3613
18455,4581.3003
18456,3396.7896
18457,5673.0186
18458,5703.723
18459,5030.914
18460,4843.15
18461,5071.067
18462,4728.463
18463,4628.277
18464,5775.991
18465,5859.2593
18466,3939.3623
18467,7303.5493
18468,4840.785
18469,3509.0527
18470,8687.947
18471,4351.699
18472,2782.4277
18473,6042.309
18474,7653.3647
18475,7641.315
18476,4032.8245
18477,4330.477
18478,4578.9546
18479,5897.977
18480,4825.5117
18481,6680.408
18482,2559.983
18483,4700.088
18484,4726.718
18485,4084.381
18486,3574.468
18487,5789.306
18488,5289.719
18489,4528.325
18490,6502.465
18491,4761.3174
18492,6078.4204
18493,3478.5967
18494,4798.783
18495,4812.824
18496,6067.015
18497,6046.264
18498,3214.5117
18499,6795.2173
18500,5297.369
18501,5952.6006
18502,3854.9434
18503,3015.744
18504,5774.1294
18505,4399.997
18506,7003.8813
18507,5107.4067
18508,4353.3105
18509,6135.3
18510,5006.939
18511,3914.4368
18512,5879.8394
18513,3913.4287
18514,6260.47
18515,8055.589
18516,5935.841
18517,3644.4456
18518,4045.6167
18519,3300.2754
18520,2526.5645
18521,6040.073
18522,4542.0693
18523,6805.2124
18524,3364.8381
18525,5496.481
18526,4531.994
18527,6956.743
18528,3756.923
18529,4342.813
18530,4038.969
18531,5803.2715
18532,4114.9707
18533,5665.3887
18534,6120.553
18535,7598.899
18536,5958.5254
18537,5696.704
18538,4611.5356
18539,3482.219
18540,4551.1943
18541,8295.493
18542,6949.316
18543,6396.7183
18544,11790.458
18545,4131.364
18546,4060.281
18547,4557.2153
18548,6697.5454
18549,7083.891
18550,5193.8687
18551,6234.8223
18552,5895.294
18553,5415.4434
18554,5071.6377
18555,4277.965
18556,3499.5254
18557,3901.2295
18558,3067.406
18559,3768.8477
18560,6351.4604
18561,11622.937
18562,4997.2485
18563,4025.7139
18564,5285.876
18565,3109.6006
18566,4879.6953
18567,3285.5708
18568,7136.089
18569,4944.792
18570,4680.3135
18571,9568.918
18572,9847.966
18573,4975.7446
18574,5849.4927
18575,3053.2202
18576,4485.353
18577,4149.144
18578,7040.2227
18579,3742.8079
18580,3381.5454
18581,4525.907
18582,4684.6816
18583,5430.4443
18584,5276.2495
18585,3195.3967
18586,5745.8677
18587,6205.9575
18588,5520.261
18589,3375.0032
18590,2957.375
18591,5936.8545
18592,4027.358
18593,7468.625
18594,3357.4602
18595,4128.98
18596,5039.122
18597,4532.859
18598,3919.8362
18599,4215.271
18600,4555.3813
18601,7520.407
18602,6639.3154
18603,4573.7773
18604,3087.0747
18605,4623.7847
18606,5408.825
18607,4009.7092
18608,4698.322
18609,4566.946
18610,8931.224
18611,5146.5054
18612,4822.737
18613,5857.605
18614,3679.581
18615,7244.8457
18616,4122.974
18617,9427.049
18618,4781.311
18619,4156.9683
18620,4011.7332
18621,3533.2778
18622,5814.8076
18623,13621.483
18624,3367.6191
18625,4198.6133
18626,6938.811
18627,5147.188
18628,5424.687
18629,6196.8423
18630,4760.7314
18631,4228.573
18632,3541.5012
18633,7421.2334
18634,4660.6978
18635,5230.2603
18636,5943.954
18637,3919.3315
18638,6238.838
18639,4988.8853
18640,3131.8184
18641,6628.5967
18642,6733.5435
18643,3471.2078
18644,5904.1235
18645,5291.839
18646,4028.6758
18647,7063.0234
18648,5328.419
18649,5958.116
18650,3705.9163
18651,3575.6038
18652,5397.9604
18653,3075.5693
18654,6062.0864
18655,3301.1475
18656,4762.139
18657,4012.487
18658,4655.5215
18659,5288.9624
18660,5753.414
18661,5156.618
18662,6648.7705
18663,4790.592
18664,6086.014
18665,5120.4604
18666,5893.315
18667,7234.143
18668,5527.638
18669,2796.0947
18670,4821.4673
18671,5244.733
18672,3731.1084
18673,9216.803
18674,4212.0195
18675,5090.666
18676,7743.9023
18677,5355.3325
18678,3065.3962
18679,7442.0444
18680,7425.708
18681,4346.555
18682,5840.8228
18683,7156.626
18684,4846.177
18685,4398.7007
18686,5408.0825
18687,4352.2393
18688,4870.6504
18689,5745.44
18690,3759.3323
18691,5230.5444
18692,5629.674
18693,4898.8257
18694,5569.2305
18695,4916.2256
18696,5183.8657
18697,3437.5793
18698,5513.3994
18699,5494.683
18700,4902.3643
18701,5135.594
18702,5469.557
18703,6958.263
18704,4596.652
18705,4048.176
18706,4476.7783
18707,6053.235
18708,5527.401
18709,3367.134
18710,3182.9653
18711,6234.168
18712,6239.9087
18713,4292.3325
18714,6015.075
18715,5158.276
18716,5021.0576
18717,3843.1572
18718,2942.7937
18719,4783.2812
18720,5024.9385
18721,4659.382
18722,6966.717
18723,6104.991
18724,4160.181
18725,6764.3584
18726,3259.36
18727,2648.1226
18728,5961.476
18729,9388.17
18730,6069.7935
18731,5399.6343
18732,3195.8447
18733,5309.2817
18734,6388.011
18735,4279.818
18736,6229.734
18737,4136.4585
18738,3560.1516
18739,4229.9487
18740,4116.545
18741,4667.3843
18742,3497.8567
18743,3604.938
18744,3313.7524
18745,5633.778
18746,5061.7783
18747,3832.6133
18748,5084.881
18749,5297.8994
18750,4289.14
18751,4157.436
18752,6860.014
18753,5839.7646
18754,4925.2095
18755,3074.7305
18756,9881.603
18757,5019.176
18758,3948.463
18759,6077.162
18760,6155.57
18761,5468.9
18762,4592.554
18763,5394.687
18764,6474.3306
18765,9186.831
18766,3782.895
18767,3299.995
18768,4198.453
18769,4922.471
18770,4202.227
18771,6353.1997
18772,6867.3135
18773,4717.1284
18774,3402.1924
18775,4909.9365
18776,7223.573
18777,4053.0754
18778,5348.987
18779,3216.2417
18780,5614.048
18781,5832.4385
18782,5550.3457
18783,6200.6025
18784,4925.604
18785,3483.5645
18786,5009.705
18787,5866.596
18788,6446.367
18789,5742.4595
18790,6011.909
18791,4585.384
18792,3564.148
18793,7153.057
18794,3505.5398
18795,8711.97
18796,4692.638
18797,3507.6807
18798,5279.1943
18799,4687.4395
18800,5883.3906
18801,5982.324
18802,3144.035
18803,3676.725
18804,5067.7207
18805,5993.004
18806,7628.2656
18807,4888.6074
18808,4871.854
18809,4487.086
18810,4984.7563
18811,3913.1863
18812,7949.8286
18813,6269.781
18814,8984.632
18815,3610.6028
18816,4619.068
18817,7774.5854
18818,6277.518
18819,3844.9246
18820,7775.7427
18821,5283.27
18822,4159.8677
18823,3894.4995
18824,3724.3057
18825,4110.4707
18826,4041.7979
18827,3511.427
18828,3762.5613
18829,6026.285
18830,5255.7007
18831,15409.6
18832,4980.417
17121,3594.612
17122,5687.9243
17123,7500.3066
17124,4553.7734
17125,6288.455
17126,4866.206
17127,6376.664
17128,6040.4307
17129,4236.406
17130,4836.2344
17131,5698.1333
17132,6779.751
17133,5751.801
17134,7312.381
17135,4429.002
17136,3988.4458
17137,4722.878
17138,8699.041
17139,8981.924
17140,7780.4683
17141,6296.822
17142,3745.4082
17143,5080.9297
17144,3464.803
17145,6654.906
17146,8816.046
17147,8385.72
17148,5214.315
17149,4190.9224
17150,3939.554
17151,5274.3374
17152,8640.843
17153,5879.458
17154,4644.3525
17155,4699.559
17156,6522.6157
17157,3087.063
17158,6565.9478
17159,3395.9795
17160,6246.8047
17161,5382.6235
17162,4473.389
17163,7219.9497
17164,5933.6616
17165,4024.777
17166,5319.755
17167,6301.4785
17168,9493.611
17169,5518.166
17170,6221.9604
17171,6807.8096
17172,7854.261
17173,5490.345
17174,7837.3643
17175,3577.3506
17176,3821.402
17177,5098.543
17178,5687.089
17179,8414.105
17180,6385.173
17181,4425.1846
17182,6270.4146
17183,5964.297
17184,8185.069
17185,3311.9763
17186,10295.361
17187,3964.1968
17188,5075.7124
17189,7325.7983
17190,4323.1963
17191,5399.7783
17192,5112.4614
17193,6171.8315
17194,5253.3447
17195,4781.156
17196,7336.504
17197,6381.946
17198,4982.2227
17199,4455.558
17200,6494.9766
17201,9944.865
17202,5306.72
17203,4133.1807
17204,5721.296
17205,5394.836
17206,5486.5234
17207,7541.072
17208,3264.5725
17209,6714.015
17210,4994.423
17211,6077.9736
17212,7379.173
17213,4487.497
17214,4828.7114
17215,4223.659
17216,6976.598
17217,7258.2363
17218,4183.19
17219,4348.8486
17220,6126.552
17221,5294.3027
17222,4828.044
17223,7958.5835
17224,5771.596
17225,6386.0073
17226,4861.928
17227,4172.167
17228,5354.7603
17229,6323.7866
17230,5926.235
17231,7828.0776
17232,7048.87
17233,5003.931
17234,7576.2324
17235,4553.361
17236,5589.2773
17237,7737.929
17238,5506.5986
17239,8554.2
17240,7898.2085
17241,5864.258
17242,5184.044
17243,6721.9863
17244,6907.551
17245,5392.207
17246,3287.3892
17247,5377.738
17248,6028.5444
17249,5405.72
17250,4173.7993
17251,6806.991
17252,5668.6426
17253,5792.985
17254,4837.434
17255,4238.4873
17256,5890.876
17257,6046.829
17258,4962.7715
17259,5085.075
17260,4540.9214
17261,5943.926
17262,3171.9832
17263,5525.292
17264,4171.598
17265,6806.4785
17266,6295.1943
17267,5835.377
17268,10010.882
17269,3828.824
17270,4450.5503
17271,8453.247
17272,5209.1055
17273,7306.3013
17274,6839.7603
17275,5274.906
17276,5967.7456
17277,4988.471
17278,6645.3726
17279,8674.657
17280,5470.82
17281,2922.9004
17282,3965.1611
17283,7884.6675
17284,7977.69
17285,4829.0522
17286,6264.58
17287,4288.404
17288,4099.956
17289,2711.8552
17290,4281.725
17291,5321.0645
17292,5952.2603
17293,5646.9375
17294,5320.6987
17295,7804.5566
17296,7563.294
17297,6355.8
17298,4648.501
17299,7479.161
17300,8346.35
17301,4561.3423
17302,6569.688
17303,4593.5527
17304,6252.271
17305,3331.2483
17306,5286.2188
17307,4372.621
17308,7241.1704
17309,6014.3813
17310,7419.5415
17311,6971.8154
17312,4911.126
17313,7102.205
17314,14611.687
17315,8482.994
17316,4315.2407
17317,2618.9253
17318,5883.6655
17319,7853.355
17320,5080.4644
17321,10290.728
17322,15742.8125
17323,3694.5854
17324,4194.29
17325,7488.9766
17326,3884.0076
17327,7199.066
17328,4803.2896
17329,6094.9897
17330,3941.0498
17331,5812.2183
17332,5258.6943
17333,5795.2563
17334,8030.718
17335,5880.6807
17336,4925.9326
17337,6105.6143
17338,4239.361
17339,4743.3887
17340,7300.7007
17341,4969.6636
17342,4980.218
17343,5940.82
17344,5107.397
17345,4790.464
17346,5971.9595
17347,5827.612
17348,7328.957
17349,7438.6167
17350,6598.2427
17351,4633.6616
17352,3303.586
17353,5375.256
17354,5678.135
17355,5484.363
17356,3800.9087
17357,6779.3564
17358,5818.5474
17359,8141.4517
17360,5529.8896
17361,4486.7607
17362,4712.3345
17363,3946.26
17364,7724.5376
17365,4832.3057
17366,7157.152
17367,11119.881
17368,6644.802
17369,5781.1943
17370,4475.053
17371,4201.4937
17372,6129.2344
17373,3850.184
17374,4929.265
17375,8177.375
17376,5275.384
17377,11281.035
17378,10078.221
17379,4824.8535
17380,5957.3945
17381,4692.996
17382,5441.2495
17383,5139.162
17384,9851.028
17385,6446.8716
17386,7163.742
17387,3965.0476
17388,6234.3525
17389,4567.939
17390,7629.859
17391,5653.367
17392,5217.1904
17393,6056.099
17394,5613.652
17395,7370.085
17396,7233.812
17397,5617.3154
17398,8089.451
17399,5746.5254
17400,7041.331
17401,4564.0845
17402,4352.6084
17403,4219.604
17404,7963.9595
17405,5080.043
17406,7044.9653
17407,5527.754
17408,8165.544
17409,4329.0977
17410,6645.981
17411,5823.3667
17412,3347.8557
17413,11151.0205
17414,13374.152
17415,5978.6104
17416,6289.5347
17417,7217.3267
17418,8407.592
17419,9408.652
17420,5341.6294
17421,6370.609
17422,5416.301
17423,7010.685
17424,3583.249
17425,4910.7046
17426,4829.909
17427,5172.718
17428,6493.038
17429,4163.568
17430,3549.3513
17431,5960.754
17432,3346.8052
17433,3775.6343
17434,5012.291
17435,5861.439
17436,7782.999
17437,8340.588
17438,6096.798
17439,5980.333
17440,5496.439
17441,9500.6045
17442,5692.0493
17443,5250.5493
17444,4388.257
17445,8817.038
17446,3789.6165
17447,6775.814
17448,3036.2688
17449,4020.556
17450,6131.6553
17451,5700.0796
17452,4808.5796
17453,7627.538
17454,8399.616
17455,9296.996
17456,5035.898
17457,9076.101
17458,2660.0564
17459,4912.639
17460,6074.7456
17461,3673.5837
17462,7575.0474
17463,4622.8765
17464,4442.966
17465,7474.226
17466,8781.336
17467,7488.5337
17468,4910.653
17469,3967.9233
17470,8913.464
17471,7189.919
17472,4997.2866
17473,5023.9414
17474,6140.9556
17475,7162.0
17476,4103.102
17477,5066.367
17478,6108.568
17479,6994.448
17480,11391.382
17481,4794.8936
17482,10312.894
17483,6026.8027
17484,4824.3286
17485,2883.343
17486,5051.8423
17487,5038.1514
17488,4936.6763
17489,7028.374
17490,4877.401
17491,4080.3079
17492,6310.4224
17493,2950.2598
17494,7320.308
17495,5966.0723
17496,6701.7437
17497,7946.7583
17498,4198.577
17499,7579.8027
17500,6045.653
17501,4882.386
17502,5370.433
17503,4334.8003
17504,8923.757
17505,5524.0747
17506,4265.134
17507,6079.3423
17508,7518.356
17509,6495.268
17510,4539.895
17511,7218.8896
17512,4959.3877
17513,5565.2847
17514,5464.452
17515,8254.664
17516,5038.055
17517,4900.765
17518,5303.603
17519,4709.71
17520,3563.9065
17521,5019.257
17522,7268.642
17523,6937.792
17524,9553.324
17525,9183.274
17526,6744.477
17527,5692.5703
17528,4558.1323
17529,9299.337
17530,8508.551
17531,5923.748
17532,7376.2734
17533,7545.065
17534,5478.2505
17535,3110.093
17536,9552.896
17537,5507.344
17538,5872.5024
17539,5290.6226
17540,1803.2134
17541,8958.55
17542,5460.9297
17543,4034.9832
17544,4524.94
17545,5742.958
17546,5492.9536
17547,5609.0703
17548,6621.292
17549,4729.825
17550,4138.933
17551,3363.6667
17552,2575.4258
17553,5895.474
17554,13973.567
17555,4699.6216
17556,5344.7383
17557,5830.1694
17558,4845.109
17559,4250.431
17560,4756.7188
17561,3634.6929
17562,7548.441
17563,6600.559
17564,3198.8096
17565,6877.067
17566,4235.767
17567,3982.6555
17568,7695.916
17569,6867.6543
17570,8484.847
17571,3628.3223
17572,5502.12
17573,4248.992
17574,4239.3325
17575,11774.164
17576,8550.953
17577,5977.0083
17578,4258.3813
17579,4611.4297
17580,5078.56
17581,3990.3447
17582,7774.986
17583,4369.5063
17584,4458.377
17585,6365.422
17586,4202.263
17587,5414.9526
17588,5720.7065
17589,6768.5728
17590,6099.741
17591,3565.1443
17592,4997.0913
17593,5789.069
17594,7325.6724
17595,7841.8354
17596,6081.2964
17597,3458.7102
17598,6872.4834
17599,5236.7446
17600,3544.435
17601,6265.6797
17602,6168.1357
17603,5374.3022
17604,5323.0137
17605,5280.0103
17606,5185.587
17607,5043.633
17608,6359.141
17609,6942.843
17610,4428.022
17611,7619.0454
17612,5383.337
17613,4039.9167
17614,9268.823
17615,5363.21
17616,3067.4763
17617,6634.0806
17618,8110.5503
17619,8259.256
17620,4396.2007
17621,4924.9414
17622,5076.4775
17623,6688.0464
17624,5690.052
17625,7687.9414
17626,2871.2488
17627,5841.586
17628,5365.4766
17629,4391.1963
17630,4048.0293
17631,6105.498
17632,5829.8135
17633,4770.869
17634,6675.115
17635,5549.4297
17636,6703.4443
17637,4167.565
17638,5360.259
17639,5231.333
17640,6595.625
17641,7307.4443
17642,3294.6792
17643,7097.0317
17644,5666.599
17645,6688.933
17646,4531.5317
17647,3235.1018
17648,7305.8276
17649,4721.5537
17650,7824.465
17651,5452.914
17652,4694.523
17653,7545.209
17654,5423.989
17655,4644.1445
17656,6973.2783
17657,4405.3394
17658,7060.262
17659,8900.567
17660,6495.5093
17661,3845.926
17662,4275.4478
17663,3506.5095
17664,2956.2805
17665,6653.44
17666,5427.9946
17667,7708.368
17668,4081.2031
17669,5938.899
17670,5102.323
17671,7889.0005
17672,4329.7915
17673,4756.4375
17674,4847.1245
17675,6131.755
17676,4669.9585
17677,6233.472
17678,6803.7456
17679,8216.089
17680,6713.682
17681,6310.705
17682,5177.8467
17683,3670.6167
17684,5268.148
17685,9580.196
17686,7735.28
17687,6903.2036
17688,12212.223
17689,4392.864
17690,4410.107
17691,5140.8584
17692,7504.2495
17693,8131.6655
17694,5855.03
17695,6942.757
17696,6756.26
17697,6071.374
17698,5897.752
17699,4989.7036
17700,3744.747
17701,4671.059
17702,3295.3613
17703,4132.7036
17704,7650.708
17705,13337.657
17706,5303.8457
17707,4498.902
17708,5870.369
17709,3672.0981
17710,5384.138
17711,3384.7437
17712,7630.783
17713,5878.617
17714,5119.6304
17715,10282.31
17716,10403.159
17717,5340.0806
17718,6103.926
17719,3514.5837
17720,4731.391
17721,4589.077
17722,7950.86
17723,4300.517
17724,3731.1511
17725,4929.524
17726,5477.4824
17727,6134.1533
17728,6266.857
17729,3328.4846
17730,6642.185
17731,6694.5884
17732,6238.32
17733,3813.1943
17734,3610.582
17735,6343.0454
17736,4596.1035
17737,8561.269
17738,3668.8313
17739,4734.9624
17740,5741.2437
17741,4963.6094
17742,4447.872
17743,4745.5156
17744,4907.0615
17745,8424.922
17746,7591.6616
17747,5100.669
17748,3244.0825
17749,4923.1143
17750,5843.5312
17751,4491.064
17752,5341.706
17753,4752.569
17754,9701.933
17755,5977.5786
17756,5070.98
17757,6061.5894
17758,3974.272
17759,7943.947
17760,4382.083
17761,10215.644
17762,5262.4927
17763,4956.938
17764,4827.8506
17765,3833.9407
17766,6156.0864
17767,14861.449
17768,3651.2974
17769,4906.781
17770,8249.163
17771,5944.232
17772,6200.969
17773,6960.792
17774,5550.8857
17775,5103.7495
17776,4133.5474
17777,7867.3745
17778,4835.644
17779,5780.6924
17780,6835.247
17781,4225.1743
17782,7136.2656
17783,5861.478
17784,3348.156
17785,7319.47
17786,7340.9136
17787,3600.3567
17788,6752.6973
17789,5966.926
17790,4328.6807
17791,7704.715
17792,6008.16
17793,6650.5273
17794,3988.7996
17795,3923.8242
17796,5620.0703
17797,3454.8323
17798,6441.776
17799,3756.676
17800,5429.263
17801,4269.294
17802,5284.7266
17803,5642.1675
17804,6208.059
17805,5752.6675
17806,7819.056
17807,5296.8486
17808,6774.089
17809,5567.127
17810,6781.387
17811,7548.8154
17812,6007.392
17813,3298.6921
17814,5043.2046
17815,5576.0767
17816,3993.8062
17817,9975.588
17818,4893.0254
17819,5470.559
17820,8386.191
17821,6169.23
17822,3388.585
17823,7971.43
17824,7934.2847
17825,4996.524
17826,6584.0723
17827,7964.7803
17828,5938.6836
17829,4702.671
17830,5875.052
17831,4573.7686
17832,5220.4414
17833,6664.485
17834,4206.258
17835,6187.345
17836,6909.791
17837,5678.5464
17838,6526.0757
17839,4938.7583
17840,5739.185
17841,3484.6746
17842,5934.686
17843,6329.93
17844,5070.583
17845,5585.0938
17846,6065.9966
17847,7075.2817
17848,5241.9023
17849,4392.7886
17850,5248.6265
17851,6646.285
17852,5980.7153
17853,3566.8247
17854,3442.9287
17855,6657.96
17856,6577.168
17857,4666.944
17858,7125.268
17859,5619.0464
17860,5597.2266
17861,4772.0293
17862,2981.4424
17863,5467.7
17864,5756.5703
17865,5360.719
17866,7532.3667
17867,6566.186
17868,4485.8276
17869,7576.5503
17870,3577.9036
17871,2557.4636
17872,6949.382
17873,10156.1875
17874,6878.9497
17875,5757.01
17876,3374.4656
17877,5906.416
17878,7092.9575
17879,5118.0093
17880,7309.989
17881,4438.984
17882,3698.2703
17883,4464.586
17884,4722.216
17885,5053.095
17886,3877.8545
17887,4051.3323
17888,3620.719
17889,6361.2827
17890,5791.891
17891,4834.3066
17892,5499.1504
17893,6176.99
17894,4721.6616
17895,4414.9688
17896,7333.237
17897,6522.9766
17898,5681.618
17899,3213.6992
17900,11193.697
17901,5431.3975
17902,4442.9956
17903,6766.3975
17904,6766.359
17905,6007.163
17906,5140.5005
17907,5773.997
17908,8326.186
17909,10334.162
17910,4253.2056
17911,4104.7344
17912,4840.605
17913,5247.155
17914,5060.982
17915,7608.1963
17916,7432.383
17917,5369.04
17918,3727.9277
17919,5569.4907
17920,7560.6543
17921,4801.0356
17922,5936.192
17923,3514.2854
17924,6327.401
17925,6591.581
17926,6093.0366
17927,6613.1562
17928,5141.2603
17929,3951.0967
17930,5436.71
17931,6837.986
17932,7440.6675
17933,6647.655
17934,6633.3276
17935,4961.801
17936,3894.7185
17937,8071.309
17938,3817.7986
17939,9386.451
17940,5386.9634
17941,3931.5312
17942,6081.8594
17943,5084.92
17944,6294.1616
17945,6901.6235
17946,3495.7585
17947,4214.3823
17948,5997.8364
17949,6486.8477
17950,8136.1187
17951,5409.398
17952,4977.971
17953,4474.5156
17954,5613.898
17955,4597.9585
17956,9270.291
17957,6819.2993
17958,9539.903
17959,4135.3145
17960,5464.1914
17961,8145.49
17962,6637.049
17963,4264.5522
17964,8233.583
17965,5779.937
17966,4815.042
17967,4254.662
17968,4335.3706
17969,4189.3994
17970,4504.8755
17971,3953.6868
17972,4126.925
17973,6834.5625
17974,5357.059
17975,16762.916
17976,5890.6455
16265,3799.0708
16266,3921.4258
16267,5999.2036
16268,3034.288
16269,6169.442
16270,4359.136
16271,5433.693
16272,5973.549
16273,4635.3506
16274,3172.1497
16275,5586.506
16276,5603.455
16277,4114.8687
16278,5850.6533
16279,5070.864
16280,3077.9204
16281,4243.6294
16282,7632.428
16283,8527.497
16284,7290.4575
16285,6816.7764
16286,3853.3586
16287,5144.572
16288,2178.5828
16289,7451.3203
16290,7821.9653
16291,8663.058
16292,6152.506
16293,2966.8047
16294,4391.8584
16295,5751.433
16296,8079.2114
16297,4106.959
16298,5215.5337
16299,4861.061
16300,5740.2744
16301,2479.2305
16302,7194.7207
16303,3718.6719
16304,6958.821
16305,6212.644
16306,3289.5005
16307,8069.492
16308,6383.784
16309,4506.0356
16310,3691.82
16311,7334.4956
16312,9673.233
16313,5977.7725
16314,5160.461
16315,7801.0293
16316,7396.4224
16317,5577.9653
16318,6789.7944
16319,2305.8782
16320,2472.081
16321,4481.1875
16322,5787.285
16323,8349.136
16324,7324.331
16325,3990.2153
16326,7336.322
16327,7703.473
16328,5808.1226
16329,2813.8657
16330,9988.402
16331,3435.7336
16332,4248.1167
16333,7095.705
16334,4266.497
16335,5684.258
16336,2669.7275
16337,5356.6196
16338,5346.6353
16339,5454.5527
16340,7850.8833
16341,6943.1274
16342,4387.449
16343,3547.1545
16344,6928.653
16345,11068.141
16346,5013.08
16347,2802.675
16348,6344.449
16349,5208.7075
16350,5808.5327
16351,9168.012
16352,2102.1926
16353,7311.586
16354,4421.071
16355,5607.9736
16356,7354.0327
16357,2604.7844
16358,4269.473
16359,4867.864
16360,7369.431
16361,7182.016
16362,3782.2563
16363,4478.3413
16364,7066.258
16365,5534.6973
16366,4853.713
16367,6738.6514
16368,4532.63
16369,5710.212
16370,4439.369
16371,2979.1023
16372,5144.9985
16373,5871.287
16374,5530.0005
16375,7432.1704
16376,7423.102
16377,4111.4746
16378,7359.597
16379,2984.9343
16380,3349.8013
16381,7757.734
16382,6945.426
16383,7314.1597
16384,9081.02
16385,6112.846
16386,4690.199
16387,6810.245
16388,7562.717
16389,4831.7847
16390,2782.1914
16391,5504.6133
16392,4484.7495
16393,5396.8228
16394,3515.1538
16395,5290.698
16396,6667.4033
16397,6174.198
16398,5359.124
16399,2555.5247
16400,6056.532
16401,6543.3535
16402,3329.558
16403,5125.87
16404,3082.1165
16405,5346.7217
16406,3584.572
16407,4439.196
16408,4593.7983
16409,6728.895
16410,5906.044
16411,6792.9883
16412,12550.906
16413,4114.264
16414,4538.678
16415,9211.072
16416,4632.0977
16417,7585.8423
16418,6392.8877
16419,5207.635
16420,6279.536
16421,4390.8447
16422,4982.3228
16423,7668.2705
16424,4951.3335
16425,3024.8083
16426,3180.258
16427,7629.2188
16428,8938.724
16429,5948.179
16430,6537.0654
16431,4211.863
16432,2158.5027
16433,1666.0198
16434,3653.0498
16435,5140.2354
16436,6606.8325
16437,4859.6704
16438,4068.9
16439,8024.615
16440,7777.404
16441,6697.0024
16442,5436.492
16443,7396.4717
16444,8287.308
16445,3531.8489
16446,5628.686
16447,5091.385
16448,6340.6924
16449,2722.1458
16450,5011.6216
16451,4679.907
16452,7934.9126
16453,5524.201
16454,7322.7524
16455,6951.9478
16456,4337.1455
16457,7390.541
16458,15567.585
16459,8594.256
16460,3609.284
16461,3349.5425
16462,6475.4546
16463,8395.243
16464,4002.357
16465,8538.973
16466,14533.9375
16467,4995.409
16468,2581.6375
16469,8786.447
16470,3051.2314
16471,6331.947
16472,3084.343
16473,5467.925
16474,3600.81
16475,6745.011
16476,4947.462
16477,4800.0786
16478,9966.619
16479,6098.9443
16480,5182.2144
16481,6621.3423
16482,5412.5103
16483,5367.4116
16484,8756.63
16485,5117.2476
16486,5547.255
16487,4320.121
16488,3263.4856
16489,4977.2734
16490,4704.201
16491,4720.8823
16492,7568.959
16493,7760.228
16494,7366.1284
16495,4205.9727
16496,3578.5999
16497,4431.597
16498,5061.3296
16499,6304.5264
16500,2764.71
16501,6280.099
16502,5438.5723
16503,7740.1064
16504,5049.7896
16505,4032.4282
16506,3370.174
16507,2245.7166
16508,7865.7764
16509,5948.4575
16510,6059.913
16511,11375.0205
16512,7292.3633
16513,4372.8545
16514,5033.084
16515,2459.5068
16516,4175.878
16517,4328.284
16518,3589.4275
16519,7522.473
16520,4540.605
16521,8430.678
16522,9878.822
16523,5636.901
16524,5832.995
16525,4233.9375
16526,4861.8774
16527,4894.188
16528,10795.423
16529,5944.266
16530,6490.691
16531,2984.977
16532,5253.5903
16533,5128.5845
16534,7750.9814
16535,5983.511
16536,4983.7197
16537,6586.8735
16538,4506.5728
16539,8671.01
16540,6320.9644
16541,6278.1826
16542,8163.5737
16543,6567.777
16544,7607.376
16545,3171.2874
16546,5121.33
16547,4276.129
16548,8889.098
16549,5973.133
16550,7293.4277
16551,5940.893
16552,7922.865
16553,4574.117
16554,6333.0522
16555,5904.14
16556,2792.7222
16557,11765.801
16558,13823.252
16559,6756.6465
16560,6307.588
16561,7121.334
16562,7967.4624
16563,7953.9395
16564,3038.616
16565,4408.0464
16566,5391.256
16567,7098.2974
16568,2444.9104
16569,4410.183
16570,5275.122
16571,5241.3926
16572,4774.9575
16573,2767.8662
16574,2977.4517
16575,6899.3003
16576,3427.7522
16577,4481.4014
16578,5068.881
16579,5219.59
16580,8323.152
16581,10111.534
16582,5336.44
16583,6918.6875
16584,6005.616
16585,9181.724
16586,4629.942
16587,3097.9521
16588,5192.9077
16589,11169.925
16590,3672.8618
16591,7237.5454
16592,2065.3088
16593,3564.8108
16594,6041.594
16595,5815.3955
16596,4846.602
16597,8109.939
16598,8344.375
16599,7202.8438
16600,4000.3337
16601,10182.143
16602,1790.6246
16603,3686.2175
16604,6584.323
16605,4815.1523
16606,9482.978
16607,2693.7898
16608,4856.01
16609,5261.8604
16610,7320.2314
16611,8828.836
16612,4777.6865
16613,2653.3472
16614,8617.173
16615,8536.213
16616,4489.158
16617,5411.8237
16618,8043.4736
16619,5739.7437
16620,4890.072
16621,3656.0828
16622,6561.0024
16623,4210.69
16624,12129.852
16625,6540.92
16626,11670.179
16627,6037.879
16628,4429.285
16629,1973.6495
16630,5440.969
16631,5328.3525
16632,4793.1104
16633,8549.069
16634,5457.4463
16635,2602.936
16636,7015.9697
16637,3076.0742
16638,8446.131
16639,6959.8496
16640,6939.0625
16641,8188.192
16642,4352.1313
16643,6475.467
16644,7251.3994
16645,5518.424
16646,6167.812
16647,3489.2852
16648,9125.734
16649,5469.265
16650,3679.4055
16651,4636.8013
16652,7562.104
16653,5929.0845
16654,3461.463
16655,5227.891
16656,5018.252
16657,4638.593
16658,5431.247
16659,8942.953
16660,4649.3657
16661,3850.4927
16662,5976.1646
16663,5157.8384
16664,3020.29
16665,5133.557
16666,8096.205
16667,6357.322
16668,10165.646
16669,8662.876
16670,6817.004
16671,4955.784
16672,3963.1152
16673,9304.892
16674,6954.766
16675,7048.81
16676,5296.384
16677,5649.61
16678,4941.4346
16679,2273.8352
16680,11208.236
16681,6012.7925
16682,5612.4097
16683,4795.6714
16684,1348.5059
16685,7856.644
16686,5815.834
16687,4043.2979
16688,3691.2883
16689,6327.6123
16690,4714.488
16691,3809.882
16692,8641.593
16693,4348.4917
16694,4125.0195
16695,3147.5972
16696,2236.123
16697,4488.8413
16698,12391.404
16699,4744.2847
16700,5436.622
16701,5163.524
16702,3632.731
16703,3067.4587
16704,5744.4263
16705,2720.1184
16706,9282.606
16707,6426.213
16708,2647.7764
16709,7700.197
16710,2476.2756
16711,3543.0388
16712,8176.439
16713,7321.579
16714,8572.463
16715,2154.3816
16716,4753.884
16717,4080.2144
16718,3460.5518
16719,14254.547
16720,10409.799
16721,5111.9204
16722,3038.813
16723,5317.0767
16724,4176.057
16725,2387.481
16726,6947.7183
16727,4231.959
16728,4922.2505
16729,6818.3955
16730,4313.755
16731,4680.2285
16732,5648.3003
16733,6622.5234
16734,6699.788
16735,2516.1992
16736,5309.0996
16737,7182.3174
16738,7821.3237
16739,5931.466
16740,6995.936
16741,2207.5308
16742,8383.112
16743,4530.762
16744,2590.7073
16745,3968.669
16746,4237.448
16747,4331.4067
16748,6376.6763
16749,3667.3687
16750,5401.844
16751,4902.6636
16752,7193.2046
16753,8005.756
16754,4690.763
16755,6831.4604
16756,6033.647
16757,2381.4636
16758,9698.417
16759,3737.025
16760,3397.1265
16761,5960.7427
16762,9236.532
16763,9425.044
16764,3986.5476
16765,4453.8115
16766,6032.128
16767,6801.014
16768,4637.279
16769,8294.71
16770,2886.6184
16771,5200.5015
16772,3885.675
16773,3071.6082
16774,2658.661
16775,6819.039
16776,5640.6606
16777,5146.481
16778,4712.0513
16779,7317.237
16780,7288.066
16781,4180.318
16782,4910.868
16783,5134.86
16784,6484.862
16785,5355.874
16786,1896.4396
16787,5805.2866
16788,6226.6147
16789,6707.9663
16790,5740.9043
16791,2713.3872
16792,8711.762
16793,2792.0137
16794,8475.278
16795,4855.3936
16796,4456.234
16797,8312.41
16798,3703.944
16799,4205.2627
16800,8511.408
16801,2520.4517
16802,6203.383
16803,8770.873
16804,6774.625
16805,2399.3848
16806,4893.4688
16807,3350.5715
16808,2184.8545
16809,4924.824
16810,6061.4736
16811,5044.956
16812,4300.829
16813,5541.8022
16814,4681.242
16815,9018.992
16816,4798.3022
16817,5637.299
16818,4149.3735
16819,5402.5654
16820,5452.4614
16821,6063.7407
16822,7587.738
16823,8191.9023
16824,7469.1167
16825,5379.1743
16826,5103.535
16827,2444.0474
16828,5699.884
16829,8119.095
16830,6588.7837
16831,6238.1416
16832,11553.814
16833,2874.9216
16834,4875.745
16835,4540.6396
16836,8044.195
16837,8902.911
16838,6718.243
16839,6796.475
16840,7091.916
16841,7094.595
16842,6219.1304
16843,5104.022
16844,2153.654
16845,4687.3145
16846,3049.4302
16847,2882.2073
16848,7624.454
16849,15167.628
16850,5035.6577
16851,3121.9866
16852,4536.67
16853,4075.3481
16854,5285.18
16855,1973.3727
16856,6231.326
16857,6382.061
16858,3376.9226
16859,10021.973
16860,10361.658
16861,4040.7454
16862,5295.747
16863,3627.6543
16864,3797.654
16865,3834.1272
16866,8965.534
16867,3940.4973
16868,4030.144
16869,4749.2563
16870,5548.022
16871,4731.6123
16872,7353.815
16873,2864.7507
16874,7549.888
16875,6096.926
16876,4906.949
16877,3684.5933
16878,3872.945
16879,4333.7
16880,4716.6875
16881,8800.554
16882,4173.644
16883,3730.5247
16884,6157.737
16885,4541.857
16886,5380.052
16887,4166.9253
16888,5410.4556
16889,8894.848
16890,6564.977
16891,5647.853
16892,3055.7466
16893,4500.28
16894,6035.547
16895,3849.8462
16896,4580.999
16897,4647.335
16898,10386.275
16899,6739.153
16900,4099.2603
16901,5483.6304
16902,4630.463
16903,6360.4575
16904,4878.2104
16905,8509.955
16906,6302.6147
16907,4942.731
16908,3865.1096
16909,1965.0453
16910,4095.8125
16911,16336.862
16912,1973.9076
16913,5042.4253
16914,6243.3857
16915,7044.925
16916,5529.663
16917,7431.341
16918,5579.769
16919,6285.7505
16920,2684.1877
16921,7341.502
16922,4062.6365
16923,5732.937
16924,8271.68
16925,3946.6365
16926,7627.1016
16927,6197.315
16928,3061.5532
16929,6102.808
16930,6053.8755
16931,2495.5051
16932,7889.226
16933,6000.52
16934,4119.106
16935,8715.369
16936,7109.8843
16937,6234.6855
16938,4076.1453
16939,3632.731
16940,5136.2705
16941,3311.6572
16942,5658.4487
16943,2492.2573
16944,5472.5894
16945,2744.4304
16946,5505.9736
16947,5297.9907
16948,4559.085
16949,4945.023
16950,8903.701
16951,5491.0576
16952,7358.2144
16953,5472.396
16954,5635.159
16955,7902.3228
16956,6714.5405
16957,3897.77
16958,5098.8447
16959,4937.4204
16960,4412.055
16961,10810.878
16962,5609.557
16963,5257.977
16964,7654.372
16965,6653.3447
16966,2033.0681
16967,8433.404
16968,7362.581
16969,5918.197
16970,6821.3877
16971,6657.8584
16972,8056.8027
16973,5064.4443
16974,3955.7163
16975,3175.862
16976,5732.8276
16977,7146.7554
16978,2570.1191
16979,7529.2207
16980,6957.5063
16981,5024.8716
16982,6984.362
16983,4413.8613
16984,6611.567
16985,2681.541
16986,4450.024
16987,4966.072
16988,3331.3118
16989,5560.997
16990,6446.1826
16991,7062.3096
16992,5916.5654
16993,4071.6333
16994,5961.1123
16995,6842.651
16996,6900.6494
16997,2409.2554
16998,2611.089
16999,8082.448
17000,5580.594
17001,0.0
17002,7291.2646
17003,6379.986
17004,5937.9814
17005,4779.1997
17006,1812.233
17007,5862.2666
17008,5628.9546
17009,4673.122
17010,7779.659
17011,6324.6313
17012,3417.8652
17013,5663.9517
17014,3050.7075
17015,1129.5747
17016,6139.433
17017,9319.368
17018,5381.7915
17019,4170.7188
17020,2747.3408
17021,5053.7554
17022,7610.025
17023,5904.2754
17024,8495.001
17025,3758.816
17026,3636.7947
17027,3368.1267
17028,5518.887
17029,3262.7449
17030,2445.4375
17031,4048.1528
17032,3449.1123
17033,6962.864
17034,4332.6255
17035,5055.0425
17036,5181.6606
17037,6803.726
17038,4776.561
17039,3719.1897
17040,8708.123
17041,6904.573
17042,6610.1797
17043,1905.1144
17044,6043.594
17045,4785.1616
17046,3933.0166
17047,7612.53
17048,8245.34
17049,6008.286
17050,5971.4355
17051,5692.2554
17052,7415.502
17053,10475.693
17054,3148.468
17055,3717.9978
17056,4890.7344
17057,5450.5376
17058,5322.3486
17059,8933.226
17060,6724.949
17061,6168.983
17062,2681.3083
17063,6567.5513
17064,6228.379
17065,3547.9905
17066,6240.617
17067,3228.002
17068,6284.8394
17069,5929.4126
17070,5079.626
17071,5741.671
17072,3698.0693
17073,4784.6777
17074,6252.5215
17075,5202.332
17076,8066.168
17077,5354.1323
17078,8013.548
17079,4992.3794
17080,3333.057
17081,7739.7964
17082,2663.2659
17083,9311.878
17084,5244.583
17085,4462.649
17086,6755.435
17087,4406.806
17088,4233.2466
17089,5490.518
17090,2875.9531
17091,2931.6106
17092,5980.7095
17093,5101.798
17094,9402.113
17095,5631.049
17096,4950.2427
17097,3696.327
17098,5493.247
17099,3166.1423
17100,9565.378
17101,6247.49
17102,11446.053
17103,5320.816
17104,5027.417
17105,6935.39
17106,6592.581
17107,2957.0535
17108,7530.9297
17109,6328.9644
17110,5214.7974
17111,5297.7075
17112,4814.946
17113,2606.4873
17114,4863.524
17115,3246.0266
17116,2604.235
17117,7006.3
17118,5405.782
17119,18298.598
17120,6779.1626
15409,0.0
15410,0.0
15411,0.0
15412,0.0
15413,0.0
15414,0.0
15415,0.0
15416,0.0
15417,0.0
15418,0.0
15419,0.0
15420,0.0
15421,0.0
15422,0.0
15423,0.0
15424,0.0
15425,0.0
15426,0.0
15427,0.0
15428,0.0
15429,0.0
15430,0.0
15431,0.0
15432,0.0
15433,0.0
15434,0.0
15435,0.0
15436,0.0
15437,0.0
15438,0.0
15439,0.0
15440,0.0
15441,0.0
15442,0.0
15443,0.0
15444,0.0
15445,0.0
15446,0.0
15447,0.0
15448,0.0
15449,0.0
15450,0.0
15451,0.0
15452,0.0
15453,0.0
15454,0.0
15455,0.0
15456,0.0
15457,0.0
15458,0.0
15459,0.0
15460,0.0
15461,0.0
15462,0.0
15463,0.0
15464,0.0
15465,0.0
15466,0.0
15467,0.0
15468,0.0
15469,0.0
15470,0.0
15471,0.0
15472,0.0
15473,0.0
15474,0.0
15475,0.0
15476,0.0
15477,0.0
15478,0.0
15479,0.0
15480,0.0
15481,0.0
15482,0.0
15483,0.0
15484,0.0
15485,0.0
15486,0.0
15487,0.0
15488,0.0
15489,0.0
15490,0.0
15491,0.0
15492,0.0
15493,0.0
15494,0.0
15495,0.0
15496,0.0
15497,0.0
15498,0.0
15499,0.0
15500,4197.2515
15501,0.0
15502,0.0
15503,0.0
15504,0.0
15505,0.0
15506,0.0
15507,0.0
15508,0.0
15509,0.0
15510,0.0
15511,0.0
15512,0.0
15513,0.0
15514,0.0
15515,0.0
15516,0.0
15517,0.0
15518,0.0
15519,0.0
15520,0.0
15521,0.0
15522,0.0
15523,0.0
15524,0.0
15525,0.0
15526,0.0
15527,0.0
15528,0.0
15529,0.0
15530,0.0
15531,0.0
15532,0.0
15533,0.0
15534,0.0
15535,0.0
15536,0.0
15537,0.0
15538,0.0
15539,0.0
15540,0.0
15541,0.0
15542,0.0
15543,0.0
15544,0.0
15545,0.0
15546,0.0
15547,0.0
15548,0.0
15549,0.0
15550,0.0
15551,0.0
15552,0.0
15553,0.0
15554,0.0
15555,0.0
15556,0.0
15557,0.0
15558,0.0
15559,0.0
15560,0.0
15561,0.0
15562,0.0
15563,0.0
15564,0.0
15565,0.0
15566,0.0
15567,0.0
15568,2280.7424
15569,0.0
15570,0.0
15571,0.0
15572,0.0
15573,0.0
15574,0.0
15575,0.0
15576,0.0
15577,0.0
15578,0.0
15579,0.0
15580,0.0
15581,0.0
15582,0.0
15583,0.0
15584,0.0
15585,0.0
15586,0.0
15587,0.0
15588,0.0
15589,0.0
15590,0.0
15591,0.0
15592,0.0
15593,0.0
15594,0.0
15595,0.0
15596,0.0
15597,0.0
15598,0.0
15599,0.0
15600,0.0
15601,0.0
15602,0.0
15603,0.0
15604,0.0
15605,0.0
15606,0.0
15607,0.0
15608,0.0
15609,13820.522
15610,20431.303
15611,0.0
15612,0.0
15613,0.0
15614,0.0
15615,0.0
15616,0.0
15617,0.0
15618,6215.246
15619,0.0
15620,0.0
15621,0.0
15622,0.0
15623,0.0
15624,0.0
15625,0.0
15626,0.0
15627,0.0
15628,0.0
15629,0.0
15630,0.0
15631,0.0
15632,0.0
15633,0.0
15634,0.0
15635,0.0
15636,0.0
15637,4762.1846
15638,0.0
15639,0.0
15640,0.0
15641,0.0
15642,0.0
15643,0.0
15644,0.0
15645,0.0
15646,0.0
15647,2769.9004
15648,0.0
15649,0.0
15650,0.0
15651,0.0
15652,0.0
15653,0.0
15654,0.0
15655,0.0
15656,0.0
15657,0.0
15658,0.0
15659,0.0
15660,0.0
15661,0.0
15662,0.0
15663,0.0
15664,0.0
15665,8139.363
15666,0.0
15667,0.0
15668,0.0
15669,0.0
15670,0.0
15671,0.0
15672,0.0
15673,0.0
15674,0.0
15675,0.0
15676,0.0
15677,0.0
15678,0.0
15679,0.0
15680,0.0
15681,0.0
15682,7915.8184
15683,0.0
15684,0.0
15685,0.0
15686,0.0
15687,0.0
15688,0.0
15689,0.0
15690,0.0
15691,0.0
15692,0.0
15693,0.0
15694,0.0
15695,0.0
15696,0.0
15697,0.0
15698,0.0
15699,0.0
15700,0.0
15701,0.0
15702,0.0
15703,0.0
15704,0.0
15705,0.0
15706,0.0
15707,0.0
15708,0.0
15709,0.0
15710,0.0
15711,0.0
15712,0.0
15713,0.0
15714,0.0
15715,0.0
15716,0.0
15717,0.0
15718,0.0
15719,0.0
15720,0.0
15721,0.0
15722,0.0
15723,0.0
15724,0.0
15725,0.0
15726,0.0
15727,0.0
15728,0.0
15729,0.0
15730,0.0
15731,0.0
15732,0.0
15733,0.0
15734,0.0
15735,0.0
15736,0.0
15737,0.0
15738,0.0
15739,0.0
15740,0.0
15741,0.0
15742,0.0
15743,0.0
15744,1621.9368
15745,0.0
15746,0.0
15747,0.0
15748,0.0
15749,0.0
15750,0.0
15751,0.0
15752,0.0
15753,0.0
15754,0.0
15755,0.0
15756,0.0
15757,0.0
15758,4701.8413
15759,0.0
15760,0.0
15761,0.0
15762,0.0
15763,0.0
15764,0.0
15765,0.0
15766,0.0
15767,0.0
15768,0.0
15769,0.0
15770,0.0
15771,0.0
15772,0.0
15773,0.0
15774,0.0
15775,0.0
15776,0.0
15777,0.0
15778,0.0
15779,0.0
15780,0.0
15781,0.0
15782,0.0
15783,0.0
15784,0.0
15785,0.0
15786,0.0
15787,0.0
15788,0.0
15789,0.0
15790,0.0
15791,0.0
15792,0.0
15793,0.0
15794,0.0
15795,0.0
15796,0.0
15797,0.0
15798,0.0
15799,0.0
15800,0.0
15801,7409.245
15802,0.0
15803,0.0
15804,0.0
15805,0.0
15806,0.0
15807,0.0
15808,0.0
15809,0.0
15810,0.0
15811,2308.0132
15812,0.0
15813,0.0
15814,0.0
15815,4384.1396
15816,0.0
15817,0.0
15818,0.0
15819,0.0
15820,0.0
15821,0.0
15822,0.0
15823,0.0
15824,0.0
15825,0.0
15826,0.0
15827,0.0
15828,0.0
15829,0.0
15830,0.0
15831,0.0
15832,0.0
15833,0.0
15834,0.0
15835,0.0
15836,0.0
15837,0.0
15838,0.0
15839,0.0
15840,0.0
15841,0.0
15842,16490.004
15843,0.0
15844,0.0
15845,0.0
15846,0.0
15847,0.0
15848,0.0
15849,0.0
15850,0.0
15851,0.0
15852,0.0
15853,0.0
15854,0.0
15855,0.0
15856,5846.4634
15857,0.0
15858,0.0
15859,0.0
15860,0.0
15861,0.0
15862,0.0
15863,0.0
15864,0.0
15865,0.0
15866,0.0
15867,0.0
15868,0.0
15869,0.0
15870,0.0
15871,0.0
15872,0.0
15873,0.0
15874,0.0
15875,0.0
15876,0.0
15877,0.0
15878,0.0
15879,0.0
15880,0.0
15881,0.0
15882,0.0
15883,0.0
15884,0.0
15885,0.0
15886,0.0
15887,0.0
15888,0.0
15889,0.0
15890,0.0
15891,0.0
15892,0.0
15893,0.0
15894,0.0
15895,0.0
15896,0.0
15897,0.0
15898,0.0
15899,0.0
15900,0.0
15901,0.0
15902,0.0
15903,0.0
15904,0.0
15905,0.0
15906,0.0
15907,0.0
15908,0.0
15909,0.0
15910,0.0
15911,0.0
15912,0.0
15913,0.0
15914,0.0
15915,0.0
15916,0.0
15917,0.0
15918,0.0
15919,0.0
15920,0.0
15921,0.0
15922,0.0
15923,0.0
15924,0.0
15925,0.0
15926,0.0
15927,0.0
15928,0.0
15929,0.0
15930,0.0
15931,10140.817
15932,0.0
15933,0.0
15934,0.0
15935,0.0
15936,0.0
15937,0.0
15938,0.0
15939,0.0
15940,0.0
15941,0.0
15942,0.0
15943,0.0
15944,0.0
15945,0.0
15946,0.0
15947,0.0
15948,0.0
15949,0.0
15950,0.0
15951,0.0
15952,0.0
15953,0.0
15954,0.0
15955,0.0
15956,0.0
15957,0.0
15958,0.0
15959,0.0
15960,0.0
15961,0.0
15962,0.0
15963,0.0
15964,0.0
15965,0.0
15966,0.0
15967,0.0
15968,0.0
15969,0.0
15970,0.0
15971,0.0
15972,0.0
15973,0.0
15974,0.0
15975,3036.5613
15976,13443.223
15977,0.0
15978,0.0
15979,0.0
15980,0.0
15981,0.0
15982,0.0
15983,0.0
15984,0.0
15985,0.0
15986,0.0
15987,0.0
15988,0.0
15989,0.0
15990,0.0
15991,0.0
15992,0.0
15993,0.0
15994,0.0
15995,0.0
15996,0.0
15997,0.0
15998,0.0
15999,0.0
16000,0.0
16001,0.0
16002,0.0
16003,0.0
16004,10463.103
16005,0.0
16006,0.0
16007,0.0
16008,0.0
16009,0.0
16010,0.0
16011,0.0
16012,0.0
16013,0.0
16014,0.0
16015,0.0
16016,0.0
16017,0.0
16018,0.0
16019,0.0
16020,0.0
16021,0.0
16022,0.0
16023,0.0
16024,0.0
16025,0.0
16026,0.0
16027,0.0
16028,0.0
16029,0.0
16030,0.0
16031,0.0
16032,0.0
16033,0.0
16034,0.0
16035,0.0
16036,0.0
16037,0.0
16038,0.0
16039,0.0
16040,0.0
16041,0.0
16042,0.0
16043,0.0
16044,0.0
16045,0.0
16046,0.0
16047,0.0
16048,0.0
16049,0.0
16050,0.0
16051,0.0
16052,0.0
16053,0.0
16054,0.0
16055,0.0
16056,0.0
16057,0.0
16058,0.0
16059,0.0
16060,0.0
16061,0.0
16062,0.0
16063,0.0
16064,0.0
16065,0.0
16066,0.0
16067,0.0
16068,0.0
16069,0.0
16070,0.0
16071,0.0
16072,0.0
16073,0.0
16074,2782.6958
16075,0.0
16076,0.0
16077,0.0
16078,1955.4054
16079,0.0
16080,0.0
16081,0.0
16082,0.0
16083,0.0
16084,0.0
16085,0.0
16086,0.0
16087,0.0
16088,0.0
16089,0.0
16090,0.0
16091,0.0
16092,0.0
16093,0.0
16094,0.0
16095,0.0
16096,0.0
16097,0.0
16098,0.0
16099,0.0
16100,0.0
16101,0.0
16102,0.0
16103,0.0
16104,0.0
16105,0.0
16106,0.0
16107,0.0
16108,0.0
16109,0.0
16110,0.0
16111,0.0
16112,0.0
16113,0.0
16114,0.0
16115,0.0
16116,0.0
16117,0.0
16118,0.0
16119,0.0
16120,0.0
16121,0.0
16122,0.0
16123,0.0
16124,0.0
16125,0.0
16126,0.0
16127,0.0
16128,0.0
16129,1985.212
16130,0.0
16131,0.0
16132,0.0
16133,0.0
16134,0.0
16135,0.0
16136,0.0
16137,0.0
16138,0.0
16139,0.0
16140,0.0
16141,0.0
16142,0.0
16143,0.0
16144,9676.177
16145,0.0
16146,0.0
16147,0.0
16148,0.0
16149,0.0
16150,0.0
16151,0.0
16152,0.0
16153,0.0
16154,0.0
16155,0.0
16156,0.0
16157,0.0
16158,0.0
16159,0.0
16160,0.0
16161,0.0
16162,0.0
16163,0.0
16164,0.0
16165,0.0
16166,0.0
16167,0.0
16168,0.0
16169,0.0
16170,0.0
16171,0.0
16172,0.0
16173,0.0
16174,0.0
16175,0.0
16176,0.0
16177,0.0
16178,0.0
16179,0.0
16180,0.0
16181,0.0
16182,0.0
16183,0.0
16184,0.0
16185,0.0
16186,0.0
16187,0.0
16188,0.0
16189,0.0
16190,0.0
16191,0.0
16192,0.0
16193,0.0
16194,0.0
16195,0.0
16196,0.0
16197,0.0
16198,0.0
16199,0.0
16200,0.0
16201,0.0
16202,0.0
16203,0.0
16204,0.0
16205,0.0
16206,0.0
16207,0.0
16208,4265.1826
16209,0.0
16210,0.0
16211,0.0
16212,0.0
16213,0.0
16214,0.0
16215,0.0
16216,0.0
16217,0.0
16218,0.0
16219,0.0
16220,0.0
16221,0.0
16222,0.0
16223,0.0
16224,0.0
16225,0.0
16226,0.0
16227,0.0
16228,0.0
16229,0.0
16230,0.0
16231,0.0
16232,0.0
16233,0.0
16234,0.0
16235,0.0
16236,0.0
16237,0.0
16238,0.0
16239,0.0
16240,0.0
16241,0.0
16242,0.0
16243,0.0
16244,0.0
16245,0.0
16246,0.0
16247,0.0
16248,0.0
16249,10954.048
16250,4345.8047
16251,0.0
16252,0.0
16253,0.0
16254,0.0
16255,0.0
16256,0.0
16257,0.0
16258,0.0
16259,0.0
16260,0.0
16261,0.0
16262,0.0
16263,0.0
16264,0.0
14553,6037.746
14554,11188.798
14555,12960.627
14556,8922.335
14557,10091.591
14558,7515.861
14559,11139.455
14560,12728.984
14561,8672.688
14562,8804.987
14563,10603.295
14564,10668.704
14565,11247.849
14566,11234.437
14567,9239.167
14568,7038.9067
14569,8261.162
14570,15797.695
14571,14632.661
14572,15341.82
14573,12111.494
14574,8405.804
14575,8012.3174
14576,6440.111
14577,10179.151
14578,16298.765
14579,12003.546
14580,9716.268
14581,8934.931
14582,6259.9688
14583,8864.207
14584,15789.772
14585,10550.727
14586,6999.5737
14587,9288.842
14588,10819.914
14589,5595.3423
14590,10562.033
14591,6816.549
14592,8882.979
14593,9638.174
14594,7784.7437
14595,10931.608
14596,11046.879
14597,6746.343
14598,9026.419
14599,10597.147
14600,14868.127
14601,8742.085
14602,11613.008
14603,10589.308
14604,13005.786
14605,10151.22
14606,13983.1
14607,8171.8857
14608,7503.6553
14609,9161.036
14610,8457.658
14611,12332.665
14612,11649.538
14613,8101.69
14614,10230.074
14615,8833.722
14616,15096.42
14617,5590.232
14618,16805.225
14619,7876.392
14620,8866.489
14621,11111.272
14622,7215.055
14623,10651.034
14624,9540.722
14625,11064.942
14626,8836.267
14627,8480.049
14628,9648.144
14629,11207.605
14630,11368.567
14631,7471.553
14632,9740.902
14633,14301.091
14634,9692.535
14635,6555.685
14636,10241.916
14637,7828.369
14638,8616.95
14639,9928.29
14640,6052.8423
14641,13065.164
14642,8635.298
14643,11169.957
14644,10100.228
14645,6651.9614
14646,8593.37
14647,8941.461
14648,12452.49
14649,12750.929
14650,7295.4385
14651,7404.6035
14652,9942.134
14653,8250.107
14654,8400.954
14655,12318.6875
14656,10197.313
14657,11120.486
14658,8900.398
14659,6944.121
14660,10534.075
14661,9835.388
14662,11147.427
14663,12773.203
14664,12042.97
14665,8817.728
14666,12050.519
14667,9011.906
14668,11467.503
14669,12675.849
14670,10950.569
14671,13417.156
14672,10093.188
14673,10206.226
14674,8894.652
14675,10234.797
14676,11577.255
14677,11029.697
14678,6164.4185
14679,8933.771
14680,10799.1
14681,9233.828
14682,7944.5225
14683,12376.782
14684,8887.725
14685,7660.135
14686,8224.722
14687,8254.09
14688,11448.367
14689,9866.177
14690,9948.812
14691,8538.672
14692,8225.138
14693,10542.025
14694,5640.3647
14695,9310.821
14696,8700.153
14697,11223.748
14698,10738.88
14699,8785.608
14700,14772.098
14701,8013.8003
14702,6844.054
14703,13806.966
14704,9331.874
14705,12406.872
14706,10084.201
14707,8182.9766
14708,9513.48
14709,7595.6235
14710,12623.043
14711,16590.602
14712,8452.158
14713,4923.349
14714,6614.5503
14715,13395.445
14716,13410.223
14717,9754.932
14718,11271.356
14719,6678.236
14720,7771.4863
14721,4545.97
14722,7109.444
14723,8568.343
14724,9581.448
14725,9244.958
14726,9350.28
14727,12111.69
14728,12879.14
14729,10616.126
14730,7651.1313
14731,11883.03
14732,15707.448
14733,9885.166
14734,11756.4
14735,8826.866
14736,9980.317
14737,7341.1587
14738,10677.194
14739,10680.657
14740,11396.521
14741,9905.693
14742,12029.917
14743,11693.107
14744,7567.364
14745,13235.799
14746,21781.85
14747,14181.24
14748,10284.978
14749,5000.5527
14750,8958.798
14751,13748.661
14752,7898.382
14753,12959.526
14754,19435.768
14755,5693.1187
14756,8932.17
14757,10866.784
14758,6884.168
14759,14205.038
14760,10108.487
14761,11571.89
14762,4914.556
14763,10318.64
14764,9415.547
14765,10801.747
14766,14976.66
14767,8668.728
14768,8295.683
14769,10278.417
14770,7871.3154
14771,7092.1055
14772,10724.203
14773,8483.382
14774,8344.9
14775,11720.307
14776,8578.221
14777,8159.7046
14778,10521.574
14779,10234.904
14780,11481.895
14781,10400.708
14782,9536.373
14783,7808.883
14784,6264.1978
14785,10019.727
14786,9819.959
14787,9829.067
14788,5844.6016
14789,13217.924
14790,11438.501
14791,13935.689
14792,9586.055
14793,8417.035
14794,8839.199
14795,6478.1416
14796,13509.222
14797,7336.189
14798,10993.82
14799,18159.963
14800,9393.741
14801,10117.235
14802,7103.6143
14803,6234.959
14804,11370.779
14805,6608.295
14806,9661.708
14807,12980.754
14808,8814.406
14809,20740.006
14810,17330.594
14811,6971.237
14812,10870.122
14813,8206.018
14814,10179.812
14815,8183.461
14816,15545.789
14817,11868.012
14818,14909.378
14819,6870.419
14820,9882.253
14821,7237.5938
14822,11358.943
14823,10688.545
14824,9197.141
14825,9591.799
14826,7208.163
14827,11760.393
14828,12180.815
14829,8490.376
14830,14315.365
14831,8413.287
14832,12551.05
14833,7197.5693
14834,8133.1626
14835,8756.296
14836,15072.711
14837,8356.354
14838,11647.572
14839,10843.635
14840,13977.073
14841,7166.9067
14842,11729.577
14843,10333.294
14844,6448.372
14845,19634.486
14846,18711.49
14847,9697.584
14848,11611.258
14849,14413.538
14850,14881.519
14851,14216.965
14852,9779.581
14853,11426.376
14854,8952.947
14855,10677.714
14856,5741.3096
14857,9605.879
14858,9242.48
14859,7750.4785
14860,10094.998
14861,7334.076
14862,8871.421
14863,9614.019
14864,5804.423
14865,7014.384
14866,8102.0376
14867,12067.172
14868,12752.412
14869,11828.269
14870,9890.881
14871,9250.065
14872,8638.585
14873,15367.155
14874,11360.773
14875,9315.547
14876,8110.4033
14877,13873.441
14878,6278.4824
14879,11997.102
14880,5221.0835
14881,7754.0645
14882,11857.128
14883,8419.652
14884,7806.902
14885,11725.002
14886,12363.969
14887,13695.214
14888,8488.012
14889,13771.746
14890,4787.394
14891,8134.97
14892,10417.248
14893,6954.282
14894,10729.001
14895,8358.02
14896,7446.219
14897,11659.909
14898,15462.717
14899,11275.441
14900,8360.811
14901,7613.6553
14902,12588.886
14903,10032.838
14904,9217.857
14905,7802.1377
14906,9787.308
14907,13239.321
14908,6953.9175
14909,9594.727
14910,10792.057
14911,11155.371
14912,16875.54
14913,7717.608
14914,15634.109
14915,10105.913
14916,7176.004
14917,5602.664
14918,8657.598
14919,9311.656
14920,8749.258
14921,9947.133
14922,7477.7773
14923,8205.893
14924,11040.391
14925,5646.307
14926,10571.386
14927,11239.023
14928,12625.33
14929,13971.516
14930,9120.81
14931,12367.354
14932,8480.162
14933,8050.0815
14934,7858.8022
14935,8026.093
14936,15085.3955
14937,9405.072
14938,6941.015
14939,11621.24
14940,13466.564
14941,12342.42
14942,9783.519
14943,12500.11
14944,7228.225
14945,6887.6357
14946,9207.094
14947,11204.56
14948,10911.067
14949,9013.635
14950,9186.235
14951,8010.835
14952,6007.7075
14953,8155.386
14954,11599.2705
14955,11172.003
14956,13231.066
14957,17075.176
14958,10521.865
14959,7999.1304
14960,6932.9497
14961,13321.309
14962,14621.055
14963,11301.151
14964,11874.952
14965,13252.018
14966,8802.502
14967,5831.8545
14968,14579.697
14969,10186.883
14970,11100.362
14971,8904.609
14972,5002.6045
14973,16391.252
14974,8470.26
14975,6943.4854
14976,6596.7573
14977,8906.02
14978,10240.676
14979,12793.418
14980,9101.761
14981,6923.698
14982,8000.58
14983,6589.7896
14984,4733.3906
14985,9933.935
14986,20600.355
14987,7897.681
14988,9250.277
14989,10584.087
14990,7765.766
14991,8361.241
14992,7526.9517
14993,6715.373
14994,11242.422
14995,11266.025
14996,5954.287
14997,11496.446
14998,9826.705
14999,7568.1724
15000,11349.272
15001,11065.459
15002,12760.394
15003,8025.021
15004,9920.301
15005,7723.639
15006,7430.356
15007,17880.639
15008,13228.808
15009,9131.942
15010,8732.926
15011,7360.173
15012,8578.155
15013,6563.994
15014,12283.245
15015,7114.165
15016,7733.701
15017,11028.982
15018,7230.5283
15019,9242.48
15020,11450.813
15021,10725.379
15022,10697.407
15023,6853.16
15024,7525.207
15025,9559.176
15026,11914.636
15027,13175.985
15028,9691.297
15029,7179.29
15030,11445.791
15031,8608.096
15032,6698.5483
15033,11576.4375
15034,9685.577
15035,9824.325
15036,8840.296
15037,9530.709
15038,9669.812
15039,9358.632
15040,9444.625
15041,10098.696
15042,11130.736
15043,12868.311
15044,8224.918
15045,7313.9434
15046,15230.118
15047,10462.134
15048,5366.5923
15049,11541.192
15050,12045.394
15051,15195.848
15052,6742.1743
15053,9265.411
15054,8228.276
15055,10120.044
15056,9437.1875
15057,13844.705
15058,4843.681
15059,12079.147
15060,10314.596
15061,8338.822
15062,8233.002
15063,10055.015
15064,11619.423
15065,7755.492
15066,12959.44
15067,10590.419
15068,12284.534
15069,6437.986
15070,9466.053
15071,8380.379
15072,10267.894
15073,12735.359
15074,6035.869
15075,9309.81
15076,10538.437
15077,12093.096
15078,7812.928
15079,6019.7476
15080,12366.445
15081,10236.037
15082,12117.248
15083,9407.9795
15084,8516.833
15085,13093.069
15086,10314.645
15087,11389.361
15088,11132.36
15089,9711.94
15090,12323.306
15091,15878.267
15092,11226.949
15093,7336.735
15094,9062.3125
15095,6776.4473
15096,5177.886
15097,12021.063
15098,8329.148
15099,11949.927
15100,7556.9053
15101,10736.412
15102,9432.49
15103,15108.605
15104,7316.804
15105,8385.4795
15106,10367.095
15107,10181.754
15108,7340.1084
15109,10782.602
15110,10707.013
15111,12704.582
15112,10321.553
15113,10417.248
15114,7934.693
15115,6750.855
15116,7592.1396
15117,14625.838
15118,14545.045
15119,9619.824
15120,15024.874
15121,10009.02
15122,8057.2104
15123,10443.401
15124,11846.965
15125,14326.537
15126,10073.482
15127,12606.98
15128,11741.206
15129,9650.178
15130,10077.816
15131,9503.486
15132,7716.6216
15133,7680.942
15134,5837.3477
15135,9072.423
15136,12713.915
15137,21454.326
15138,9274.766
15139,6749.162
15140,11933.605
15141,5974.1245
15142,9026.194
15143,5560.398
15144,12746.952
15145,9035.627
15146,9823.538
15147,16798.639
15148,13718.705
15149,9412.027
15150,10169.535
15151,5743.0073
15152,7037.9
15153,7871.946
15154,12049.875
15155,8207.098
15156,6043.1045
15157,8570.615
15158,8090.686
15159,11718.25
15160,11368.936
15161,4187.286
15162,10205.369
15163,11364.09
15164,12671.908
15165,9040.265
15166,8343.897
15167,11096.51
15168,6245.8813
15169,13021.04
15170,6722.256
15171,8281.579
15172,10292.317
15173,8610.879
15174,6939.4863
15175,8756.379
15176,10870.392
15177,13016.855
15178,13943.361
15179,8114.071
15180,5581.627
15181,7713.678
15182,9436.846
15183,8054.375
15184,10418.023
15185,8099.851
15186,15549.956
15187,11419.883
15188,8366.482
15189,10234.075
15190,6697.347
15191,12720.368
15192,7933.195
15193,16540.629
15194,9216.653
15195,9244.923
15196,9494.934
15197,5860.489
15198,10926.001
15199,20379.79
15200,7066.211
15201,7384.6997
15202,15299.782
15203,9852.532
15204,10924.178
15205,11274.625
15206,10846.758
15207,8116.826
15208,6802.046
15209,12732.093
15210,9353.902
15211,9558.347
15212,10173.794
15213,6522.9517
15214,9728.925
15215,9211.793
15216,5734.9604
15217,13003.703
15218,11330.356
15219,5931.2114
15220,10360.907
15221,10476.8125
15222,7552.6396
15223,13337.925
15224,9495.051
15225,11699.856
15226,6734.989
15227,7988.037
15228,9006.631
15229,6086.7285
15230,9865.038
15231,7145.236
15232,8198.147
15233,7547.181
15234,8674.922
15235,8163.3945
15236,9473.432
15237,10799.583
15238,11899.68
15239,9445.977
15240,11167.113
15241,8253.854
15242,12768.952
15243,11894.414
15244,8891.879
15245,5499.386
15246,8676.354
15247,10582.22
15248,6077.011
15249,14426.852
15250,8162.6
15251,9547.194
15252,13575.895
15253,8493.583
15254,6371.5693
15255,15389.316
15256,13776.765
15257,7674.995
15258,12706.326
15259,14796.618
15260,8318.105
15261,7301.669
15262,9755.397
15263,8583.058
15264,8320.835
15265,10178.278
15266,8011.653
15267,8924.4375
15268,12691.333
15269,11274.506
15270,12250.171
15271,8067.3066
15272,9884.138
15273,5668.345
15274,10978.438
15275,11220.344
15276,8698.635
15277,8757.006
15278,12157.765
15279,12596.596
15280,9112.827
15281,8289.774
15282,8852.007
15283,9838.737
15284,10177.143
15285,6133.153
15286,6148.3345
15287,10845.982
15288,8542.239
15289,8220.511
15290,12534.828
15291,8275.8
15292,11157.191
15293,8624.7705
15294,5641.882
15295,9432.652
15296,9378.164
15297,10525.64
15298,12453.535
15299,11595.952
15300,6898.721
15301,12103.111
15302,5508.805
15303,4650.355
15304,12265.498
15305,16423.08
15306,11520.935
15307,10499.921
15308,8655.104
15309,10174.619
15310,13330.574
15311,10854.105
15312,11261.374
15313,7804.46
15314,6242.022
15315,8028.4204
15316,7662.254
15317,8503.748
15318,8671.539
15319,8078.41
15320,5774.8286
15321,10296.333
15322,12306.205
15323,8902.775
15324,8814.364
15325,9898.346
15326,8074.6816
15327,6571.662
15328,13323.304
15329,11078.015
15330,8471.666
15331,6288.599
15332,19644.637
15333,8980.254
15334,10748.522
15335,13017.824
15336,10832.7705
15337,11786.781
15338,7843.2866
15339,9719.604
15340,15791.158
15341,18532.627
15342,9323.991
15343,8090.3384
15344,7962.456
15345,9013.592
15346,7966.573
15347,12054.484
15348,14010.907
15349,7991.8247
15350,6888.05
15351,9593.244
15352,10571.305
15353,8190.0044
15354,12086.016
15355,5817.959
15356,10918.178
15357,11268.733
15358,11305.551
15359,12245.557
15360,9510.85
15361,7148.344
15362,8447.187
15363,12668.162
15364,12045.222
15365,10860.277
15366,10147.86
15367,10102.193
15368,7146.047
15369,12593.076
15370,6007.083
15371,14060.812
15372,8585.44
15373,7568.4897
15374,10339.17
15375,8699.39
15376,10339.722
15377,11625.265
15378,6297.9272
15379,7908.6714
15380,12364.205
15381,12781.368
15382,12659.997
15383,7984.495
15384,8241.542
15385,10180.686
15386,9225.166
15387,8757.732
15388,13759.903
15389,12161.418
15390,15498.535
15391,6629.381
15392,9747.762
15393,10265.72
15394,11085.636
15395,8763.03
15396,14328.942
15397,8849.922
15398,7988.746
15399,7940.0986
15400,8925.391
15401,7866.0317
15402,10561.237
15403,8076.5303
15404,8616.745
15405,12924.435
15406,9100.9795
15407,23706.062
15408,10167.838
13697,4996.0044
13698,8249.462
13699,11021.075
13700,7593.0737
13701,8538.484
13702,6577.017
13703,8725.558
13704,9352.181
13705,6135.8735
13706,6801.131
13707,7855.8574
13708,9692.396
13709,7943.212
13710,9199.167
13711,6980.5054
13712,5438.79
13713,6359.705
13714,11440.421
13715,11683.264
13716,11359.225
13717,9273.917
13718,6164.865
13719,6863.3584
13720,5302.571
13721,8610.189
13722,11685.571
13723,9758.636
13724,7631.548
13725,6949.7466
13726,5160.0083
13727,6767.34
13728,11761.178
13729,7713.9136
13730,5738.4517
13731,6659.179
13732,8730.378
13733,4427.9673
13734,8949.856
13735,5478.068
13736,7192.3125
13737,7385.524
13738,6651.46
13739,8697.896
13740,8596.231
13741,5697.215
13742,7880.2544
13743,8149.6636
13744,11536.296
13745,6473.7563
13746,10050.173
13747,7701.4307
13748,10379.086
13749,8069.854
13750,10298.995
13751,5661.31
13752,6185.4688
13753,7160.948
13754,6707.435
13755,10443.93
13756,8555.098
13757,6839.591
13758,8084.322
13759,7329.6216
13760,11102.078
13761,4503.9556
13762,14844.932
13763,6050.337
13764,6917.0513
13765,9261.312
13766,5658.6543
13767,7841.402
13768,7126.865
13769,8627.058
13770,6333.3364
13771,6356.9883
13772,8163.846
13773,8127.021
13774,7887.5034
13775,5971.7886
13776,8334.25
13777,12105.951
13778,7742.9565
13779,5492.7285
13780,7423.435
13781,6989.1997
13782,7159.2134
13783,7954.2427
13784,4822.406
13785,9789.679
13786,7480.2456
13787,7776.929
13788,9514.986
13789,5818.442
13790,6282.9272
13791,6507.9683
13792,9328.351
13793,9714.858
13794,5856.404
13795,5791.9297
13796,7996.964
13797,6498.0317
13798,6618.703
13799,9806.136
13800,7618.9434
13801,9000.379
13802,6969.442
13803,5476.7827
13804,8361.967
13805,8446.034
13806,8580.717
13807,9762.3125
13808,9176.777
13809,6742.149
13810,9771.47
13811,7244.7905
13812,9025.592
13813,10721.707
13814,7748.6455
13815,11313.22
13816,8738.292
13817,8380.091
13818,6956.06
13819,8339.617
13820,8955.868
13821,7757.312
13822,4767.0522
13823,6599.262
13824,9595.55
13825,6829.851
13826,5912.5713
13827,10146.912
13828,7339.3804
13829,6486.996
13830,6181.8887
13831,6703.6294
13832,9198.352
13833,7812.5854
13834,7833.1865
13835,6196.452
13836,6671.2075
13837,7991.657
13838,4570.0483
13839,8304.486
13840,6126.598
13841,9474.417
13842,8553.629
13843,7294.0884
13844,12311.723
13845,6747.527
13846,5637.143
13847,12224.751
13848,7489.662
13849,9386.119
13850,8711.513
13851,5949.218
13852,7253.6616
13853,6126.4697
13854,9049.167
13855,13301.263
13856,7283.0073
13857,3889.9624
13858,5432.2627
13859,10271.685
13860,10165.025
13861,7450.8374
13862,8422.673
13863,5548.472
13864,6039.5894
13865,3885.8567
13866,6220.572
13867,6957.2344
13868,7663.964
13869,7709.28
13870,7983.033
13871,9182.118
13872,9859.931
13873,8549.942
13874,6266.7256
13875,9930.875
13876,12154.113
13877,6627.035
13878,9263.097
13879,6416.799
13880,8103.011
13881,4616.064
13882,8314.488
13883,6874.8833
13884,10035.938
13885,7987.542
13886,9929.663
13887,8853.172
13888,6151.25
13889,10340.235
13890,18667.926
13891,11375.031
13892,7499.2695
13893,3692.718
13894,6860.6685
13895,11038.874
13896,6484.9424
13897,11831.495
13898,17105.33
13899,4538.1543
13900,6894.136
13901,8967.535
13902,5680.4424
13903,11781.903
13904,7602.531
13905,8996.9375
13906,4258.999
13907,7949.9727
13908,7244.348
13909,8891.099
13910,11513.553
13911,6895.754
13912,6464.328
13913,7675.01
13914,6426.55
13915,5752.9146
13916,8405.587
13917,6570.509
13918,6457.0254
13919,9116.617
13920,7195.359
13921,6406.121
13922,8421.234
13923,8208.945
13924,9536.173
13925,8554.983
13926,8137.6475
13927,6192.6587
13928,4321.0566
13929,7514.47
13930,8264.504
13931,7498.9043
13932,4983.886
13933,9360.524
13934,8645.9375
13935,10663.395
13936,8173.663
13937,6504.462
13938,6523.126
13939,5472.396
13940,10845.744
13941,5725.112
13942,8751.328
13943,15568.401
13944,8522.099
13945,8005.221
13946,5563.013
13947,5450.392
13948,8271.436
13949,5086.574
13950,7255.2046
13951,10931.38
13952,6286.434
13953,16285.122
13954,14314.887
13955,5404.6943
13956,8024.554
13957,6343.239
13958,8477.623
13959,6841.313
13960,11799.739
13961,8356.991
13962,11122.872
13963,5349.247
13964,8534.828
13965,5534.7603
13966,9789.361
13967,7534.8887
13968,7533.071
13969,7039.424
13970,6389.8945
13971,9886.382
13972,10837.224
13973,6584.2104
13974,11859.231
13975,7257.0386
13976,10568.059
13977,6004.7915
13978,5967.1763
13979,6600.5654
13980,12303.4
13981,6415.7827
13982,8299.022
13983,7958.4316
13984,10583.704
13985,5492.1313
13986,9482.86
13987,8666.38
13988,4892.8853
13989,15105.134
13990,16370.084
13991,7642.554
13992,8105.168
13993,9733.946
13994,12910.255
13995,12403.11
13996,7631.8022
13997,9833.381
13998,6492.1772
13999,8803.257
14000,4843.2886
14001,7170.5513
14002,6500.536
14003,6403.763
14004,8502.45
14005,5997.9106
14006,5740.9263
14007,7984.472
14008,4741.611
14009,5539.165
14010,6540.2334
14011,8176.018
14012,10568.825
14013,9663.247
14014,8426.104
14015,7361.0293
14016,7081.6685
14017,12601.114
14018,8534.544
14019,7046.5913
14020,5701.591
14021,9924.56
14022,5078.8994
14023,8455.295
14024,4128.295
14025,6688.0845
14026,8771.91
14027,6586.1826
14028,5888.438
14029,9335.025
14030,10510.061
14031,11809.512
14032,7243.975
14033,10603.174
14034,3876.5452
14035,6527.794
14036,8140.209
14037,5305.561
14038,8903.285
14039,6132.258
14040,6425.134
14041,10420.846
14042,11786.557
14043,8904.041
14044,6301.9053
14045,5626.437
14046,10097.04
14047,8754.175
14048,7765.07
14049,6213.5566
14050,8422.07
14051,11342.498
14052,5104.1636
14053,7982.2563
14054,8629.181
14055,9874.131
14056,14571.468
14057,5785.216
14058,13273.104
14059,8002.4424
14060,6073.0713
14061,4620.28
14062,7190.982
14063,6807.5303
14064,6827.5586
14065,8055.3125
14066,5605.139
14067,5815.5845
14068,8473.969
14069,4764.243
14070,8837.606
14071,8123.301
14072,10002.722
14073,10077.115
14074,6052.288
14075,10686.262
14076,7148.221
14077,6150.311
14078,6252.8496
14079,6491.434
14080,12043.452
14081,7773.184
14082,5895.221
14083,8974.937
14084,9343.078
14085,8796.031
14086,6998.058
14087,10435.824
14088,6393.229
14089,6092.5483
14090,7441.697
14091,9395.39
14092,7879.3076
14093,7660.39
14094,6792.146
14095,5524.739
14096,4806.273
14097,6461.591
14098,9271.883
14099,9939.802
14100,11146.045
14101,12435.542
14102,8700.502
14103,6118.3877
14104,5883.3066
14105,11924.367
14106,11948.4795
14107,8614.904
14108,9916.262
14109,10423.132
14110,7272.553
14111,5033.396
14112,11579.286
14113,7504.514
14114,8489.582
14115,7261.1445
14116,3767.2769
14117,12988.073
14118,6585.1274
14119,6069.3535
14120,5840.0596
14121,7293.2676
14122,8356.593
14123,9960.718
14124,7209.552
14125,5747.008
14126,5767.502
14127,5645.548
14128,3736.54
14129,8077.9707
14130,16912.873
14131,6175.9536
14132,6459.847
14133,8430.533
14134,6111.4585
14135,6316.1914
14136,5670.9683
14137,5813.5654
14138,8642.4
14139,8065.768
14140,4602.9307
14141,9490.117
14142,7113.0522
14143,5818.4253
14144,9622.953
14145,9032.542
14146,10851.632
14147,7242.538
14148,8521.236
14149,5783.6763
14150,5677.4414
14151,15304.832
14152,10617.867
14153,7838.8296
14154,7285.8213
14155,5543.039
14156,6681.4087
14157,5522.505
14158,10351.84
14159,6190.4087
14160,6293.9277
14161,8149.3604
14162,5528.8296
14163,7534.1196
14164,8372.853
14165,9031.37
14166,7836.407
14167,5516.0767
14168,6316.354
14169,7211.0444
14170,9976.102
14171,9756.523
14172,8208.053
14173,5713.1865
14174,8349.231
14175,7049.307
14176,5390.366
14177,8544.113
14178,8237.903
14179,7558.549
14180,7485.2485
14181,7978.7324
14182,7130.659
14183,6999.34
14184,8174.4585
14185,7767.8555
14186,7673.326
14187,11047.606
14188,6990.293
14189,6021.9585
14190,12304.093
14191,7217.2163
14192,4343.3804
14193,9185.131
14194,9609.636
14195,11982.808
14196,5843.62
14197,7411.4434
14198,6812.09
14199,8379.204
14200,7371.02
14201,10420.925
14202,3907.8257
14203,7977.7812
14204,6862.671
14205,6602.9644
14206,6153.832
14207,8127.9976
14208,9395.014
14209,6955.5225
14210,10537.944
14211,8100.384
14212,9587.601
14213,4913.6562
14214,7558.9956
14215,7124.663
14216,8170.7715
14217,10155.451
14218,4377.224
14219,8412.147
14220,8026.2383
14221,8766.44
14222,5376.8506
14223,4687.0015
14224,9283.138
14225,7822.0103
14226,10011.636
14227,7248.4053
14228,6723.7627
14229,9333.761
14230,8817.399
14231,8325.709
14232,9004.638
14233,6997.878
14234,10097.098
14235,11876.266
14236,8729.32
14237,5458.5913
14238,6769.5283
14239,5170.69
14240,4042.3994
14241,9687.767
14242,6327.588
14243,10227.381
14244,5630.2646
14245,8314.996
14246,6902.433
14247,11302.941
14248,5514.625
14249,6416.9946
14250,6985.9873
14251,9104.974
14252,5874.0767
14253,8099.766
14254,8100.7705
14255,11573.191
14256,8757.248
14257,8317.771
14258,6696.945
14259,5406.5967
14260,5779.43
14261,12755.843
14262,10786.026
14263,7871.345
14264,13221.983
14265,7144.9834
14266,6056.2954
14267,7654.7954
14268,9686.713
14269,11471.583
14270,8246.126
14271,9932.58
14272,9300.934
14273,7504.858
14274,7388.2085
14275,6440.6206
14276,5868.5776
14277,5960.4185
14278,5010.747
14279,6309.5073
14280,9525.229
14281,16047.529
14282,7939.9927
14283,5799.21
14284,8652.066
14285,4593.3687
14286,7256.388
14287,4763.884
14288,10099.168
14289,7542.7407
14290,8082.055
14291,14437.023
14292,11394.512
14293,8092.0903
14294,8094.0356
14295,4655.7256
14296,6456.256
14297,6350.8975
14298,9322.373
14299,5724.522
14300,4938.3716
14301,6608.421
14302,6808.2056
14303,8390.48
14304,8335.721
14305,3795.1372
14306,7878.7812
14307,9324.961
14308,9482.073
14309,6386.1353
14310,5647.142
14311,9340.404
14312,5441.753
14313,10811.951
14314,5175.0024
14315,5782.286
14316,7601.204
14317,6489.6265
14318,5229.946
14319,6353.8906
14320,8302.459
14321,11375.986
14322,11111.379
14323,6331.8926
14324,4688.034
14325,6527.2026
14326,6981.6377
14327,6057.4453
14328,7640.659
14329,7227.8804
14330,12532.975
14331,8501.291
14332,7187.8413
14333,9573.281
14334,5494.28
14335,10718.578
14336,6612.683
14337,13735.936
14338,7295.4385
14339,6525.584
14340,6496.9966
14341,5191.679
14342,8884.317
14343,17274.29
14344,5418.4404
14345,5377.7837
14346,11138.797
14347,7625.5737
14348,8815.625
14349,9264.086
14350,7484.485
14351,6049.125
14352,5452.1284
14353,10734.149
14354,7666.998
14355,8033.108
14356,8082.826
14357,5496.953
14358,8531.891
14359,7002.151
14360,4414.1265
14361,9510.378
14362,9756.682
14363,5094.0464
14364,8511.79
14365,7688.1904
14366,5458.456
14367,9909.842
14368,7411.726
14369,8794.537
14370,5552.5063
14371,5988.256
14372,7839.6895
14373,4583.368
14374,8868.308
14375,5234.7773
14376,6845.2554
14377,6409.287
14378,7195.2563
14379,7056.6533
14380,8446.51
14381,8174.8013
14382,9056.135
14383,7034.739
14384,8804.819
14385,6992.467
14386,10230.933
14387,10386.394
14388,7436.354
14389,3823.1377
14390,7160.197
14391,8830.107
14392,4884.3755
14393,12321.308
14394,6226.2646
14395,7300.7705
14396,11031.949
14397,7448.3506
14398,4981.5386
14399,12282.835
14400,10942.468
14401,6080.2524
14402,9802.273
14403,11150.106
14404,6830.4375
14405,6372.189
14406,7868.853
14407,6892.69
14408,6812.538
14409,8000.489
14410,5731.4717
14411,6921.9614
14412,9078.508
14413,8961.909
14414,9363.686
14415,7073.952
14416,7911.9385
14417,4700.886
14418,8766.006
14419,8064.9526
14420,7258.783
14421,7621.1675
14422,8659.819
14423,10448.991
14424,6907.3267
14425,5953.254
14426,7168.732
14427,8101.118
14428,8344.344
14429,5215.509
14430,4988.471
14431,8749.316
14432,8060.4077
14433,6676.5674
14434,9228.994
14435,6981.977
14436,8330.57
14437,6087.663
14438,4361.261
14439,7348.921
14440,7306.831
14441,8337.231
14442,10385.651
14443,9881.499
14444,5814.763
14445,9408.877
14446,4570.157
14447,3838.138
14448,8828.112
14449,12938.014
14450,8554.804
14451,8597.093
14452,5916.4526
14453,8286.944
14454,9945.396
14455,7356.3545
14456,9329.364
14457,6018.226
14458,5028.899
14459,6553.897
14460,6013.068
14461,7178.852
14462,6044.546
14463,6014.089
14464,4949.4966
14465,7974.0156
14466,8952.571
14467,6790.2417
14468,7637.8394
14469,7764.4556
14470,6793.338
14471,5596.0845
14472,10049.923
14473,8871.074
14474,6531.8423
14475,4770.869
14476,15107.813
14477,7235.316
14478,7042.963
14479,9508.999
14480,9032.413
14481,9598.534
14482,6730.622
14483,8004.2744
14484,10991.199
14485,13497.142
14486,6523.8726
14487,6116.4736
14488,5558.266
14489,7547.4688
14490,6243.487
14491,9319.662
14492,10342.593
14493,6411.158
14494,5277.206
14495,7375.408
14496,9685.577
14497,6158.271
14498,8352.409
14499,4579.7056
14500,8249.139
14501,8950.701
14502,8817.87
14503,10133.392
14504,7504.285
14505,5325.309
14506,6791.524
14507,9822.301
14508,10085.76
14509,8436.083
14510,8780.733
14511,7580.6636
14512,5768.745
14513,10763.356
14514,4958.002
14515,11264.672
14516,6649.3667
14517,5128.467
14518,8262.975
14519,7026.7383
14520,8531.776
14521,9133.737
14522,4886.3604
14523,5937.5396
14524,9554.801
14525,9789.623
14526,10514.692
14527,6548.1357
14528,6884.9233
14529,8300.962
14530,7124.282
14531,6352.5874
14532,11556.14
14533,9878.662
14534,12302.638
14535,4949.284
14536,7203.8193
14537,9714.803
14538,8523.351
14539,6474.2256
14540,11684.456
14541,7300.5405
14542,6299.6455
14543,5585.1313
14544,6498.509
14545,6461.184
14546,7642.102
14547,5830.57
14548,6287.891
14549,9651.208
14550,7548.4194
14551,19910.176
14552,7422.3657
12841,4397.291
12842,7728.4585
12843,8995.659
12844,6738.407
12845,7511.102
12846,5783.8306
12847,8002.053
12848,8468.378
12849,5597.4297
12850,5898.3765
12851,7181.646
12852,8162.4136
12853,7453.709
12854,8448.612
12855,6255.731
12856,4741.742
12857,5375.025
12858,10239.318
12859,10378.878
12860,10279.094
12861,8612.152
12862,5221.512
12863,6168.6885
12864,4605.4165
12865,7918.763
12866,10989.062
12867,9009.036
12868,6705.235
12869,6286.416
12870,4905.096
12871,6321.3867
12872,11055.965
12873,7187.375
12874,5409.816
12875,5984.036
12876,7814.9033
12877,3899.0308
12878,8186.146
12879,4548.9375
12880,6635.4155
12881,6494.128
12882,5786.4463
12883,7809.397
12884,7454.0645
12885,5337.229
12886,7198.18
12887,7597.377
12888,11170.352
12889,5983.5513
12890,8752.839
12891,7378.145
12892,9346.759
12893,6846.457
12894,9859.47
12895,4834.583
12896,5153.702
12897,6498.0625
12898,6329.9604
12899,9175.561
12900,8005.2134
12901,5974.9736
12902,7516.7783
12903,6917.3086
12904,10476.113
12905,4119.342
12906,13396.263
12907,5425.846
12908,6236.1543
12909,8414.932
12910,5096.0635
12911,6903.9805
12912,6544.8765
12913,7813.3755
12914,5974.4263
12915,5788.4004
12916,7641.825
12917,7657.9355
12918,7100.072
12919,5225.3784
12920,7401.864
12921,10955.26
12922,6865.912
12923,5047.8394
12924,6656.6455
12925,6110.8696
12926,6170.3066
12927,7464.0674
12928,4058.395
12929,8775.442
12930,6420.4414
12931,7104.956
12932,7966.041
12933,4992.4414
12934,5785.1274
12935,5607.139
12936,8143.5947
12937,8713.723
12938,5206.08
12939,5314.3184
12940,7166.3735
12941,6032.3584
12942,6141.7056
12943,8838.651
12944,6579.4644
12945,7791.147
12946,6108.929
12947,4736.787
12948,7087.899
12949,7916.5503
12950,7924.9136
12951,9001.298
12952,8600.472
12953,5987.93
12954,9110.715
12955,6470.8486
12956,8274.742
12957,9172.297
12958,7101.02
12959,10059.234
12960,8004.015
12961,7344.7935
12962,5870.369
12963,7668.285
12964,7886.8486
12965,6840.674
12966,4332.117
12967,6185.9526
12968,8156.3745
12969,6458.8
12970,5223.2056
12971,8901.765
12972,6753.8374
12973,6205.04
12974,5826.311
12975,5648.57
12976,8091.604
12977,7134.3193
12978,6897.7144
12979,5746.2183
12980,5641.2524
12981,7084.3843
12982,4154.3677
12983,7104.0884
12984,5395.469
12985,8214.741
12986,7883.1187
12987,6786.881
12988,11307.782
12989,5802.292
12990,5126.765
12991,10871.615
12992,7013.6816
12993,8466.536
12994,7900.1973
12995,5698.6553
12996,6319.4756
12997,5732.997
12998,8289.0
12999,11910.864
13000,6634.5933
13001,3670.4873
13002,5184.9883
13003,9522.976
13004,9358.936
13005,6580.1357
13006,7613.946
13007,5000.8394
13008,5266.0527
13009,3333.2256
13010,5429.5273
13011,6484.1816
13012,7178.496
13013,6933.955
13014,6889.5347
13015,8481.797
13016,8985.866
13017,7938.2056
13018,5511.58
13019,8716.191
13020,11279.2705
13021,5964.462
13022,8352.88
13023,5772.4663
13024,7037.0005
13025,4186.4595
13026,7313.5874
13027,6100.742
13028,8659.6045
13029,7340.5425
13030,9047.32
13031,8139.4717
13032,5813.787
13033,9387.096
13034,17242.768
13035,10757.753
13036,6502.6816
13037,3493.9749
13038,6582.2637
13039,9668.4375
13040,5854.907
13041,11146.161
13042,16096.596
13043,4278.2383
13044,5909.949
13045,8426.248
13046,5090.9766
13047,10219.464
13048,6703.1245
13049,7906.1523
13050,4040.73
13051,7178.5576
13052,6317.999
13053,7456.3325
13054,10264.202
13055,6355.042
13056,5964.678
13057,7147.3145
13058,5650.9785
13059,5469.8496
13060,8156.4756
13061,6074.699
13062,5783.5938
13063,7570.6772
13064,6146.511
13065,5952.51
13066,7408.3193
13067,7066.339
13068,8292.036
13069,7864.8164
13070,7402.238
13071,5707.397
13072,4097.7393
13073,7043.9507
13074,7051.446
13075,6519.6426
13076,4551.741
13077,8869.162
13078,7730.2793
13079,9632.476
13080,6917.5063
13081,5473.9937
13082,5796.6826
13083,4876.345
13084,9868.05
13085,5402.9106
13086,8334.894
13087,14137.851
13088,7520.2637
13089,7202.5
13090,5232.1313
13091,4872.593
13092,7740.099
13093,4933.193
13094,6190.1255
13095,10008.733
13096,5694.4927
13097,15000.662
13098,13211.067
13099,5127.6206
13100,7178.0986
13101,5718.9116
13102,7169.3135
13103,6298.8945
13104,10762.135
13105,7998.0244
13106,9627.47
13107,4755.4165
13108,7567.7246
13109,4997.625
13110,8826.883
13111,6820.607
13112,6752.7227
13113,6791.7056
13114,6020.626
13115,8662.38
13116,9632.825
13117,6040.4707
13118,10217.222
13119,6680.4785
13120,9043.99
13121,5460.138
13122,5581.02
13123,5638.7456
13124,10571.719
13125,5883.3403
13126,7763.3223
13127,6875.834
13128,9429.306
13129,5019.386
13130,8403.615
13131,7568.7856
13132,4290.2246
13133,14038.381
13134,14820.727
13135,6889.4033
13136,7271.7
13137,9223.318
13138,11398.696
13139,11026.857
13140,6388.4316
13141,8063.999
13142,6008.5557
13143,8072.248
13144,4369.5605
13145,6485.74
13146,6115.0913
13147,5906.9004
13148,7677.031
13149,5214.4146
13150,5215.131
13151,7169.84
13152,4315.512
13153,5001.0254
13154,6009.484
13155,7435.4604
13156,9138.66
13157,8905.085
13158,7243.975
13159,6554.097
13160,6231.3027
13161,11498.596
13162,7753.2437
13163,6273.4897
13164,5222.9116
13165,9195.334
13166,4739.517
13167,7775.0303
13168,3650.4475
13169,5721.563
13170,7757.756
13171,6211.139
13172,5236.655
13173,8344.089
13174,9430.628
13175,11057.895
13176,6252.474
13177,10230.2295
13178,3448.0923
13179,5571.207
13180,7240.473
13181,4761.717
13182,8444.278
13183,5507.365
13184,5564.563
13185,9307.625
13186,10576.59
13187,8286.684
13188,5664.016
13189,5225.119
13190,8806.045
13191,7945.7197
13192,6596.2856
13193,5575.9062
13194,7088.1694
13195,10097.126
13196,4812.0347
13197,6893.702
13198,7461.889
13199,8657.127
13200,13469.879
13201,5503.527
13202,12562.2705
13203,7167.679
13204,5576.3853
13205,4065.5015
13206,6166.5
13207,6100.003
13208,6010.659
13209,7440.6816
13210,5227.981
13211,5200.3726
13212,7610.105
13213,4043.73
13214,8198.406
13215,7471.6035
13216,8677.297
13217,9269.513
13218,5385.9976
13219,9063.221
13220,6819.969
13221,5738.5063
13222,5858.1025
13223,5716.9697
13224,10855.079
13225,6633.062
13226,5478.235
13227,8075.6753
13228,8792.433
13229,7852.0894
13230,6245.298
13231,9025.42
13232,5883.677
13233,5752.8267
13234,6465.876
13235,8920.846
13236,6970.1597
13237,6386.586
13238,6146.124
13239,5264.3906
13240,4445.425
13241,5823.6553
13242,8334.703
13243,8862.093
13244,10237.766
13245,11283.489
13246,8099.0396
13247,5306.801
13248,5194.052
13249,10620.065
13250,10394.56
13251,7542.9497
13252,9042.4375
13253,9206.181
13254,6493.7563
13255,4319.8823
13256,10483.83
13257,6572.0757
13258,7203.0083
13259,6519.4
13260,3063.0693
13261,11658.431
13262,5926.834
13263,5369.7773
13264,5241.0522
13265,6535.145
13266,7185.86
13267,8282.591
13268,6972.9194
13269,5384.7183
13270,5066.0146
13271,4997.0054
13272,3279.3018
13273,7097.871
13274,15448.831
13275,5681.8677
13276,6037.5273
13277,7672.7627
13278,5595.449
13279,5842.372
13280,5435.45
13281,4645.363
13282,8171.5117
13283,7215.9224
13284,4221.468
13285,8283.27
13286,6153.1455
13287,5112.6616
13288,8761.768
13289,8248.8955
13290,9783.1455
13291,5646.4526
13292,7278.2017
13293,5137.378
13294,5193.294
13295,14582.117
13296,9715.396
13297,6766.346
13298,6140.3115
13299,5048.191
13300,5793.9243
13301,4949.2275
13302,9783.92
13303,5541.5435
13304,5866.9434
13305,7404.8647
13306,5029.4316
13307,6707.1025
13308,7381.1646
13309,7984.7085
13310,7074.418
13311,4845.331
13312,5940.4287
13313,6582.0693
13314,8680.691
13315,8986.294
13316,7021.2983
13317,4910.906
13318,7756.4985
13319,6320.796
13320,4697.9365
13321,7494.55
13322,7584.9014
13323,6961.881
13324,6515.533
13325,6712.3887
13326,6287.7896
13327,6289.091
13328,7491.3696
13329,7354.4536
13330,6391.741
13331,9363.811
13332,6258.56
13333,5216.454
13334,11644.939
13335,6610.0347
13336,4185.7324
13337,8142.7095
13338,8661.174
13339,10867.386
13340,5170.404
13341,6415.097
13342,6209.445
13343,7800.9624
13344,6478.383
13345,9454.899
13346,3488.7593
13347,7215.991
13348,6324.619
13349,5582.4683
13350,5093.687
13351,7056.169
13352,8078.564
13353,5974.865
13354,8970.914
13355,6984.015
13356,8617.789
13357,4773.878
13358,6607.5386
13359,6394.9126
13360,7565.8696
13361,9003.487
13362,3947.5854
13363,7746.517
13364,7190.282
13365,8123.007
13366,5187.219
13367,4137.836
13368,8183.7886
13369,6744.58
13370,9210.766
13371,6429.7935
13372,6119.4263
13373,9099.868
13374,7122.6655
13375,7068.914
13376,8088.8496
13377,6318.264
13378,9058.156
13379,11046.9
13380,7700.667
13381,4823.3623
13382,5975.8228
13383,4693.941
13384,3634.2803
13385,8457.198
13386,5794.952
13387,8984.46
13388,5172.4067
13389,7503.3115
13390,6151.7427
13391,10478.441
13392,5273.8193
13393,5797.8
13394,6294.546
13395,7996.7354
13396,5344.606
13397,7494.1426
13398,7855.8647
13399,10147.909
13400,7721.378
13401,7569.6304
13402,6122.7837
13403,4689.4297
13404,5367.0737
13405,11571.613
13406,9639.451
13407,7074.4585
13408,12954.337
13409,6298.1797
13410,5652.0947
13411,6945.9624
13412,8891.515
13413,10199.735
13414,7249.56
13415,8515.533
13416,8325.598
13417,7072.623
13418,6923.064
13419,5905.7173
13420,5032.508
13421,5349.4814
13422,4510.452
13423,5778.802
13424,8736.309
13425,14986.705
13426,6871.4478
13427,5293.4644
13428,7615.362
13429,4260.4697
13430,6405.8276
13431,4238.56
13432,8841.645
13433,6629.6523
13434,6663.589
13435,13024.854
13436,11186.909
13437,6907.544
13438,7210.6865
13439,4296.601
13440,5716.975
13441,5860.0415
13442,8406.413
13443,5421.196
13444,4555.116
13445,6095.257
13446,6122.182
13447,7342.223
13448,7443.8975
13449,3528.5723
13450,7505.459
13451,8371.91
13452,8282.132
13453,5349.7163
13454,4967.1187
13455,7971.78
13456,4963.2544
13457,9691.833
13458,4514.9204
13459,5417.6133
13460,7136.0684
13461,6002.02
13462,4860.8667
13463,6092.1533
13464,7156.128
13465,9591.963
13466,10106.944
13467,5777.5728
13468,4210.4927
13469,5751.296
13470,6458.473
13471,5327.5093
13472,6766.3525
13473,6315.89
13474,11805.367
13475,7897.779
13476,6578.435
13477,8263.006
13478,5087.0835
13479,9403.799
13480,5747.134
13481,12663.499
13482,6588.093
13483,5998.534
13484,5889.404
13485,4500.194
13486,7799.3926
13487,15943.807
13488,4951.3335
13489,5173.3193
13490,10065.675
13491,6999.2065
13492,7578.2993
13493,7926.229
13494,6669.146
13495,5485.011
13496,4834.15
13497,9666.906
13498,6555.404
13499,7090.455
13500,7482.372
13501,5046.852
13502,7674.79
13503,6512.731
13504,4034.4675
13505,8576.772
13506,8890.234
13507,4595.5205
13508,7948.1074
13509,6972.2344
13510,5277.523
13511,8858.299
13512,6604.5645
13513,8015.115
13514,4736.724
13515,5178.0938
13516,7020.026
13517,4260.9697
13518,7643.4
13519,4735.2783
13520,6086.8677
13521,5298.7334
13522,6071.351
13523,6460.334
13524,7522.6455
13525,7171.18
13526,8595.847
13527,6330.232
13528,7886.1943
13529,6636.112
13530,8900.636
13531,9118.948
13532,6991.7803
13533,3832.957
13534,6395.248
13535,7484.042
13536,4568.745
13537,11110.361
13538,5823.0776
13539,6708.9194
13540,9805.846
13541,6929.195
13542,4520.4233
13543,11411.814
13544,10003.122
13545,5812.939
13546,8486.887
13547,10266.22
13548,6502.781
13549,5783.6157
13550,7009.669
13551,5991.2437
13552,6280.507
13553,7473.6133
13554,5255.3345
13555,6534.4473
13556,8095.379
13557,7224.9165
13558,8459.82
13559,6255.4565
13560,7214.3467
13561,4331.291
13562,7786.155
13563,7278.9863
13564,6740.721
13565,7026.0483
13566,7775.6904
13567,9087.647
13568,6286.386
13569,5455.312
13570,6305.8374
13571,7388.9907
13572,7345.9424
13573,4664.812
13574,4271.987
13575,8062.499
13576,7089.9814
13577,5999.2954
13578,8479.726
13579,6418.9287
13580,7562.493
13581,5784.537
13582,4074.2832
13583,6827.376
13584,6820.073
13585,7117.409
13586,9699.064
13587,8856.499
13588,5369.4805
13589,8377.278
13590,4363.908
13591,3475.618
13592,8135.692
13593,11612.531
13594,8030.8403
13595,7362.897
13596,4951.083
13597,7436.8364
13598,9125.125
13599,6665.451
13600,8581.184
13601,5753.82
13602,4558.885
13603,5819.846
13604,5670.606
13605,6458.3315
13606,5609.6157
13607,5347.5327
13608,4277.6304
13609,7147.601
13610,7868.1475
13611,5724.358
13612,6475.1025
13613,7178.9067
13614,5818.0586
13615,5050.931
13616,9108.517
13617,8074.2656
13618,6105.207
13619,4148.301
13620,13676.353
13621,6444.9287
13622,6404.441
13623,8553.735
13624,7975.027
13625,8092.8545
13626,6425.851
13627,7030.211
13628,10099.544
13629,12657.679
13630,5760.058
13631,5228.978
13632,5368.579
13633,6689.635
13634,5571.4834
13635,8454.933
13636,9321.608
13637,6127.8257
13638,4782.6245
13639,6604.048
13640,8757.265
13641,5512.8
13642,7716.8423
13643,4176.077
13644,7572.201
13645,7980.125
13646,7771.012
13647,8504.413
13648,6664.8345
13649,4624.204
13650,6218.0625
13651,8236.097
13652,8788.299
13653,7746.0737
13654,7506.8193
13655,6648.5425
13656,4993.889
13657,9659.091
13658,4479.1064
13659,10497.848
13660,6022.389
13661,4936.1772
13662,7324.527
13663,6306.493
13664,7967.8345
13665,8076.8843
13666,4388.018
13667,5395.582
13668,7940.8257
13669,8991.636
13670,10000.489
13671,6042.3667
13672,6207.4375
13673,7154.4556
13674,6395.949
13675,5877.967
13676,10769.199
13677,8653.214
13678,10982.565
13679,4622.7573
13680,6301.1597
13681,8813.339
13682,7711.0522
13683,5780.4336
13684,10574.451
13685,6780.747
13686,5652.607
13687,5239.7627
13688,5741.7476
13689,5856.8228
13690,6278.7935
13691,5229.128
13692,5444.198
13693,9045.759
13694,6926.5186
13695,18718.576
13696,6750.823
11985,4440.449
11986,7469.5225
11987,8933.456
11988,6806.063
11989,7310.951
11990,5974.797
11991,7821.667
11992,8006.542
11993,5428.512
11994,5832.7056
11995,7020.3877
11996,8040.7197
11997,7051.54
11998,8493.875
11999,6055.568
12000,4758.6294
12001,5483.3687
12002,9917.992
12003,10237.727
12004,9966.639
12005,8190.0513
12006,5170.917
12007,6236.666
12008,4482.1367
12009,7752.0977
12010,10714.347
12011,9076.837
12012,6444.99
12013,5615.489
12014,4663.2856
12015,6576.4526
12016,10545.243
12017,7188.904
12018,5463.1387
12019,5708.796
12020,7802.1304
12021,3900.5486
12022,8116.532
12023,4568.514
12024,6563.011
12025,6548.592
12026,5681.076
12027,7801.788
12028,7260.0503
12029,5208.643
12030,6819.189
12031,7162.2734
12032,10971.342
12033,6104.6304
12034,8288.628
12035,7087.4937
12036,9085.316
12037,7113.154
12038,9661.644
12039,4805.7227
12040,5184.8696
12041,6270.1396
12042,6288.245
12043,9297.705
12044,7889.038
12045,5762.8057
12046,7481.302
12047,6760.3726
12048,10276.761
12049,4019.2063
12050,13134.005
12051,5051.4277
12052,6043.41
12053,8222.675
12054,4911.548
12055,6480.4097
12056,6140.9966
12057,7579.5283
12058,5919.0996
12059,5679.895
12060,7720.0376
12061,7677.865
12062,6666.4365
12063,5180.791
12064,7329.7334
12065,10960.256
12066,6777.475
12067,4878.4062
12068,6562.742
12069,6075.9624
12070,6308.4966
12071,7382.136
12072,3984.392
12073,8207.787
12074,6242.2603
12075,7151.829
12076,7515.4307
12077,5023.755
12078,5800.062
12079,5580.3706
12080,8128.486
12081,8544.334
12082,5320.4653
12083,5254.568
12084,7073.46
12085,6054.02
12086,5834.8315
12087,8841.35
12088,6376.6396
12089,7748.217
12090,6039.8315
12091,4703.4697
12092,6890.4155
12093,7865.221
12094,7603.974
12095,8655.913
12096,8278.775
12097,5934.7197
12098,9091.991
12099,6042.2285
12100,8099.944
12101,8939.738
12102,6945.5386
12103,9856.978
12104,8012.6616
12105,7369.1147
12106,6117.0864
12107,7451.1357
12108,8029.822
12109,6692.1304
12110,4290.9775
12111,5987.3076
12112,7809.516
12113,6343.227
12114,5189.981
12115,8624.046
12116,6485.561
12117,6185.3623
12118,5625.0146
12119,5552.972
12120,7694.47
12121,6955.3633
12122,6615.989
12123,5719.4297
12124,5462.8364
12125,6902.2686
12126,4162.341
12127,7058.262
12128,5417.055
12129,8222.557
12130,7539.5977
12131,6603.4937
12132,11146.311
12133,5230.924
12134,5168.0913
12135,10430.0625
12136,6716.7246
12137,8367.52
12138,7888.504
12139,5911.2124
12140,6371.071
12141,5621.464
12142,8007.1455
12143,11496.841
12144,6591.078
12145,3774.4746
12146,4919.6313
12147,8963.371
12148,9149.842
12149,6473.577
12150,7401.299
12151,4946.7827
12152,5362.0947
12153,3392.4922
12154,5274.237
12155,6382.9136
12156,7194.7827
12157,6907.3003
12158,6662.127
12159,8253.224
12160,8940.829
12161,7686.9146
12162,5627.2046
12163,8691.61
12164,10903.328
12165,5874.133
12166,7777.211
12167,5735.6772
12168,6926.631
12169,4288.629
12170,7060.545
12171,5720.5537
12172,8534.568
12173,7206.6577
12174,8733.95
12175,8153.489
12176,5698.307
12177,9186.287
12178,17066.4
12179,10677.367
12180,6045.0127
12181,3558.0874
12182,6330.359
12183,9144.136
12184,5791.515
12185,11213.54
12186,15915.503
12187,4202.183
12188,5598.9087
12189,8209.29
12190,5030.703
12191,9684.136
12192,6618.9365
12193,7782.6875
12194,4030.6553
12195,6961.5757
12196,6248.235
12197,7266.8604
12198,9990.308
12199,6341.4785
12200,5788.7207
12201,7023.502
12202,5402.9673
12203,5431.2783
12204,8102.5474
12205,6106.96
12206,5782.209
12207,7251.9805
12208,6198.2017
12209,5622.37
12210,7333.5444
12211,7004.4893
12212,8462.468
12213,7224.7373
12214,7431.0005
12215,5513.526
12216,4189.4155
12217,6821.687
12218,7221.954
12219,6461.523
12220,4547.5835
12221,8446.356
12222,7504.2134
12223,9443.994
12224,6789.361
12225,5361.036
12226,5725.15
12227,4748.1055
12228,9707.152
12229,5391.3228
12230,7932.1807
12231,13952.0205
12232,7500.9434
12233,7291.167
12234,5386.013
12235,4827.095
12236,7287.9272
12237,4760.4863
12238,6182.1655
12239,9931.425
12240,5635.885
12241,14546.252
12242,13073.69
12243,5136.0254
12244,7023.3076
12245,5490.078
12246,6907.478
12247,6146.9917
12248,10819.698
12249,7759.9614
12250,9203.529
12251,4545.5107
12252,7442.4067
12253,5062.179
12254,8522.992
12255,6794.6274
12256,6638.682
12257,6629.988
12258,5990.8325
12259,8566.7
12260,9483.928
12261,6014.3066
12262,9896.363
12263,6768.36
12264,8845.829
12265,5428.906
12266,5287.399
12267,5552.0986
12268,10378.076
12269,5897.313
12270,7845.157
12271,6870.576
12272,9048.123
12273,5110.0435
12274,7991.924
12275,7214.959
12276,4375.154
12277,13449.122
12278,14807.615
12279,6864.7793
12280,7028.2603
12281,8889.996
12282,10741.769
12283,10823.021
12284,6155.3643
12285,7845.9727
12286,5828.546
12287,8170.327
12288,4321.539
12289,6204.0576
12290,5904.9004
12291,5714.222
12292,7478.8545
12293,5111.2573
12294,5147.119
12295,7155.507
12296,4262.3438
12297,4762.9937
12298,5958.5483
12299,6978.342
12300,9123.872
12301,8743.952
12302,7099.313
12303,6549.435
12304,6248.42
12305,11136.906
12306,7420.8936
12307,5885.366
12308,5142.6045
12309,8933.788
12310,4637.376
12311,7418.5156
12312,3708.756
12313,5434.7866
12314,7353.647
12315,6235.548
12316,5499.323
12317,8449.346
12318,9500.939
12319,10946.737
12320,6121.569
12321,10190.498
12322,3401.5303
12323,5575.4014
12324,7049.4688
12325,4754.641
12326,8238.626
12327,5665.032
12328,5497.016
12329,8957.696
12330,10657.091
12331,8305.175
12332,5592.776
12333,5105.4536
12334,8402.469
12335,7914.331
12336,6294.6
12337,5572.4824
12338,6977.49
12339,9858.68
12340,4739.933
12341,6611.447
12342,7440.398
12343,8421.516
12344,12973.056
12345,5498.757
12346,12048.771
12347,7074.796
12348,5340.733
12349,4060.1182
12350,5960.68
12351,6118.0723
12352,5990.7295
12353,7552.085
12354,5213.5195
12355,5047.661
12356,7608.247
12357,3837.5156
12358,8167.491
12359,7193.0054
12360,8351.406
12361,9041.506
12362,5259.0757
12363,9223.442
12364,6717.173
12365,5816.339
12366,5825.722
12367,5545.885
12368,10667.951
12369,6697.2896
12370,5354.2905
12371,7591.9585
12372,8484.014
12373,7335.4194
12374,6039.284
12375,8597.904
12376,5934.686
12377,5698.155
12378,6427.396
12379,8823.1455
12380,6528.809
12381,6271.025
12382,6202.8623
12383,5170.3447
12384,4345.8833
12385,5804.213
12386,8251.351
12387,8815.659
12388,10053.413
12389,11155.553
12390,8048.999
12391,5292.056
12392,5139.9023
12393,10548.925
12394,10213.081
12395,7436.063
12396,8701.896
12397,9079.036
12398,6298.9424
12399,4354.656
12400,10297.04
12401,6517.019
12402,6870.7925
12403,6423.9146
12404,2934.9321
12405,11459.073
12406,6015.437
12407,5120.4067
12408,5158.0303
12409,6632.777
12410,6946.4263
12411,7758.74
12412,7023.3613
12413,5318.1772
12414,5118.3315
12415,4706.113
12416,3472.526
12417,7003.0396
12418,16057.542
12419,5440.798
12420,5685.169
12421,7167.57
12422,5414.2812
12423,5448.4478
12424,5259.422
12425,4383.776
12426,8102.084
12427,7173.8276
12428,4226.21
12429,8224.134
12430,5739.2944
12431,4999.141
12432,8547.4795
12433,8173.6943
12434,9609.086
12435,5398.3774
12436,7117.5923
12437,5158.276
12438,5042.8584
12439,14188.776
12440,9654.385
12441,6545.663
12442,5814.608
12443,5057.966
12444,5845.4824
12445,4968.1094
12446,9620.402
12447,5438.8105
12448,5722.977
12449,7278.917
12450,5100.951
12451,6688.155
12452,7290.117
12453,7997.1016
12454,7023.3345
12455,4497.104
12456,5873.4604
12457,6593.5366
12458,8598.24
12459,8827.641
12460,7056.142
12461,4864.475
12462,7657.0737
12463,6181.3755
12464,4736.1367
12465,7329.3486
12466,7347.372
12467,6673.1484
12468,6371.824
12469,6955.629
12470,6313.7456
12471,5999.2495
12472,7380.0386
12473,7366.9785
12474,6072.7295
12475,9241.882
12476,6197.918
12477,4800.5547
12478,11382.759
12479,6446.6626
12480,3914.9297
12481,7976.016
12482,8613.163
12483,10342.8
12484,5110.0044
12485,6247.55
12486,6008.5156
12487,7543.4746
12488,6549.435
12489,9324.08
12490,3550.3232
12491,6958.6416
12492,6174.7227
12493,5501.06
12494,5089.457
12495,6980.685
12496,8312.054
12497,6001.23
12498,8499.71
12499,6914.2676
12500,8440.1875
12501,4905.2363
12502,6376.713
12503,6319.2104
12504,7645.208
12505,8476.192
12506,4408.8325
12507,7891.6724
12508,7084.3643
12509,7939.0083
12510,5057.7725
12511,4097.7275
12512,8104.6963
12513,6482.1655
12514,8934.572
12515,6490.8643
12516,6068.798
12517,8698.909
12518,6776.7446
12519,6754.829
12520,7829.467
12521,6179.471
12522,8610.041
12523,10773.195
12524,7509.025
12525,4829.8633
12526,5784.868
12527,4559.0894
12528,3471.7476
12529,8345.832
12530,5799.481
12531,8883.089
12532,5180.43
12533,7378.7715
12534,6151.373
12535,10102.896
12536,5199.7725
12537,5870.9736
12538,6163.0957
12539,7799.943
12540,5256.212
12541,7361.057
12542,7759.473
12543,10062.642
12544,7715.768
12545,7506.2036
12546,6129.3223
12547,4748.3047
12548,5453.283
12549,11247.516
12550,9414.892
12551,6601.447
12552,13113.202
12553,6041.6465
12554,5672.483
12555,6729.787
12556,8606.52
12557,10140.14
12558,7002.425
12559,8399.248
12560,8011.9204
12561,6791.9
12562,6916.18
12563,5914.134
12564,4851.084
12565,5435.917
12566,4435.9487
12567,5355.787
12568,8736.125
12569,14778.523
12570,6835.8145
12571,5353.1006
12572,7204.6987
12573,4223.4136
12574,6296.053
12575,4517.604
12576,9009.534
12577,6614.4873
12578,6512.0977
12579,12640.259
12580,11141.155
12581,6612.0337
12582,7240.2314
12583,4334.829
12584,5654.8984
12585,5730.9414
12586,8431.112
12587,5257.004
12588,4616.007
12589,5886.3374
12590,6171.1426
12591,7072.475
12592,7282.1665
12593,3558.4744
12594,7484.6416
12595,8112.941
12596,8129.835
12597,5098.0957
12598,4859.392
12599,7895.9937
12600,5007.3784
12601,9461.296
12602,4506.3193
12603,5604.3745
12604,7004.9634
12605,5890.331
12606,4791.154
12607,6346.961
12608,6991.3135
12609,9581.101
12610,9613.01
12611,5784.1064
12612,4188.952
12613,5714.233
12614,6490.5737
12615,5303.957
12616,6679.8667
12617,6060.456
12618,11567.938
12619,7544.0215
12620,6481.968
12621,8073.326
12622,4927.709
12623,9264.139
12624,5771.767
12625,12642.525
12626,6487.114
12627,5990.878
12628,5619.5933
12629,4530.598
12630,7883.4946
12631,15979.962
12632,4734.0137
12633,5282.3525
12634,9889.947
12635,6679.9243
12636,7320.406
12637,8163.1143
12638,6397.792
12639,5343.785
12640,4937.7124
12641,9640.1045
12642,6220.815
12643,6918.1465
12644,7387.8
12645,5017.5337
12646,7690.684
12647,6466.702
12648,4135.78
12649,8621.711
12650,8872.106
12651,4536.1157
12652,7838.7246
12653,6936.7334
12654,5272.808
12655,8678.754
12656,6546.906
12657,7878.075
12658,4890.8
12659,5418.0576
12660,6653.332
12661,4251.717
12662,7610.9253
12663,4607.965
12664,5942.4575
12665,5314.7793
12666,6089.742
12667,6368.0815
12668,7458.388
12669,7180.8174
12670,8372.541
12671,6335.3726
12672,7678.488
12673,6363.959
12674,8547.725
12675,9232.947
12676,6726.239
12677,3860.4263
12678,6268.543
12679,7263.652
12680,4483.2183
12681,11269.034
12682,5844.401
12683,6559.638
12684,9796.535
12685,6851.3823
12686,4450.7583
12687,11143.355
12688,9824.081
12689,5627.607
12690,8278.736
12691,9967.846
12692,6600.817
12693,5677.9937
12694,6901.11
12695,5749.272
12696,6148.7744
12697,7350.393
12698,5039.7036
12699,6381.5317
12700,7826.07
12701,6973.884
12702,8283.025
12703,6181.01
12704,6929.565
12705,4322.747
12706,7577.2295
12707,7135.4487
12708,6578.9937
12709,6806.4395
12710,7474.212
12711,9150.933
12712,6163.6304
12713,5324.5728
12714,6363.6494
12715,7453.837
12716,7259.0117
12717,4445.9507
12718,4354.901
12719,7823.4126
12720,7093.296
12721,5809.308
12722,8443.36
12723,6364.7056
12724,7181.5093
12725,5586.4365
12726,4047.566
12727,6760.54
12728,6620.7485
12729,6932.3877
12730,9356.936
12731,8463.743
12732,5313.8164
12733,8367.751
12734,4358.0884
12735,3504.7405
12736,7891.4463
12737,11665.582
12738,8003.763
12739,7205.1455
12740,4870.962
12741,7134.7275
12742,8985.386
12743,6438.514
12744,8441.999
12745,5587.108
12746,4601.306
12747,5657.893
12748,5522.3467
12749,6232.741
12750,5343.637
12751,5257.31
12752,4257.293
12753,6969.256
12754,7278.535
12755,5464.635
12756,6339.392
12757,7096.7065
12758,5758.0254
12759,4988.1953
12760,9220.029
12761,8000.588
12762,6140.1006
12763,4113.589
12764,13457.77
12765,6443.6196
12766,6104.7
12767,8325.28
12768,7893.509
12769,7666.7715
12770,6250.0054
12771,7053.733
12772,9701.247
12773,12386.04
12774,5529.4624
12775,4897.4893
12776,5275.087
12777,6502.2783
12778,5881.5
12779,8210.48
12780,9050.22
12781,5894.9116
12782,4708.4746
12783,6381.5073
12784,8488.263
12785,5309.277
12786,7379.236
12787,4279.1895
12788,7604.003
12789,7740.801
12790,7572.281
12791,8862.381
12792,6663.6143
12793,4675.8066
12794,6353.151
12795,7934.2393
12796,8561.04
12797,7575.2354
12798,7622.4907
12799,6564.802
12800,4908.232
12801,9441.481
12802,4550.2783
12803,10171.718
12804,6054.886
12805,4838.057
12806,7186.2373
12807,6048.698
12808,7705.7656
12809,7663.372
12810,4291.674
12811,5226.101
12812,7873.4478
12813,8729.778
12814,9882.95
12815,6119.047
12816,6197.244
12817,6972.407
12818,6522.964
12819,5775.473
12820,10615.093
12821,8265.907
12822,10789.432
12823,4696.149
12824,6146.247
12825,8906.41
12826,7505.373
12827,5882.0776
12828,10189.924
12829,6733.0103
12830,5603.578
12831,5162.125
12832,5542.8857
12833,5731.0615
12834,6094.821
12835,5166.815
12836,5195.38
12837,8652.81
12838,6902.8545
12839,18284.781
12840,6589.3745
11129,4590.4165
11130,7242.22
11131,9009.156
11132,6297.525
11133,7340.781
11134,6066.147
11135,7807.3413
11136,8041.7705
11137,5698.5737
11138,5887.1797
11139,7333.0615
11140,7792.5513
11141,7272.7197
11142,7957.498
11143,6102.994
11144,4938.9653
11145,5917.508
11146,10421.362
11147,10389.98
11148,9938.275
11149,8055.389
11150,4939.239
11151,6525.2666
11152,4435.898
11153,7757.83
11154,10851.808
11155,9153.673
11156,6621.3677
11157,5360.9443
11158,4635.5806
11159,6616.582
11160,10607.928
11161,7208.4243
11162,5624.5215
11163,5850.497
11164,7580.8657
11165,3899.384
11166,8041.456
11167,4439.475
11168,7031.847
11169,6707.7295
11170,5653.75
11171,8106.32
11172,7358.6494
11173,5179.101
11174,6652.2344
11175,7747.2266
11176,11710.127
11177,6436.144
11178,8055.2817
11179,7678.136
11180,9257.355
11181,7084.925
11182,9664.159
11183,4530.0537
11184,4987.396
11185,6232.1943
11186,6454.735
11187,9460.33
11188,7875.618
11189,5409.109
11190,7781.47
11191,7046.309
11192,10272.135
11193,4058.1204
11194,12638.522
11195,5039.521
11196,5890.966
11197,8525.749
11198,5042.2617
11199,6743.242
11200,6612.8345
11201,7463.441
11202,6150.071
11203,5607.417
11204,7897.583
11205,7908.0605
11206,6652.2407
11207,5066.7783
11208,7673.8975
11209,11463.205
11210,6960.334
11211,4651.7925
11212,6857.5283
11213,6123.0464
11214,6271.384
11215,8123.464
11216,4181.279
11217,8493.4375
11218,6118.382
11219,7045.53
11220,7481.8726
11221,5267.927
11222,6085.2656
11223,5665.9995
11224,8576.65
11225,8719.011
11226,5308.9883
11227,5285.2153
11228,7374.6484
11229,6267.8315
11230,6004.9287
11231,9002.388
11232,6589.048
11233,7576.023
11234,5940.718
11235,4877.9688
11236,6961.9673
11237,7570.143
11238,7572.815
11239,9148.079
11240,8511.651
11241,5872.4917
11242,9248.707
11243,6084.0293
11244,7606.868
11245,8783.598
11246,7365.208
11247,9896.797
11248,8637.464
11249,7347.0005
11250,6183.4985
11251,7817.453
11252,8164.796
11253,6702.6
11254,4262.795
11255,6041.5312
11256,7536.096
11257,6474.2686
11258,5514.9985
11259,8515.874
11260,6721.961
11261,6443.515
11262,5741.167
11263,5480.1846
11264,7271.693
11265,7147.417
11266,6591.317
11267,5937.936
11268,5247.205
11269,6986.9004
11270,4279.0054
11271,7143.607
11272,5332.7812
11273,8292.25
11274,7629.939
11275,6762.2686
11276,11935.734
11277,4976.7085
11278,5391.8213
11279,10653.94
11280,6747.971
11281,8777.635
11282,8061.584
11283,6213.693
11284,6524.7935
11285,5804.329
11286,7759.769
11287,11211.466
11288,6568.46
11289,3747.524
11290,4947.1885
11291,9155.219
11292,9697.648
11293,6750.076
11294,7449.807
11295,4826.69
11296,4916.8916
11297,3323.6746
11298,5085.8804
11299,6581.4478
11300,7256.1113
11301,6809.3745
11302,6684.188
11303,8892.592
11304,8845.744
11305,7879.2095
11306,5813.848
11307,8504.981
11308,10767.535
11309,5960.4297
11310,8058.955
11311,5991.947
11312,7108.372
11313,4355.0796
11314,7060.552
11315,6038.512
11316,8611.988
11317,7287.774
11318,8949.959
11319,8089.621
11320,5765.4062
11321,9293.396
11322,17203.756
11323,10498.278
11324,5882.6445
11325,3709.078
11326,6963.09
11327,9207.182
11328,6115.634
11329,11187.826
11330,16732.504
11331,4427.494
11332,5409.2173
11333,8426.506
11334,5046.496
11335,9395.775
11336,6563.819
11337,7705.9277
11338,4251.1855
11339,7163.5713
11340,6365.871
11341,7203.8467
11342,10586.358
11343,6726.694
11344,6123.7183
11345,7228.3354
11346,5531.103
11347,5761.5693
11348,8244.05
11349,6267.963
11350,5883.273
11351,7390.6895
11352,5885.518
11353,5616.694
11354,7071.4565
11355,6940.6445
11356,8803.828
11357,7065.8403
11358,7542.978
11359,5541.5327
11360,4460.589
11361,6874.365
11362,7187.903
11363,6519.369
11364,4468.1436
11365,8551.565
11366,7481.166
11367,9766.615
11368,6625.272
11369,5549.848
11370,5741.616
11371,4746.7744
11372,9510.531
11373,5623.4214
11374,8320.708
11375,13594.112
11376,7697.6265
11377,7027.4624
11378,5697.981
11379,4802.286
11380,7565.4585
11381,4629.933
11382,5928.994
11383,9615.32
11384,6064.9204
11385,14384.343
11386,12727.904
11387,5582.8623
11388,7072.92
11389,5522.8
11390,6890.6914
11391,6246.1914
11392,11390.589
11393,8100.183
11394,9252.006
11395,4642.9087
11396,7542.3306
11397,5339.0874
11398,8624.663
11399,7252.0913
11400,6659.014
11401,6852.768
11402,6132.8193
11403,9007.412
11404,9287.273
11405,6441.2783
11406,10206.47
11407,6793.7656
11408,8581.216
11409,5350.028
11410,5243.4775
11411,5615.3174
11412,10370.487
11413,6127.107
11414,8059.3545
11415,7064.3306
11416,9521.478
11417,5253.846
11418,8592.698
11419,6920.4434
11420,4438.721
11421,13861.114
11422,15185.257
11423,7257.703
11424,7272.921
11425,8982.704
11426,10531.152
11427,10837.606
11428,6290.8667
11429,7670.6113
11430,6335.336
11431,8337.494
11432,4423.914
11433,6296.4736
11434,6097.8154
11435,5730.247
11436,7633.7974
11437,4893.581
11438,4973.913
11439,7392.593
11440,4447.346
11441,4963.7466
11442,5889.376
11443,7046.2285
11444,9227.647
11445,9347.053
11446,7049.415
11447,6686.662
11448,6434.585
11449,11045.699
11450,7255.9243
11451,6292.415
11452,5383.337
11453,9910.853
11454,4741.4795
11455,7853.3325
11456,3633.0083
11457,5215.29
11458,7424.3906
11459,6413.1274
11460,5718.4204
11461,8652.083
11462,9877.569
11463,10538.849
11464,6054.944
11465,10828.504
11466,3487.608
11467,5783.1245
11468,7869.311
11469,4874.601
11470,8726.581
11471,5661.5854
11472,5500.5195
11473,8879.946
11474,10484.87
11475,8558.346
11476,5876.61
11477,5170.3154
11478,8034.587
11479,8222.988
11480,6190.4385
11481,5871.472
11482,7255.3916
11483,9518.436
11484,5034.995
11485,6239.29
11486,7689.342
11487,8286.763
11488,12943.9375
11489,6031.7944
11490,12586.593
11491,7169.9014
11492,5516.582
11493,3981.0906
11494,6143.434
11495,6246.7515
11496,6024.871
11497,8291.071
11498,5537.6543
11499,5129.2007
11500,8103.9854
11501,3989.808
11502,8350.514
11503,7411.1675
11504,8334.799
11505,9346.349
11506,5647.9985
11507,9525.656
11508,6797.9663
11509,5927.0317
11510,6177.9155
11511,5193.7544
11512,10573.523
11513,6888.963
11514,5439.5166
11515,7635.13
11516,8788.273
11517,7851.9844
11518,6128.27
11519,8681.602
11520,5879.862
11521,5986.5195
11522,6486.359
11523,9580.15
11524,6653.072
11525,6106.3657
11526,6309.4355
11527,5569.05
11528,4490.888
11529,6100.1133
11530,8537.931
11531,8470.422
11532,10629.438
11533,11178.451
11534,8165.1074
11535,5166.7803
11536,5097.838
11537,10656.176
11538,10244.817
11539,7596.2393
11540,8455.513
11541,9089.58
11542,6453.3315
11543,4154.015
11544,10961.855
11545,6762.6685
11546,6833.6567
11547,6227.666
11548,2821.0264
11549,11068.753
11550,6144.2603
11551,4777.55
11552,5272.803
11553,6860.8516
11554,6982.4766
11555,7514.3125
11556,7369.2974
11557,5341.67
11558,5460.4766
11559,4576.02
11560,3507.8713
11561,7129.9385
11562,16359.502
11563,5576.1777
11564,6341.666
11565,6968.491
11566,5606.449
11567,5464.5615
11568,5680.4204
11569,4376.514
11570,8424.473
11571,7327.6084
11572,4176.623
11573,8351.414
11574,5562.684
11575,4975.3745
11576,9208.903
11577,8340.993
11578,9604.432
11579,5027.2974
11580,6967.554
11581,5346.9717
11582,5212.2466
11583,13950.171
11584,9900.366
11585,6880.682
11586,5734.408
11587,5375.5376
11588,5924.048
11589,4726.1724
11590,9216.653
11591,5513.2153
11592,5749.2773
11593,7733.3916
11594,5190.9663
11595,6466.1963
11596,7214.594
11597,8154.9585
11598,7366.2827
11599,4695.562
11600,5847.534
11601,6977.0776
11602,8577.149
11603,9134.094
11604,7099.699
11605,4557.624
11606,7959.1455
11607,6250.8936
11608,4831.8584
11609,7230.011
11610,7360.1587
11611,6688.5503
11612,6544.171
11613,6743.551
11614,6430.02
11615,6242.2363
11616,7669.7407
11617,8011.492
11618,6093.8853
11619,9292.235
11620,6482.1655
11621,4998.693
11622,11410.477
11623,6289.9067
11624,3869.485
11625,8172.4395
11626,8901.739
11627,10264.81
11628,5224.003
11629,6285.127
11630,6194.868
11631,7879.916
11632,6741.3516
11633,9564.739
11634,3588.664
11635,6964.232
11636,6272.317
11637,5384.133
11638,5173.9165
11639,7088.325
11640,8430.79
11641,5979.386
11642,8308.487
11643,6860.184
11644,8476.24
11645,5137.6816
11646,6456.373
11647,6359.699
11648,7758.126
11649,8794.319
11650,4160.09
11651,7998.337
11652,7117.905
11653,7856.329
11654,5610.397
11655,3981.6602
11656,8476.548
11657,6493.775
11658,9051.368
11659,6508.5083
11660,5922.2456
11661,9041.454
11662,6701.539
11663,6882.1265
11664,8250.013
11665,6050.4985
11666,8590.724
11667,11135.482
11668,7640.7686
11669,4788.2163
11670,5757.037
11671,4530.291
11672,3631.1406
11673,8126.8193
11674,6232.1465
11675,8780.465
11676,5449.2017
11677,7457.421
11678,6310.3022
11679,10024.707
11680,5451.307
11681,6068.7515
11682,6441.9785
11683,7751.9644
11684,5548.112
11685,7553.216
11686,7895.045
11687,10010.003
11688,7951.0723
11689,7570.822
11690,6192.86
11691,4623.057
11692,5732.915
11693,11392.338
11694,9547.695
11695,6607.387
11696,13479.595
11697,5994.845
11698,5591.9917
11699,6624.6274
11700,8775.358
11701,10075.279
11702,7344.065
11703,8475.569
11704,8278.429
11705,6992.867
11706,6901.2153
11707,6253.989
11708,4840.813
11709,5694.9272
11710,4292.988
11711,5450.7817
11712,9023.811
11713,15543.862
11714,6760.192
11715,5236.8096
11716,7378.1943
11717,4226.799
11718,6517.5225
11719,4397.375
11720,9141.206
11721,6949.561
11722,6599.1743
11723,12882.383
11724,11732.206
11725,6474.6763
11726,7155.9844
11727,4467.568
11728,5675.135
11729,5605.6577
11730,8844.546
11731,5530.9395
11732,4672.677
11733,5940.91
11734,6016.82
11735,7107.464
11736,7595.7974
11737,3537.5508
11738,7768.2334
11739,8218.205
11740,7913.712
11741,5238.4233
11742,4945.1313
11743,7894.1416
11744,5291.728
11745,9658.686
11746,4627.019
11747,5632.193
11748,7184.8184
11749,6228.0703
11750,5027.1104
11751,6346.204
11752,6891.4277
11753,9968.169
11754,9729.797
11755,6040.3784
11756,4228.8154
11757,5696.802
11758,6439.601
11759,5358.0815
11760,6710.3916
11761,6108.8706
11762,11620.265
11763,7815.5815
11764,6425.986
11765,7904.056
11766,4925.8857
11767,9188.461
11768,5747.3145
11769,12307.52
11770,6773.6753
11771,6324.1304
11772,5749.1787
11773,4607.011
11774,7814.0312
11775,16709.445
11776,4855.005
11777,5608.289
11778,9895.136
11779,7052.199
11780,7519.905
11781,8452.819
11782,6632.328
11783,5803.781
11784,4864.772
11785,9645.733
11786,6516.2666
11787,6979.52
11788,8069.046
11789,4963.7085
11790,7715.407
11791,6998.252
11792,4061.8887
11793,8740.534
11794,8964.38
11795,4443.2075
11796,8192.426
11797,7248.274
11798,5395.3867
11799,8833.654
11800,7004.763
11801,8144.2705
11802,4997.911
11803,5155.5166
11804,6413.611
11805,4366.877
11806,7395.964
11807,4580.221
11808,6130.082
11809,5369.1426
11810,6199.065
11811,6466.702
11812,7362.504
11813,7423.7534
11814,9191.967
11815,6417.8022
11816,7893.494
11817,6211.139
11818,9012.405
11819,9043.403
11820,6982.8896
11821,4257.9917
11822,6274.076
11823,7252.5825
11824,4735.5493
11825,11762.4795
11826,6101.0913
11827,6630.0195
11828,9851.893
11829,7077.3066
11830,4439.365
11831,10908.477
11832,9740.81
11833,5889.6904
11834,8265.323
11835,9956.272
11836,6904.9023
11837,5723.987
11838,7155.411
11839,5794.676
11840,6354.127
11841,7857.888
11842,5125.9873
11843,6914.6304
11844,8510.158
11845,6827.1025
11846,8310.207
11847,5957.4062
11848,7168.896
11849,4127.6606
11850,7610.33
11851,7316.518
11852,6546.206
11853,6726.912
11854,8171.278
11855,9081.383
11856,6462.8174
11857,5296.5605
11858,6398.665
11859,7708.89
11860,7356.439
11861,4561.7256
11862,4293.881
11863,7940.992
11864,7309.0757
11865,5854.5327
11866,8645.706
11867,6538.356
11868,7203.8604
11869,5998.357
11870,3902.4167
11871,6980.3726
11872,6893.952
11873,7148.7666
11874,8980.708
11875,8285.593
11876,5455.9053
11877,8323.708
11878,4310.6577
11879,3237.3862
11880,8090.6626
11881,11979.768
11882,8178.5293
11883,7138.7983
11884,4599.849
11885,7245.468
11886,9010.858
11887,6647.198
11888,8374.026
11889,5513.2783
11890,4665.1235
11891,5573.8486
11892,5907.5933
11893,6153.3096
11894,5436.114
11895,5391.847
11896,4263.8564
11897,7097.546
11898,7617.6504
11899,5969.146
11900,6335.735
11901,7649.3584
11902,5632.2627
11903,4987.7573
11904,9519.162
11905,8222.486
11906,6305.2183
11907,4035.2642
11908,13282.234
11909,6426.3413
11910,6205.2295
11911,8594.437
11912,8173.2344
11913,7585.473
11914,6347.1
11915,7104.9766
11916,9799.488
11917,12384.48
11918,5642.7485
11919,5034.601
11920,5610.927
11921,6520.924
11922,6093.8677
11923,8669.033
11924,9128.128
11925,6062.4854
11926,4774.593
11927,6401.949
11928,8335.967
11929,5554.5034
11930,7365.833
11931,4310.4272
11932,7589.077
11933,7668.278
11934,7731.194
11935,8595.42
11936,6544.664
11937,4789.0796
11938,6379.341
11939,8129.3623
11940,8681.718
11941,7722.7183
11942,7857.453
11943,6648.5107
11944,4837.2954
11945,9370.484
11946,4635.452
11947,10658.229
11948,6233.573
11949,5056.75
11950,7237.407
11951,6155.6636
11952,7625.967
11953,7864.299
11954,4205.9165
11955,5245.694
11956,7880.976
11957,8717.098
11958,9943.082
11959,6273.286
11960,6040.759
11961,6449.928
11962,6877.933
11963,5818.0254
11964,10708.564
11965,8435.062
11966,11117.973
11967,4983.278
11968,6315.1553
11969,9029.699
11970,7548.8945
11971,6023.297
11972,10211.182
11973,6717.077
11974,5761.6406
11975,5525.8457
11976,5785.8394
11977,5560.7744
11978,6247.252
11979,5211.5454
11980,5325.9697
11981,8467.845
11982,6757.497
11983,19102.264
11984,7052.0444
10273,4216.4375
10274,4553.218
10275,6456.5513
10276,3591.147
10277,6429.505
10278,5049.207
10279,5842.004
10280,6303.829
10281,4672.552
10282,3439.8755
10283,5908.253
10284,6160.739
10285,4843.21
10286,5864.0674
10287,5075.151
10288,3418.325
10289,4500.138
10290,7950.238
10291,8590.076
10292,7452.472
10293,7147.3965
10294,4097.532
10295,5404.225
10296,2436.2554
10297,8070.408
10298,7882.893
10299,8647.661
10300,6432.8296
10301,3190.7087
10302,4783.738
10303,6036.243
10304,8414.94
10305,4591.494
10306,5582.1113
10307,5033.631
10308,6073.1753
10309,2694.4685
10310,7610.8813
10311,3984.2742
10312,6865.329
10313,6276.225
10314,3750.0486
10315,8411.401
10316,6509.9985
10317,4882.107
10318,4057.1487
10319,7347.386
10320,10081.585
10321,6119.3447
10322,5785.111
10323,8028.849
10324,7628.178
10325,6031.8003
10326,6892.006
10327,2539.6704
10328,2696.047
10329,5033.679
10330,5961.3794
10331,8726.623
10332,7699.8296
10333,4264.617
10334,8167.7715
10335,7764.5444
10336,6428.7446
10337,2982.5234
10338,10473.775
10339,3788.8142
10340,4473.12
10341,7524.339
10342,4458.683
10343,5989.8726
10344,3093.6816
10345,5810.378
10346,5352.9526
10347,5466.7407
10348,8154.344
10349,6971.137
10350,4699.913
10351,3769.7178
10352,7676.43
10353,11607.87
10354,5391.559
10355,3203.4604
10356,6529.849
10357,5782.3413
10358,6057.474
10359,9176.935
10360,2384.7854
10361,7692.643
10362,4733.183
10363,5853.5894
10364,7223.897
10365,2949.576
10366,4547.206
10367,5063.4106
10368,7823.4277
10369,7634.1465
10370,4392.2856
10371,4664.852
10372,7441.988
10373,6052.6807
10374,4900.1855
10375,7110.1895
10376,4792.644
10377,6135.2065
10378,4661.062
10379,3318.466
10380,5679.6353
10381,6233.835
10382,6005.983
10383,7567.205
10384,7927.9756
10385,4190.075
10386,8049.137
10387,3469.6353
10388,3812.5906
10389,8102.6094
10390,7155.7866
10391,7821.3237
10392,9396.232
10393,6457.383
10394,5021.968
10395,7123.399
10396,7622.738
10397,5163.4844
10398,3099.099
10399,5455.7544
10400,5050.907
10401,5415.087
10402,4031.1206
10403,5858.242
10404,6928.137
10405,6221.99
10406,5621.2495
10407,2915.779
10408,6478.679
10409,6848.808
10410,3717.6504
10411,5336.165
10412,3449.474
10413,5589.091
10414,3776.2249
10415,5026.4004
10416,4774.8936
10417,7099.652
10418,6254.973
10419,7158.1074
10420,12656.327
10421,4304.371
10422,4593.3296
10423,9811.777
10424,5120.9
10425,7915.6597
10426,6913.6343
10427,5581.776
10428,6469.1455
10429,4599.5947
10430,5394.45
10431,8400.466
10432,5335.5796
10433,3079.0776
10434,3565.253
10435,7405.02
10436,8962.918
10437,5991.7124
10438,6623.6416
10439,4555.0854
10440,2500.591
10441,1870.264
10442,3901.3076
10443,5575.7627
10444,6722.2427
10445,5493.074
10446,4632.482
10447,8247.07
10448,7837.484
10449,6796.9155
10450,5335.697
10451,8060.5845
10452,8992.45
10453,3744.0613
10454,6024.021
10455,5352.279
10456,6549.0103
10457,3123.3032
10458,5260.475
10459,5090.3115
10460,8470.898
10461,5990.661
10462,7780.223
10463,6938.434
10464,4638.765
10465,8217.735
10466,15982.492
10467,8822.725
10468,3920.902
10469,3564.447
10470,6596.009
10471,8127.153
10472,4258.4507
10473,9094.775
10474,14815.583
10475,4940.544
10476,3028.8625
10477,9050.358
10478,3501.0447
10479,6733.203
10480,3629.2014
10481,6017.784
10482,3842.7246
10483,6772.8545
10484,5268.0073
10485,5241.157
10486,10218.889
10487,6057.5957
10488,5638.8745
10489,7006.9014
10490,5720.0024
10491,6337.53
10492,8754.626
10493,5177.2144
10494,5995.52
10495,4475.207
10496,3692.2532
10497,5302.1006
10498,5620.4453
10499,5308.006
10500,7984.9824
10501,8070.0312
10502,7592.429
10503,4427.2197
10504,3946.2563
10505,4924.204
10506,5601.7666
10507,6225.6885
10508,3051.4468
10509,6650.35
10510,5761.4097
10511,8064.783
10512,5829.9077
10513,4346.617
10514,3375.6118
10515,2700.98
10516,8145.77
10517,5903.38
10518,6073.6274
10519,11826.746
10520,7561.8804
10521,4704.0977
10522,5598.989
10523,2714.5576
10524,4706.2295
10525,4347.3013
10526,4024.919
10527,7863.4214
10528,4867.0186
10529,8488.53
10530,10741.6045
10531,6029.879
10532,5984.0933
10533,4652.6714
10534,5313.5884
10535,5222.135
10536,10692.521
10537,6077.2837
10538,6908.9473
10539,3222.1196
10540,5852.8354
10541,5140.378
10542,8091.2417
10543,6375.2227
10544,5488.476
10545,6544.7393
10546,4586.4863
10547,8616.153
10548,6533.4497
10549,6476.4365
10550,8649.394
10551,6938.096
10552,8236.725
10553,3645.433
10554,5266.5903
10555,4626.9087
10556,9033.714
10557,6336.2427
10558,7488.4766
10559,6528.174
10560,7835.473
10561,4767.8438
10562,6661.8984
10563,6185.5864
10564,3084.3665
10565,11947.978
10566,14581.283
10567,7146.5444
10568,6340.686
10569,7077.7993
10570,8476.306
10571,8185.264
10572,3264.3887
10573,4718.4604
10574,5313.6997
10575,7971.62
10576,2699.3184
10577,4791.556
10578,5478.6323
10579,5377.64
10580,5230.9536
10581,3153.804
10582,3266.345
10583,7174.8545
10584,3824.0679
10585,4708.2817
10586,5635.385
10587,5403.6943
10588,9024.146
10589,9890.899
10590,5680.5723
10591,7234.2256
10592,6041.243
10593,9720.15
10594,5031.73
10595,3533.6116
10596,5195.459
10597,11166.389
10598,4102.6323
10599,7307.974
10600,2214.469
10601,3957.3318
10602,6221.598
10603,5890.584
10604,4970.233
10605,8283.302
10606,8767.177
10607,7475.6665
10608,4436.1943
10609,10271.391
10610,2056.2642
10611,3886.45
10612,7186.429
10613,4872.5044
10614,9969.443
10615,2805.5295
10616,5201.876
10617,5530.2114
10618,8113.235
10619,8776.572
10620,4996.1665
10621,2984.5642
10622,8896.087
10623,9162.609
10624,4882.9126
10625,5419.1846
10626,8642.92
10627,5971.868
10628,5094.4644
10629,3937.097
10630,7331.4253
10631,4480.0547
10632,12555.216
10633,7028.3135
10634,12015.996
10635,6344.3887
10636,4545.359
10637,2356.192
10638,5625.047
10639,5474.871
10640,5259.9585
10641,8664.76
10642,5445.5386
10643,3036.5903
10644,7315.248
10645,3336.6614
10646,8837.514
10647,6999.233
10648,7062.3164
10649,8335.88
10650,4761.104
10651,7447.363
10652,7346.496
10653,5721.192
10654,6417.2026
10655,3725.283
10656,9418.34
10657,6231.8257
10658,3889.2388
10659,5317.026
10660,7455.6143
10661,6234.4893
10662,3936.4885
10663,5518.1978
10664,5486.173
10665,4968.915
10666,5446.951
10667,9275.969
10668,5036.5415
10669,4138.1396
10670,6067.4146
10671,5231.812
10672,3258.6885
10673,5321.846
10674,8196.615
10675,6991.5933
10676,10555.518
10677,9063.73
10678,6955.768
10679,4768.8896
10680,4222.7085
10681,9809.456
10682,7678.898
10683,7037.913
10684,5778.4707
10685,5846.419
10686,5070.0513
10687,2599.246
10688,11267.594
10689,6007.7476
10690,5727.646
10691,4947.1934
10692,1419.4053
10693,7972.814
10694,5751.4165
10695,4361.931
10696,4122.687
10697,7132.7544
10698,5304.0176
10699,4356.7915
10700,8771.752
10701,4416.009
10702,4312.817
10703,3761.445
10704,2411.8933
10705,4977.2734
10706,12899.325
10707,5137.8335
10708,5542.3467
10709,5434.4756
10710,3916.7976
10711,3322.568
10712,6034.1997
10713,2882.1853
10714,9120.801
10715,6554.6597
10716,2884.7463
10717,7920.3496
10718,2750.9392
10719,3804.663
10720,8621.99
10721,7813.435
10722,8703.972
10723,2453.8862
10724,5661.6396
10725,4647.038
10726,3929.8552
10727,14565.716
10728,10530.058
10729,5092.3853
10730,3357.6685
10731,5419.0864
10732,4490.554
10733,2633.05
10734,7744.7295
10735,4521.001
10736,5174.213
10737,7018.9414
10738,4571.2866
10739,5377.897
10740,6072.8105
10741,6804.2065
10742,6873.388
10743,2869.3787
10744,5393.4624
10745,6807.8223
10746,8363.546
10747,6377.917
10748,7270.909
10749,2412.8623
10750,8495.139
10751,5034.8027
10752,3001.4104
10753,4377.4497
10754,4660.0396
10755,4837.849
10756,6983.216
10757,4284.021
10758,5578.1885
10759,5103.8564
10760,7425.701
10761,8107.905
10762,4957.2593
10763,7370.1763
10764,6249.6597
10765,2688.2932
10766,10253.987
10767,3926.404
10768,3485.1934
10769,6263.3135
10770,9468.798
10771,9771.89
10772,4230.909
10773,4718.123
10774,6106.185
10775,7310.8047
10776,4774.8433
10777,8405.675
10778,3061.0918
10779,5180.628
10780,4235.921
10781,3603.4595
10782,2937.8372
10783,7331.502
10784,6640.183
10785,5495.548
10786,5357.4272
10787,7403.191
10788,7543.0576
10789,4361.6357
10790,5055.313
10791,5355.588
10792,6486.26
10793,5787.611
10794,2136.9272
10795,6370.9917
10796,6589.2114
10797,6491.6943
10798,5680.388
10799,2984.701
10800,8816.987
10801,3165.6743
10802,9048.234
10803,5396.6426
10804,4881.376
10805,8167.2183
10806,4069.4045
10807,4470.9146
10808,8556.967
10809,2844.3372
10810,6281.13
10811,9023.182
10812,7259.5654
10813,2624.245
10814,5158.768
10815,3602.1055
10816,2443.9285
10817,5281.154
10818,6062.769
10819,5393.442
10820,4546.76
10821,5729.684
10822,4786.4033
10823,9070.216
10824,4876.6987
10825,6011.542
10826,4263.0513
10827,6249.4688
10828,5741.589
10829,6368.3066
10830,7736.062
10831,9319.8125
10832,7846.467
10833,5847.1885
10834,5227.053
10835,2937.3467
10836,5778.8237
10837,8703.623
10838,6878.484
10839,6252.283
10840,11715.858
10841,3299.6267
10842,4863.0186
10843,4898.5034
10844,8201.308
10845,8498.721
10846,7341.173
10847,7615.2603
10848,7739.5605
10849,7143.702
10850,6375.752
10851,5312.2705
10852,2256.2786
10853,4848.0723
10854,3442.7053
10855,3313.3162
10856,7423.0596
10857,15554.361
10858,5785.1055
10859,3309.9958
10860,4709.8896
10861,4122.0933
10862,5695.46
10863,2230.006
10864,6727.5796
10865,6756.2983
10866,3674.8982
10867,10582.32
10868,10794.723
10869,4399.5312
10870,5723.637
10871,3918.3745
10872,4244.139
10873,4078.183
10874,8747.28
10875,4004.0562
10876,4362.21
10877,5002.2705
10878,5427.016
10879,5027.8247
10880,7461.996
10881,3050.9346
10882,8021.027
10883,6718.6274
10884,5147.9194
10885,3962.4727
10886,3850.0225
10887,4696.619
10888,4698.183
10889,9188.82
10890,4293.7905
10891,3857.349
10892,6239.564
10893,5099.015
10894,5572.562
10895,4535.536
10896,5741.2
10897,9625.515
10898,7024.393
10899,6196.9604
10900,3367.979
10901,4625.62
10902,5813.3438
10903,4068.6167
10904,4933.6777
10905,5120.8315
10906,10465.158
10907,7039.1685
10908,4523.3003
10909,6188.1597
10910,4735.3057
10911,6947.7646
10912,5323.405
10913,8860.471
10914,7073.1763
10915,5073.786
10916,4133.855
10917,2327.466
10918,4681.153
10919,16697.465
10920,2389.4954
10921,5140.123
10922,6564.182
10923,7264.414
10924,5756.186
10925,8229.587
10926,5591.8154
10927,6095.6465
10928,2969.2937
10929,8209.682
10930,4417.7446
10931,6028.7285
10932,8817.004
10933,4200.564
10934,7973.293
10935,6402.0103
10936,3304.2227
10937,6267.485
10938,6233.443
10939,2737.365
10940,8356.401
10941,6549.298
10942,4506.3496
10943,9129.226
10944,7897.5605
10945,6713.029
10946,4564.938
10947,3992.789
10948,5402.5293
10949,3526.005
10950,6136.7397
10951,2606.1814
10952,5647.0615
10953,3068.3337
10954,5680.4966
10955,5558.086
10956,5144.6553
10957,5505.254
10958,8754.634
10959,5755.379
10960,7871.345
10961,5535.468
10962,6127.779
10963,8439.817
10964,6997.7246
10965,3971.8086
10966,5606.15
10967,5376.563
10968,4492.242
10969,11199.506
10970,5567.079
10971,5394.522
10972,8389.399
10973,7029.628
10974,2328.3745
10975,8957.884
10976,7909.5015
10977,5986.9937
10978,7370.809
10979,6762.3135
10980,7886.3447
10981,5270.083
10982,4362.622
10983,3363.4902
10984,6220.5186
10985,7603.096
10986,2861.331
10987,7561.3394
10988,6922.1265
10989,5369.3267
10990,7141.747
10991,4707.9985
10992,7031.425
10993,2811.5527
10994,4826.4277
10995,5134.37
10996,3768.4233
10997,5917.141
10998,7392.2544
10999,7803.3213
11000,6259.9985
11001,4224.767
11002,6104.5254
11003,7485.113
11004,7665.375
11005,2806.1719
11006,2837.096
11007,8092.8467
11008,5965.748
11009,4145.445
11010,7583.5635
11011,6481.7886
11012,6371.2773
11013,5062.5513
11014,2044.0266
11015,6144.94
11016,6028.01
11017,5022.159
11018,8020.56
11019,6759.953
11020,3701.242
11021,5949.24
11022,3223.8044
11023,1240.5205
11024,6409.6294
11025,9652.239
11026,5862.7085
11027,4832.914
11028,3076.7815
11029,5282.7104
11030,7664.8047
11031,6111.82
11032,8622.171
11033,3957.6072
11034,3831.7178
11035,4029.01
11036,5954.634
11037,3709.5273
11038,2733.7217
11039,4184.3516
11040,3750.331
11041,6967.714
11042,4850.3525
11043,5187.066
11044,5362.6626
11045,7189.562
11046,4957.373
11047,3994.4844
11048,9010.214
11049,7618.304
11050,6483.959
11051,2207.7751
11052,6370.208
11053,5268.414
11054,4285.823
11055,7683.081
11056,8671.093
11057,6264.8433
11058,6112.438
11059,5986.828
11060,7417.589
11061,10679.466
11062,3506.5698
11063,3722.0967
11064,5162.1743
11065,5675.568
11066,5733.123
11067,8729.304
11068,7016.7593
11069,6138.906
11070,2874.0305
11071,6559.732
11072,6622.3213
11073,3932.4314
11074,6453.196
11075,3415.4272
11076,6940.618
11077,5778.008
11078,5451.7593
11079,6369.236
11080,3930.8337
11081,4721.558
11082,6167.394
11083,5611.1465
11084,8171.4414
11085,5492.304
11086,8420.633
11087,5388.13
11088,3772.6677
11089,7920.0625
11090,3019.4287
11091,10135.016
11092,5592.8613
11093,4693.7617
11094,7097.695
11095,4741.1177
11096,4563.2007
11097,5610.9805
11098,3036.008
11099,3117.4717
11100,6291.923
11101,5912.5713
11102,9613.275
11103,6198.663
11104,5368.8813
11105,3964.783
11106,5899.434
11107,3349.5168
11108,9858.322
11109,6493.143
11110,11896.468
11111,5324.4204
11112,5228.3247
11113,7104.5835
11114,6807.751
11115,3327.2117
11116,8040.0986
11117,6524.2583
11118,5321.501
11119,5518.245
11120,5082.2334
11121,3035.7446
11122,5171.879
11123,3639.3767
11124,3022.5007
11125,7143.055
11126,5868.8125
11127,18619.1
11128,7009.6953
9417,0.0
9418,0.0
9419,0.0
9420,0.0
9421,0.0
9422,0.0
9423,0.0
9424,0.0
9425,0.0
9426,0.0
9427,0.0
9428,0.0
9429,0.0
9430,0.0
9431,0.0
9432,0.0
9433,0.0
9434,0.0
9435,0.0
9436,0.0
9437,0.0
9438,0.0
9439,0.0
9440,0.0
9441,0.0
9442,0.0
9443,0.0
9444,0.0
9445,0.0
9446,0.0
9447,0.0
9448,0.0
9449,0.0
9450,0.0
9451,0.0
9452,0.0
9453,0.0
9454,0.0
9455,0.0
9456,0.0
9457,0.0
9458,0.0
9459,0.0
9460,0.0
9461,0.0
9462,0.0
9463,0.0
9464,0.0
9465,0.0
9466,0.0
9467,0.0
9468,0.0
9469,0.0
9470,0.0
9471,0.0
9472,0.0
9473,0.0
9474,0.0
9475,0.0
9476,0.0
9477,0.0
9478,0.0
9479,0.0
9480,0.0
9481,0.0
9482,0.0
9483,0.0
9484,0.0
9485,0.0
9486,0.0
9487,0.0
9488,0.0
9489,0.0
9490,0.0
9491,0.0
9492,0.0
9493,0.0
9494,0.0
9495,0.0
9496,0.0
9497,0.0
9498,0.0
9499,0.0
9500,0.0
9501,0.0
9502,0.0
9503,0.0
9504,0.0
9505,0.0
9506,0.0
9507,0.0
9508,3789.1033
9509,0.0
9510,0.0
9511,0.0
9512,0.0
9513,0.0
9514,0.0
9515,0.0
9516,0.0
9517,0.0
9518,0.0
9519,0.0
9520,0.0
9521,0.0
9522,0.0
9523,0.0
9524,0.0
9525,0.0
9526,0.0
9527,0.0
9528,0.0
9529,0.0
9530,0.0
9531,0.0
9532,0.0
9533,0.0
9534,0.0
9535,0.0
9536,0.0
9537,0.0
9538,0.0
9539,0.0
9540,0.0
9541,0.0
9542,0.0
9543,0.0
9544,0.0
9545,0.0
9546,0.0
9547,0.0
9548,0.0
9549,0.0
9550,0.0
9551,0.0
9552,0.0
9553,0.0
9554,0.0
9555,0.0
9556,0.0
9557,0.0
9558,0.0
9559,0.0
9560,0.0
9561,0.0
9562,0.0
9563,0.0
9564,0.0
9565,0.0
9566,0.0
9567,0.0
9568,0.0
9569,0.0
9570,0.0
9571,0.0
9572,0.0
9573,0.0
9574,0.0
9575,0.0
9576,2283.5664
9577,0.0
9578,0.0
9579,0.0
9580,0.0
9581,0.0
9582,0.0
9583,0.0
9584,0.0
9585,0.0
9586,0.0
9587,0.0
9588,0.0
9589,0.0
9590,0.0
9591,0.0
9592,0.0
9593,0.0
9594,0.0
9595,0.0
9596,0.0
9597,0.0
9598,0.0
9599,0.0
9600,0.0
9601,0.0
9602,0.0
9603,0.0
9604,0.0
9605,0.0
9606,0.0
9607,0.0
9608,0.0
9609,0.0
9610,0.0
9611,0.0
9612,0.0
9613,0.0
9614,0.0
9615,0.0
9616,0.0
9617,14154.378
9618,20323.035
9619,0.0
9620,0.0
9621,0.0
9622,0.0
9623,0.0
9624,0.0
9625,0.0
9626,6769.716
9627,0.0
9628,0.0
9629,0.0
9630,0.0
9631,0.0
9632,0.0
9633,0.0
9634,0.0
9635,0.0
9636,0.0
9637,0.0
9638,0.0
9639,0.0
9640,0.0
9641,0.0
9642,0.0
9643,0.0
9644,0.0
9645,4228.678
9646,0.0
9647,0.0
9648,0.0
9649,0.0
9650,0.0
9651,0.0
9652,0.0
9653,0.0
9654,0.0
9655,2791.3318
9656,0.0
9657,0.0
9658,0.0
9659,0.0
9660,0.0
9661,0.0
9662,0.0
9663,0.0
9664,0.0
9665,0.0
9666,0.0
9667,0.0
9668,0.0
9669,0.0
9670,0.0
9671,0.0
9672,0.0
9673,8512.22
9674,0.0
9675,0.0
9676,0.0
9677,0.0
9678,0.0
9679,0.0
9680,0.0
9681,0.0
9682,0.0
9683,0.0
9684,0.0
9685,0.0
9686,0.0
9687,0.0
9688,0.0
9689,0.0
9690,7888.1953
9691,0.0
9692,0.0
9693,0.0
9694,0.0
9695,0.0
9696,0.0
9697,0.0
9698,0.0
9699,0.0
9700,0.0
9701,0.0
9702,0.0
9703,0.0
9704,0.0
9705,0.0
9706,0.0
9707,0.0
9708,0.0
9709,0.0
9710,0.0
9711,0.0
9712,0.0
9713,0.0
9714,0.0
9715,0.0
9716,0.0
9717,0.0
9718,0.0
9719,0.0
9720,0.0
9721,0.0
9722,0.0
9723,0.0
9724,0.0
9725,0.0
9726,0.0
9727,0.0
9728,0.0
9729,0.0
9730,0.0
9731,0.0
9732,0.0
9733,0.0
9734,0.0
9735,0.0
9736,0.0
9737,0.0
9738,0.0
9739,0.0
9740,0.0
9741,0.0
9742,0.0
9743,0.0
9744,0.0
9745,0.0
9746,0.0
9747,0.0
9748,0.0
9749,0.0
9750,0.0
9751,0.0
9752,1688.3004
9753,0.0
9754,0.0
9755,0.0
9756,0.0
9757,0.0
9758,0.0
9759,0.0
9760,0.0
9761,0.0
9762,0.0
9763,0.0
9764,0.0
9765,0.0
9766,4272.15
9767,0.0
9768,0.0
9769,0.0
9770,0.0
9771,0.0
9772,0.0
9773,0.0
9774,0.0
9775,0.0
9776,0.0
9777,0.0
9778,0.0
9779,0.0
9780,0.0
9781,0.0
9782,0.0
9783,0.0
9784,0.0
9785,0.0
9786,0.0
9787,0.0
9788,0.0
9789,0.0
9790,0.0
9791,0.0
9792,0.0
9793,0.0
9794,0.0
9795,0.0
9796,0.0
9797,0.0
9798,0.0
9799,0.0
9800,0.0
9801,0.0
9802,0.0
9803,0.0
9804,0.0
9805,0.0
9806,0.0
9807,0.0
9808,0.0
9809,7353.654
9810,0.0
9811,0.0
9812,0.0
9813,0.0
9814,0.0
9815,0.0
9816,0.0
9817,0.0
9818,0.0
9819,2367.1765
9820,0.0
9821,0.0
9822,0.0
9823,3879.7898
9824,0.0
9825,0.0
9826,0.0
9827,0.0
9828,0.0
9829,0.0
9830,0.0
9831,0.0
9832,0.0
9833,0.0
9834,0.0
9835,0.0
9836,0.0
9837,0.0
9838,0.0
9839,0.0
9840,0.0
9841,0.0
9842,0.0
9843,0.0
9844,0.0
9845,0.0
9846,0.0
9847,0.0
9848,0.0
9849,0.0
9850,17195.947
9851,0.0
9852,0.0
9853,0.0
9854,0.0
9855,0.0
9856,0.0
9857,0.0
9858,0.0
9859,0.0
9860,0.0
9861,0.0
9862,0.0
9863,0.0
9864,5335.7324
9865,0.0
9866,0.0
9867,0.0
9868,0.0
9869,0.0
9870,0.0
9871,0.0
9872,0.0
9873,0.0
9874,0.0
9875,0.0
9876,0.0
9877,0.0
9878,0.0
9879,0.0
9880,0.0
9881,0.0
9882,0.0
9883,0.0
9884,0.0
9885,0.0
9886,0.0
9887,0.0
9888,0.0
9889,0.0
9890,0.0
9891,0.0
9892,0.0
9893,0.0
9894,0.0
9895,0.0
9896,0.0
9897,0.0
9898,0.0
9899,0.0
9900,0.0
9901,0.0
9902,0.0
9903,0.0
9904,0.0
9905,0.0
9906,0.0
9907,0.0
9908,0.0
9909,0.0
9910,0.0
9911,0.0
9912,0.0
9913,0.0
9914,0.0
9915,0.0
9916,0.0
9917,0.0
9918,0.0
9919,0.0
9920,0.0
9921,0.0
9922,0.0
9923,0.0
9924,0.0
9925,0.0
9926,0.0
9927,0.0
9928,0.0
9929,0.0
9930,0.0
9931,0.0
9932,0.0
9933,0.0
9934,0.0
9935,0.0
9936,0.0
9937,0.0
9938,0.0
9939,10988.475
9940,0.0
9941,0.0
9942,0.0
9943,0.0
9944,0.0
9945,0.0
9946,0.0
9947,0.0
9948,0.0
9949,0.0
9950,0.0
9951,0.0
9952,0.0
9953,0.0
9954,0.0
9955,0.0
9956,0.0
9957,0.0
9958,0.0
9959,0.0
9960,0.0
9961,0.0
9962,0.0
9963,0.0
9964,0.0
9965,0.0
9966,0.0
9967,0.0
9968,0.0
9969,0.0
9970,0.0
9971,0.0
9972,0.0
9973,0.0
9974,0.0
9975,0.0
9976,0.0
9977,0.0
9978,0.0
9979,0.0
9980,0.0
9981,0.0
9982,0.0
9983,2701.534
9984,13366.017
9985,0.0
9986,0.0
9987,0.0
9988,0.0
9989,0.0
9990,0.0
9991,0.0
9992,0.0
9993,0.0
9994,0.0
9995,0.0
9996,0.0
9997,0.0
9998,0.0
9999,0.0
10000,0.0
10001,0.0
10002,0.0
10003,0.0
10004,0.0
10005,0.0
10006,0.0
10007,0.0
10008,0.0
10009,0.0
10010,0.0
10011,0.0
10012,10823.124
10013,0.0
10014,0.0
10015,0.0
10016,0.0
10017,0.0
10018,0.0
10019,0.0
10020,0.0
10021,0.0
10022,0.0
10023,0.0
10024,0.0
10025,0.0
10026,0.0
10027,0.0
10028,0.0
10029,0.0
10030,0.0
10031,0.0
10032,0.0
10033,0.0
10034,0.0
10035,0.0
10036,0.0
10037,0.0
10038,0.0
10039,0.0
10040,0.0
10041,0.0
10042,0.0
10043,0.0
10044,0.0
10045,0.0
10046,0.0
10047,0.0
10048,0.0
10049,0.0
10050,0.0
10051,0.0
10052,0.0
10053,0.0
10054,0.0
10055,0.0
10056,0.0
10057,0.0
10058,0.0
10059,0.0
10060,0.0
10061,0.0
10062,0.0
10063,0.0
10064,0.0
10065,0.0
10066,0.0
10067,0.0
10068,0.0
10069,0.0
10070,0.0
10071,0.0
10072,0.0
10073,0.0
10074,0.0
10075,0.0
10076,0.0
10077,0.0
10078,0.0
10079,0.0
10080,0.0
10081,0.0
10082,2755.0232
10083,0.0
10084,0.0
10085,0.0
10086,1975.8503
10087,0.0
10088,0.0
10089,0.0
10090,0.0
10091,0.0
10092,0.0
10093,0.0
10094,0.0
10095,0.0
10096,0.0
10097,0.0
10098,0.0
10099,0.0
10100,0.0
10101,0.0
10102,0.0
10103,0.0
10104,0.0
10105,0.0
10106,0.0
10107,0.0
10108,0.0
10109,0.0
10110,0.0
10111,0.0
10112,0.0
10113,0.0
10114,0.0
10115,0.0
10116,0.0
10117,0.0
10118,0.0
10119,0.0
10120,0.0
10121,0.0
10122,0.0
10123,0.0
10124,0.0
10125,0.0
10126,0.0
10127,0.0
10128,0.0
10129,0.0
10130,0.0
10131,0.0
10132,0.0
10133,0.0
10134,0.0
10135,0.0
10136,0.0
10137,1800.6085
10138,0.0
10139,0.0
10140,0.0
10141,0.0
10142,0.0
10143,0.0
10144,0.0
10145,0.0
10146,0.0
10147,0.0
10148,0.0
10149,0.0
10150,0.0
10151,0.0
10152,9529.8545
10153,0.0
10154,0.0
10155,0.0
10156,0.0
10157,0.0
10158,0.0
10159,0.0
10160,0.0
10161,0.0
10162,0.0
10163,0.0
10164,0.0
10165,0.0
10166,0.0
10167,0.0
10168,0.0
10169,0.0
10170,0.0
10171,0.0
10172,0.0
10173,0.0
10174,0.0
10175,0.0
10176,0.0
10177,0.0
10178,0.0
10179,0.0
10180,0.0
10181,0.0
10182,0.0
10183,0.0
10184,0.0
10185,0.0
10186,0.0
10187,0.0
10188,0.0
10189,0.0
10190,0.0
10191,0.0
10192,0.0
10193,0.0
10194,0.0
10195,0.0
10196,0.0
10197,0.0
10198,0.0
10199,0.0
10200,0.0
10201,0.0
10202,0.0
10203,0.0
10204,0.0
10205,0.0
10206,0.0
10207,0.0
10208,0.0
10209,0.0
10210,0.0
10211,0.0
10212,0.0
10213,0.0
10214,0.0
10215,0.0
10216,4178.747
10217,0.0
10218,0.0
10219,0.0
10220,0.0
10221,0.0
10222,0.0
10223,0.0
10224,0.0
10225,0.0
10226,0.0
10227,0.0
10228,0.0
10229,0.0
10230,0.0
10231,0.0
10232,0.0
10233,0.0
10234,0.0
10235,0.0
10236,0.0
10237,0.0
10238,0.0
10239,0.0
10240,0.0
10241,0.0
10242,0.0
10243,0.0
10244,0.0
10245,0.0
10246,0.0
10247,0.0
10248,0.0
10249,0.0
10250,0.0
10251,0.0
10252,0.0
10253,0.0
10254,0.0
10255,0.0
10256,0.0
10257,11037.295
10258,4196.2466
10259,0.0
10260,0.0
10261,0.0
10262,0.0
10263,0.0
10264,0.0
10265,0.0
10266,0.0
10267,0.0
10268,0.0
10269,0.0
10270,0.0
10271,0.0
10272,0.0
8561,3721.6707
8562,5858.387
8563,8099.9204
8564,5578.6567
8565,6710.2188
8566,5576.614
8567,6581.812
8568,6316.354
8569,3856.6316
8570,5169.7236
8571,5712.451
8572,7188.966
8573,6073.3374
8574,8062.338
8575,4318.2505
8576,4066.3547
8577,4457.369
8578,8333.082
8579,8977.925
8580,8000.153
8581,6808.3223
8582,3867.378
8583,5142.3984
8584,3639.2935
8585,7015.4277
8586,8511.555
8587,8648.181
8588,5030.698
8589,4405.8687
8590,4075.0488
8591,5212.197
8592,9117.278
8593,5837.264
8594,4519.5005
8595,4278.875
8596,6792.107
8597,3511.9326
8598,6653.8335
8599,3823.7212
8600,5860.293
8601,5296.606
8602,4820.5615
8603,7079.244
8604,6090.3696
8605,4313.0347
8606,6233.472
8607,5799.4976
8608,8958.123
8609,5294.505
8610,6861.12
8611,6566.098
8612,7542.3306
8613,5743.555
8614,7409.5913
8615,3697.043
8616,4744.2573
8617,5513.6885
8618,5744.6455
8619,8409.388
8620,6562.78
8621,4731.6665
8622,6284.5693
8623,6136.1543
8624,8337.932
8625,3641.4707
8626,11013.888
8627,3992.0237
8628,5554.355
8629,7029.849
8630,4146.5522
8631,4993.6606
8632,4855.806
8633,6058.8203
8634,4794.7886
8635,4607.7715
8636,7348.346
8637,6656.4106
8638,5128.5454
8639,4404.356
8640,6875.4272
8641,10571.899
8642,6090.6714
8643,4631.9824
8644,5252.9893
8645,5969.7954
8646,5523.78
8647,6890.323
8648,3612.925
8649,6790.9927
8650,5527.2163
8651,6134.668
8652,7512.055
8653,4518.4663
8654,4689.47
8655,4139.5215
8656,6677.319
8657,7523.3057
8658,5030.2905
8659,4468.4375
8660,6262.6685
8661,5310.447
8662,4881.441
8663,8174.903
8664,5713.0776
8665,6953.327
8666,4759.3237
8667,4332.4233
8668,5711.617
8669,6694.058
8670,6497.418
8671,7294.8887
8672,6843.767
8673,5115.403
8674,7605.1997
8675,4978.6406
8676,5668.6646
8677,7719.161
8678,6059.4272
8679,8852.952
8680,7200.412
8681,6175.0464
8682,5020.296
8683,6950.363
8684,6557.974
8685,5705.0835
8686,3700.1123
8687,5230.5996
8688,6413.8003
8689,5478.3916
8690,4067.8677
8691,6950.2437
8692,6095.798
8693,5544.9326
8694,4830.324
8695,4530.8574
8696,6268.2383
8697,5859.818
8698,5001.7886
8699,4891.5557
8700,5395.675
8701,5943.274
8702,3370.9587
8703,6399.0796
8704,4275.766
8705,7229.384
8706,6619.2207
8707,6103.105
8708,10323.178
8709,4200.644
8710,4001.9292
8711,8876.364
8712,5235.4263
8713,7056.808
8714,7183.1943
8715,4603.001
8716,5840.0264
8717,4930.389
8718,7019.196
8719,9434.596
8720,5912.718
8721,2857.313
8722,4330.093
8723,7391.6055
8724,7639.9155
8725,5080.0815
8726,6050.077
8727,4361.191
8728,4594.009
8729,3037.8564
8730,4661.147
8731,5371.514
8732,6398.5063
8733,6322.0923
8734,6020.953
8735,7084.087
8736,7350.3228
8737,6603.72
8738,4246.61
8739,7999.718
8740,8517.279
8741,4733.5806
8742,6927.6353
8743,4411.984
8744,5959.594
8745,3243.8196
8746,5559.4487
8747,4188.6763
8748,7973.894
8749,6284.953
8750,7162.26
8751,7345.431
8752,5169.339
8753,7217.857
8754,15836.857
8755,8313.782
8756,4893.427
8757,2488.235
8758,5359.267
8759,7260.833
8760,4997.0864
8761,11444.819
8762,15702.28
8763,3666.788
8764,4697.5464
8765,6910.5557
8766,4147.3237
8767,7567.8115
8768,5221.776
8769,6587.219
8770,0.0
8771,5814.5303
8772,5031.807
8773,6624.1094
8774,7912.791
8775,5466.3027
8776,5076.8555
8777,6533.338
8778,4389.337
8779,4868.918
8780,7175.648
8781,4709.9077
8782,5142.5503
8783,6118.936
8784,5733.407
8785,4947.547
8786,6469.4536
8787,6056.648
8788,7507.063
8789,7473.378
8790,6568.184
8791,4987.61
8792,3034.3662
8793,5263.5317
8794,6341.418
8795,5513.7886
8796,4035.526
8797,6884.339
8798,5775.837
8799,8014.9546
8800,6216.165
8801,4286.801
8802,4696.283
8803,4261.1567
8804,7880.0815
8805,4573.188
8806,6867.628
8807,12850.208
8808,6553.1343
8809,5736.35
8810,4606.8135
8811,4359.6353
8812,6202.1465
8813,3807.4624
8814,5698.329
8815,8343.532
8816,4749.048
8817,12096.176
8818,11584.832
8819,4485.5195
8820,5898.3765
8821,5123.8755
8822,5877.0137
8823,5318.9736
8824,9407.244
8825,5834.5195
8826,7597.768
8827,3835.993
8828,6695.099
8829,4262.779
8830,7726.741
8831,5645.9194
8832,5445.549
8833,5817.5703
8834,5890.6626
8835,7159.9375
8836,8365.413
8837,5367.268
8838,8140.2866
8839,6067.044
8840,8284.787
8841,4789.18
8842,4301.9697
8843,4475.459
8844,8354.951
8845,5070.786
8846,6802.4414
8847,5797.092
8848,7634.904
8849,4247.8047
8850,7051.392
8851,6084.215
8852,3601.37
8853,10727.988
8854,14063.843
8855,5932.36
8856,5825.5
8857,7392.445
8858,9006.106
8859,9575.455
8860,5349.6655
8861,6932.0503
8862,4544.8735
8863,6901.2812
8864,3848.7007
8865,5150.96
8866,4881.1245
8867,5042.0117
8868,6699.4683
8869,4473.0347
8870,3719.158
8871,6147.742
8872,3470.4429
8873,3966.943
8874,5440.393
8875,5692.462
8876,7715.7163
8877,7774.897
8878,6544.065
8879,5778.2837
8880,5618.6284
8881,9768.852
8882,6004.07
8883,4702.245
8884,4373.03
8885,7713.59
8886,4347.3013
8887,6364.7056
8888,3161.784
8889,4560.2026
8890,6217.991
8891,5601.9907
8892,4416.523
8893,7423.3003
8894,8219.06
8895,9815.671
8896,5540.2534
8897,9103.028
8898,3070.533
8899,4863.1577
8900,6138.2734
8901,3507.4329
8902,7449.395
8903,4589.8125
8904,5079.5293
8905,7877.106
8906,9504.9
8907,7099.9565
8908,4927.145
8909,4094.7148
8910,8367.902
8911,7130.666
8912,5449.893
8913,4658.391
8914,6059.7856
8915,7485.4487
8916,3918.894
8917,5828.34
8918,6226.496
8919,6838.795
8920,11898.941
8921,4479.9736
8922,10310.16
8923,6257.796
8924,4801.7227
8925,3286.345
8926,5078.0854
8927,5136.785
8928,5071.754
8929,6429.9834
8930,4636.54
8931,4332.4688
8932,6294.09
8933,3298.8462
8934,7649.7085
8935,5968.588
8936,7054.4126
8937,7581.249
8938,4183.653
8939,8288.921
8940,6328.5537
8941,5094.547
8942,5236.37
8943,4625.898
8944,9168.396
8945,6236.672
8946,4735.256
8947,6517.3296
8948,7209.3867
8949,6219.587
8950,5152.375
8951,7375.5347
8952,5616.9727
8953,5777.2256
8954,5181.592
8955,7467.3857
8956,5174.5483
8957,5289.6484
8958,4868.8667
8959,4297.3516
8960,3834.321
8961,4592.037
8962,6942.631
8963,7602.683
8964,9006.115
8965,9245.161
8966,6792.2754
8967,5291.4453
8968,5002.0747
8969,9867.277
8970,8889.556
8971,5929.6274
8972,7581.4224
8973,7616.938
8974,5698.182
8975,4045.7207
8976,10021.619
8977,5602.2153
8978,5850.592
8979,5612.6025
8980,1921.1069
8981,9026.798
8982,5222.633
8983,4453.111
8984,4733.368
8985,5815.2627
8986,6492.437
8987,6143.557
8988,6315.9863
8989,4919.547
8990,4115.8853
8991,3937.6453
8992,2918.5063
8993,5883.318
8994,14988.949
8995,4799.369
8996,4882.9404
8997,5827.5005
8998,4544.665
8999,4640.394
9000,4654.3267
9001,3792.166
9002,7205.4
9003,5947.033
9004,3406.1963
9005,7021.2114
9006,3828.919
9007,4390.4175
9008,7838.8145
9009,6427.1016
9010,8701.116
9011,4249.1543
9012,6441.5483
9013,4394.4604
9014,4450.9536
9015,12423.9
9016,8960.738
9017,5986.8853
9018,4877.978
9019,4459.985
9020,4990.1274
9021,4303.1475
9022,8690.284
9023,4873.383
9024,4960.1685
9025,6054.3955
9026,4215.1504
9027,5912.7065
9028,6167.594
9029,6499.8477
9030,5660.981
9031,3776.2827
9032,5289.442
9033,5401.834
9034,7604.895
9035,7671.0215
9036,6347.3423
9037,3833.542
9038,7212.9014
9039,5270.083
9040,4194.97
9041,6371.2773
9042,6098.863
9043,5696.5356
9044,5402.339
9045,6050.4756
9046,5300.558
9047,5300.341
9048,6515.5645
9049,6556.3228
9050,4584.693
9051,8181.377
9052,5305.222
9053,3917.941
9054,9302.558
9055,5139.407
9056,3218.7893
9057,6680.3193
9058,8072.8257
9059,8786.899
9060,4646.187
9061,5127.391
9062,5349.135
9063,6768.4375
9064,5185.4683
9065,7626.1924
9066,2994.9204
9067,5589.4478
9068,5130.0913
9069,5130.6494
9070,4236.5713
9071,6601.9443
9072,6188.809
9073,5371.3755
9074,7471.6104
9075,5634.2886
9076,7152.2656
9077,3811.158
9078,5672.0176
9079,5402.8643
9080,6256.3574
9081,7254.208
9082,3236.9385
9083,7983.8174
9084,5939.1484
9085,6513.2217
9086,4484.762
9087,3507.1719
9088,6788.5576
9089,5041.3193
9090,7940.606
9091,5545.8105
9092,5079.127
9093,6924.8735
9094,5640.822
9095,4694.8813
9096,6999.0127
9097,4502.0356
9098,7339.408
9099,9150.033
9100,6766.617
9101,4077.4636
9102,4644.8047
9103,3592.6238
9104,3057.117
9105,7307.0264
9106,4839.3677
9107,7466.773
9108,3797.6033
9109,5947.538
9110,5256.914
9111,8265.166
9112,4159.5503
9113,4848.7153
9114,4514.076
9115,7191.3794
9116,4536.0205
9117,6261.7427
9118,7060.6123
9119,8801.578
9120,6583.783
9121,6600.572
9122,5431.1484
9123,4163.8457
9124,4937.411
9125,9476.26
9126,7480.8877
9127,6501.224
9128,12756.476
9129,4869.5264
9130,4570.166
9131,5675.806
9132,7225.799
9133,8424.505
9134,5721.509
9135,7166.4146
9136,6808.3096
9137,6379.4927
9138,5631.8115
9139,4484.831
9140,4060.7185
9141,4284.368
9142,4064.2722
9143,4145.2236
9144,7286.0923
9145,13693.737
9146,6093.9375
9147,4652.702
9148,6099.8228
9149,3283.1519
9150,5417.851
9151,3572.8147
9152,8249.689
9153,5762.355
9154,5634.729
9155,10826.852
9156,10814.168
9157,5510.571
9158,6799.2305
9159,3710.0935
9160,5141.1377
9161,5423.5127
9162,7630.8853
9163,4266.8105
9164,3641.6062
9165,5239.643
9166,5282.2773
9167,6135.2646
9168,5873.539
9169,3572.4126
9170,6058.965
9171,7145.6514
9172,5974.4434
9173,3803.2952
9174,3494.315
9175,6536.4043
9176,4435.826
9177,8391.0
9178,3706.535
9179,4475.5015
9180,6067.825
9181,4901.2046
9182,4365.0195
9183,4607.244
9184,5480.6704
9185,8736.616
9186,7566.9165
9187,5152.0215
9188,3806.696
9189,5285.054
9190,5849.1743
9191,4766.893
9192,5658.314
9193,5513.168
9194,10590.499
9195,6291.863
9196,5480.5977
9197,7024.574
9198,4134.3364
9199,8356.625
9200,4880.277
9201,10466.007
9202,5396.138
9203,4662.65
9204,4833.596
9205,4065.513
9206,6928.3486
9207,15139.85
9208,3825.7354
9209,4356.5674
9210,8434.989
9211,5552.8877
9212,6258.351
9213,7147.1235
9214,5196.227
9215,4843.3022
9216,4158.9194
9217,8476.047
9218,5226.495
9219,5891.281
9220,6483.1675
9221,4552.5444
9222,6959.418
9223,5345.9517
9224,3444.8901
9225,7839.525
9226,7937.8496
9227,3764.5896
9228,6610.564
9229,5600.1104
9230,4546.703
9231,8156.67
9232,5949.9443
9233,6766.1655
9234,4305.5864
9235,4229.3154
9236,5955.713
9237,3358.838
9238,7072.6367
9239,3682.1653
9240,5309.0186
9241,4649.184
9242,5261.2983
9243,5941.092
9244,6222.459
9245,5650.774
9246,7432.305
9247,5160.579
9248,6724.5
9249,5584.716
9250,6640.6074
9251,8572.921
9252,6327.4673
9253,2956.3904
9254,5668.6753
9255,6485.864
9256,4153.5156
9257,10462.145
9258,4780.9595
9259,5714.7017
9260,8957.85
9261,5934.924
9262,3483.6875
9263,9487.185
9264,8508.632
9265,4877.7544
9266,6792.457
9267,8354.888
9268,5527.8174
9269,5116.8423
9270,6128.5386
9271,4893.525
9272,5707.4785
9273,6420.509
9274,4293.1724
9275,5671.5957
9276,6436.2544
9277,6063.162
9278,6550.291
9279,5574.5874
9280,5961.6978
9281,3812.4233
9282,6167.559
9283,6009.0654
9284,5675.0806
9285,5952.885
9286,6073.917
9287,8037.3154
9288,5131.628
9289,4548.1694
9290,5371.104
9291,6790.8765
9292,6201.567
9293,4042.8003
9294,3747.6133
9295,6951.185
9296,7167.556
9297,4840.979
9298,6926.6836
9299,5632.5957
9300,5608.76
9301,4408.1475
9302,3079.7502
9303,5453.424
9304,5644.633
9305,5419.784
9306,7975.2554
9307,6626.207
9308,4720.3105
9309,7349.075
9310,3557.0488
9311,3107.0593
9312,6857.044
9313,11119.033
9314,6566.7373
9315,6006.361
9316,3621.6516
9317,6030.287
9318,7203.723
9319,4884.0957
9320,7410.779
9321,4405.6587
9322,4203.001
9323,4910.92
9324,4656.17
9325,5452.836
9326,4159.6216
9327,4001.9712
9328,3817.693
9329,6254.078
9330,5913.801
9331,4438.6704
9332,5851.9536
9333,5672.2017
9334,4769.213
9335,4647.8096
9336,7863.646
9337,6697.654
9338,5241.3125
9339,3367.9758
9340,11593.387
9341,5554.959
9342,4661.876
9343,6818.4473
9344,7187.1006
9345,6541.082
9346,5322.4756
9347,6677.0513
9348,7731.68
9349,11233.472
9350,4319.7173
9351,3979.4883
9352,4496.0703
9353,5489.811
9354,4704.385
9355,7024.8154
9356,7733.074
9357,5478.7
9358,3722.4375
9359,5613.657
9360,8026.705
9361,4377.3955
9362,6152.183
9363,3544.0393
9364,6077.916
9365,6921.3145
9366,6443.816
9367,7326.8604
9368,5829.9414
9369,3824.1553
9370,5437.187
9371,6808.2314
9372,7227.5015
9373,6411.207
9374,6872.333
9375,5303.4307
9376,4427.3296
9377,8392.297
9378,3895.183
9379,9623.376
9380,5294.2925
9381,3847.2102
9382,5857.7446
9383,5329.791
9384,6339.4043
9385,6867.746
9386,3770.8218
9387,4239.6113
9388,6087.8374
9389,6677.8667
9390,9148.934
9391,5329.6084
9392,5673.5273
9393,4644.2197
9394,5675.1455
9395,4507.2007
9396,8851.686
9397,7042.6943
9398,10448.871
9399,4061.265
9400,5497.7812
9401,9122.375
9402,6844.054
9403,4292.345
9404,8594.075
9405,6158.87
9406,4580.2256
9407,4374.5234
9408,4312.537
9409,5052.3286
9410,4718.5957
9411,4182.129
9412,4273.458
9413,6686.056
9414,6071.299
9415,17238.494
9416,5482.8354
7705,3368.2424
7706,5198.245
7707,7448.4214
7708,5147.124
7709,6020.322
7710,5011.698
7711,6148.9033
7712,5743.4893
7713,3463.4944
7714,4690.8525
7715,5059.6206
7716,6584.562
7717,5554.567
7718,7381.1646
7719,3856.3557
7720,3680.0444
7721,3957.6677
7722,7660.8506
7723,8295.73
7724,6968.126
7725,5765.5493
7726,3600.0476
7727,4611.2583
7728,3296.9146
7729,6396.5107
7730,7668.285
7731,8081.4233
7732,4380.031
7733,3893.4817
7734,3803.5745
7735,4525.9155
7736,8060.054
7737,5046.6694
7738,4023.5103
7739,3925.805
7740,6226.0864
7741,3228.6487
7742,5962.022
7743,3279.1392
7744,5207.8633
7745,4516.01
7746,4349.7656
7747,6266.2056
7748,5140.868
7749,3794.5361
7750,5450.787
7751,5231.762
7752,7911.531
7753,4754.0923
7754,6148.0825
7755,5967.7456
7756,6889.804
7757,5250.6797
7758,6804.3755
7759,3415.626
7760,4324.3267
7761,5009.9297
7762,5061.3823
7763,7492.4844
7764,5786.8438
7765,4253.7734
7766,5541.8022
7767,5475.529
7768,7323.22
7769,3230.7654
7770,9908.953
7771,3641.992
7772,5042.685
7773,6468.485
7774,3714.949
7775,4663.8154
7776,4475.028
7777,5494.5312
7778,4268.777
7779,4042.2412
7780,6414.889
7781,5992.044
7782,4614.629
7783,3970.0435
7784,6232.6104
7785,9035.238
7786,5490.4604
7787,4159.832
7788,4759.5146
7789,5557.6353
7790,5054.9077
7791,6034.1133
7792,3308.225
7793,6117.524
7794,5201.727
7795,5471.629
7796,6668.0903
7797,4204.485
7798,3949.4272
7799,3549.6255
7800,6074.2065
7801,6900.8467
7802,4452.6562
7803,3952.2424
7804,5589.5547
7805,4684.0337
7806,4451.9214
7807,7243.83
7808,5139.5396
7809,6208.959
7810,4166.5713
7811,3850.7976
7812,4996.043
7813,6033.613
7814,5878.8022
7815,6492.146
7816,6151.062
7817,4626.8027
7818,6624.9873
7819,4528.554
7820,5272.3706
7821,6762.133
7822,5123.1963
7823,8127.478
7824,6536.174
7825,5425.5513
7826,4449.1025
7827,6205.4365
7828,5751.581
7829,5066.9375
7830,3321.7568
7831,4639.217
7832,6121.4697
7833,4615.461
7834,3631.1824
7835,6275.8237
7836,5521.5254
7837,5085.7446
7838,4486.2686
7839,4199.899
7840,5787.898
7841,5332.873
7842,4394.729
7843,4359.186
7844,4872.774
7845,5247.8306
7846,3059.9968
7847,5759.443
7848,3687.9868
7849,6406.4756
7850,5742.9087
7851,5502.566
7852,8823.364
7853,3802.9287
7854,3589.5955
7855,8080.5522
7856,4815.042
7857,6304.37
7858,6539.1606
7859,4101.5366
7860,5116.6523
7861,4350.031
7862,6564.7705
7863,8726.772
7864,5195.9053
7865,2623.787
7866,3889.3574
7867,6522.84
7868,6705.1963
7869,4249.799
7870,5560.711
7871,3992.199
7872,4223.5986
7873,2859.8928
7874,4182.5317
7875,4799.2227
7876,5514.5405
7877,5832.2163
7878,5441.2393
7879,6534.846
7880,6640.988
7881,5768.9546
7882,3588.243
7883,7377.8145
7884,7537.6133
7885,4128.5825
7886,6266.17
7887,3921.1453
7888,5356.5586
7889,2807.7627
7890,4949.402
7891,3740.0527
7892,7470.641
7893,5603.4497
7894,6540.3955
7895,6702.613
7896,4564.8857
7897,6501.801
7898,14531.817
7899,7647.126
7900,4424.383
7901,2251.8335
7902,4713.557
7903,6767.237
7904,4352.6045
7905,10507.494
7906,14414.803
7907,3264.1396
7908,4407.378
7909,6240.5635
7910,3734.94
7911,6834.4907
7912,4686.072
7913,5761.9097
7914,0.0
7915,4811.9473
7916,4485.2974
7917,6064.319
7918,6870.9497
7919,4881.9204
7920,4413.1836
7921,5940.287
7922,3742.1582
7923,4361.3115
7924,6484.577
7925,4022.2092
7926,4547.2886
7927,5572.9287
7928,5251.6313
7929,4424.48
7930,5760.058
7931,5609.894
7932,6540.7827
7933,6645.2964
7934,6063.7812
7935,4565.556
7936,2664.1758
7937,4739.3633
7938,5635.315
7939,4851.135
7940,3602.425
7941,6237.1777
7942,5308.8667
7943,7214.725
7944,5748.0713
7945,3834.1492
7946,4182.5195
7947,3848.1902
7948,7251.4136
7949,3832.4707
7950,6124.4893
7951,11645.961
7952,5912.5825
7953,5374.1226
7954,3904.7217
7955,4016.259
7956,5733.976
7957,3432.2515
7958,4985.5933
7959,7787.5884
7960,4220.989
7961,10597.704
7962,10651.604
7963,4063.117
7964,5518.0557
7965,4571.2646
7966,5479.4995
7967,4804.2793
7968,8523.317
7969,5522.22
7970,6727.541
7971,3585.5603
7972,6132.24
7973,3685.7395
7974,7197.8853
7975,4913.4546
7976,4737.849
7977,5305.9204
7978,5527.09
7979,6358.298
7980,7693.824
7981,4720.3423
7982,7611.2227
7983,5416.048
7984,7590.0034
7985,4388.592
7986,3856.1829
7987,3922.114
7988,7090.171
7989,4489.3335
7990,6033.6704
7991,5040.632
7992,6827.246
7993,3882.648
7994,6326.598
7995,5632.6387
7996,3346.0454
7997,9897.8545
7998,12692.41
7999,4944.9897
8000,5192.5957
8001,6695.776
8002,8058.14
8003,8884.597
8004,4746.1406
8005,6373.891
8006,4100.062
8007,6022.636
8008,3626.5298
8009,4605.6313
8010,4342.0464
8011,4629.6147
8012,6168.2593
8013,4196.0024
8014,3369.155
8015,5381.6323
8016,3035.1567
8017,3521.356
8018,4875.5684
8019,5259.7476
8020,6606.631
8021,6931.019
8022,6022.636
8023,5172.2637
8024,4887.661
8025,9106.197
8026,5589.3467
8027,4480.602
8028,3801.7607
8029,6819.748
8030,3829.58
8031,5725.035
8032,2898.6309
8033,4120.112
8034,5467.961
8035,4811.782
8036,3834.9795
8037,6588.093
8038,7321.586
8039,9089.147
8040,5092.8174
8041,8021.2637
8042,2845.146
8043,4304.634
8044,5167.1304
8045,3104.7363
8046,6603.1406
8047,4254.24
8048,4645.664
8049,7211.12
8050,8707.575
8051,6425.3853
8052,4487.1416
8053,3602.9575
8054,7405.225
8055,6027.1763
8056,4984.6943
8057,4032.6282
8058,5380.339
8059,6883.0977
8060,3454.6113
8061,5296.04
8062,5593.2026
8063,6313.987
8064,10887.439
8065,3968.4758
8066,9474.598
8067,5499.1396
8068,4328.821
8069,3011.963
8070,4750.507
8071,4352.708
8072,4651.8193
8073,5909.29
8074,3975.0645
8075,3986.3765
8076,5510.0977
8077,3014.0813
8078,6863.4634
8079,5234.6123
8080,6261.51
8081,6875.8145
8082,3623.694
8083,7646.9
8084,5879.105
8085,4487.801
8086,4574.0605
8087,4368.227
8088,8225.797
8089,5521.1567
8090,4096.614
8091,5916.983
8092,6506.5405
8093,5682.003
8094,4500.28
8095,6845.83
8096,5159.979
8097,5220.023
8098,4594.1797
8099,6717.3716
8100,4795.342
8101,4810.456
8102,4219.737
8103,3813.118
8104,3473.0396
8105,4069.257
8106,6142.8657
8107,6853.363
8108,8253.916
8109,8183.6714
8110,6025.814
8111,4656.7114
8112,4562.5303
8113,9254.071
8114,8076.1143
8115,5033.977
8116,7079.9395
8117,6807.4136
8118,5148.278
8119,3670.1616
8120,9160.512
8121,4779.5186
8122,5458.56
8123,4939.5117
8124,1760.8643
8125,8184.2256
8126,4475.4634
8127,3920.9097
8128,4334.73
8129,5187.249
8130,6018.249
8131,5608.423
8132,5283.5977
8133,4489.0596
8134,3474.554
8135,3597.037
8136,2672.0642
8137,5371.8267
8138,14032.772
8139,4336.4956
8140,4440.0977
8141,5297.95
8142,4125.8384
8143,4048.122
8144,4192.382
8145,3546.9954
8146,6321.447
8147,5425.158
8148,3090.8967
8149,6201.7266
8150,3588.1711
8151,3961.15
8152,7186.9775
8153,5848.951
8154,7993.8223
8155,3800.071
8156,5936.441
8157,3892.4158
8158,4073.0474
8159,11441.207
8160,7746.754
8161,5379.7847
8162,4434.904
8163,3852.0137
8164,4550.582
8165,3928.4722
8166,7857.453
8167,4230.881
8168,4152.644
8169,5438.7275
8170,3794.5615
8171,5396.9204
8172,5610.194
8173,5732.1934
8174,4927.1123
8175,3576.02
8176,4684.449
8177,4423.3447
8178,6853.8794
8179,7079.5347
8180,5653.103
8181,3380.7036
8182,6349.5283
8183,4764.77
8184,3823.1304
8185,5799.841
8186,5590.941
8187,5107.0903
8188,4867.655
8189,5564.308
8190,4504.0503
8191,4870.1953
8192,5992.3755
8193,5796.865
8194,3969.0134
8195,7353.3594
8196,4642.324
8197,3594.2314
8198,8556.909
8199,4674.9326
8200,2974.323
8201,6275.1953
8202,7716.3643
8203,7945.129
8204,4182.5913
8205,4620.152
8206,4706.8804
8207,6186.991
8208,4623.2866
8209,6360.943
8210,2719.929
8211,5081.9233
8212,4703.963
8213,4562.678
8214,3655.8176
8215,5843.453
8216,5401.705
8217,4840.7207
8218,7200.6797
8219,4971.3184
8220,6411.6777
8221,3436.3367
8222,4923.0254
8223,4724.829
8224,5731.581
8225,6416.5537
8226,2925.7488
8227,7282.9727
8228,5096.7344
8229,6132.445
8230,4015.401
8231,3180.446
8232,5880.0527
8233,4550.4214
8234,7136.5244
8235,4931.2734
8236,4632.853
8237,6111.925
8238,5214.7876
8239,4166.5195
8240,6205.549
8241,4042.8774
8242,6663.9194
8243,8000.977
8244,6311.2773
8245,3732.1904
8246,3886.891
8247,3111.1226
8248,2829.7893
8249,6550.141
8250,4202.704
8251,7241.4883
8252,3234.466
8253,5456.4834
8254,4682.814
8255,7403.735
8256,3652.2622
8257,4255.831
8258,4091.361
8259,6485.332
8260,3923.4949
8261,5676.867
8262,6562.129
8263,8049.9976
8264,5927.5464
8265,6007.4497
8266,4701.9805
8267,3648.1533
8268,4314.4175
8269,8649.319
8270,6860.5244
8271,5880.0415
8272,11719.077
8273,4478.5464
8274,3928.491
8275,4850.3896
8276,6615.339
8277,7019.892
8278,5129.651
8279,6562.154
8280,5969.1914
8281,5666.859
8282,4943.839
8283,3934.2512
8284,3666.5676
8285,3636.9646
8286,3498.5107
8287,3688.2717
8288,6327.2256
8289,12368.97
8290,5377.158
8291,4223.913
8292,5518.0293
8293,3075.6926
8294,4770.682
8295,3260.6663
8296,7405.423
8297,4895.9717
8298,5097.668
8299,10065.617
8300,10068.19
8301,5180.6377
8302,5912.718
8303,3404.7378
8304,4778.019
8305,5004.9434
8306,6764.3457
8307,3894.3916
8308,3214.38
8309,4579.3125
8310,4784.5454
8311,5565.805
8312,5189.159
8313,3344.4053
8314,5514.3306
8315,6509.2905
8316,5403.349
8317,3387.344
8318,3086.2502
8319,6127.346
8320,3884.1816
8321,7866.752
8322,3251.7544
8323,3771.329
8324,5174.2524
8325,4330.287
8326,3935.8389
8327,3943.7388
8328,4667.9854
8329,8140.473
8330,6875.6567
8331,4629.3145
8332,3385.6318
8333,4698.8687
8334,5555.049
8335,4397.056
8336,5068.591
8337,5099.1025
8338,9482.815
8339,5392.2534
8340,4993.7036
8341,6272.6997
8342,3656.8535
8343,7677.1914
8344,4251.08
8345,9482.137
8346,4819.8716
8347,4233.3276
8348,4211.634
8349,3699.3643
8350,6342.93
8351,13554.134
8352,3534.1406
8353,3819.4744
8354,7710.993
8355,5118.4976
8356,5539.609
8357,6295.363
8358,4662.3696
8359,4138.345
8360,3864.3723
8361,7518.779
8362,4566.876
8363,5416.208
8364,5992.3237
8365,4093.7854
8366,6203.844
8367,4785.472
8368,3154.9353
8369,7262.8623
8370,7291.508
8371,3515.194
8372,5903.7124
8373,5049.804
8374,3890.7046
8375,7228.928
8376,5311.845
8377,6157.32
8378,3910.7942
8379,3753.377
8380,5705.742
8381,2911.354
8382,6562.254
8383,3322.9866
8384,4950.9746
8385,4166.774
8386,4712.204
8387,5341.0483
8388,5973.782
8389,4963.022
8390,6631.183
8391,4381.4937
8392,6265.0522
8393,5227.0034
8394,5866.1147
8395,7511.1167
8396,5869.719
8397,2665.8997
8398,5058.752
8399,5715.236
8400,3779.8362
8401,9183.861
8402,4144.8125
8403,5149.3096
8404,8137.166
8405,5496.198
8406,3150.2588
8407,8084.8076
8408,7889.9263
8409,4568.3745
8410,6197.256
8411,7665.6675
8412,4699.783
8413,4579.5703
8414,5685.001
8415,4310.781
8416,5087.569
8417,5745.829
8418,3861.605
8419,5269.8267
8420,5550.515
8421,5470.434
8422,5702.0044
8423,5117.853
8424,5429.4395
8425,3369.9072
8426,5454.719
8427,5540.2007
8428,5128.824
8429,5352.202
8430,5442.646
8431,7393.975
8432,4587.694
8433,3958.8042
8434,4696.2295
8435,6034.873
8436,5676.889
8437,3682.6045
8438,3457.8523
8439,6599.508
8440,6455.129
8441,4367.0854
8442,6187.292
8443,5005.3823
8444,5036.7817
8445,3949.303
8446,2879.8794
8447,4834.7217
8448,5084.92
8449,4994.2466
8450,7314.892
8451,6282.208
8452,4250.7275
8453,6850.0693
8454,3315.4631
8455,2980.7712
8456,6134.8086
8457,10004.353
8458,5988.9697
8459,5449.8823
8460,3213.46
8461,5487.6333
8462,6476.8384
8463,4397.727
8464,6559.225
8465,3965.5317
8466,3748.9363
8467,4287.0503
8468,4127.452
8469,5056.76
8470,3708.6428
8471,3569.391
8472,3416.229
8473,5649.184
8474,5310.9434
8475,3770.919
8476,5246.8447
8477,5021.225
8478,4354.5728
8479,4255.3564
8480,6759.612
8481,6004.8027
8482,4693.708
8483,3068.3337
8484,10943.084
8485,5003.3013
8486,4106.716
8487,5899.153
8488,6377.8867
8489,5742.476
8490,4742.574
8491,6032.8184
8492,6842.1094
8493,9575.82
8494,3913.6714
8495,3592.8396
8496,3940.6477
8497,4982.9023
8498,4128.236
8499,6396.407
8500,6991.88
8501,4831.0107
8502,3433.866
8503,4840.8774
8504,7206.891
8505,3953.86
8506,5243.5625
8507,3333.763
8508,5513.147
8509,6203.371
8510,5767.0728
8511,6753.631
8512,5259.8984
8513,3400.1807
8514,4851.047
8515,6364.1714
8516,6680.4785
8517,5786.1816
8518,5981.5195
8519,4653.4614
8520,3925.9922
8521,7576.406
8522,3553.2505
8523,9131.42
8524,4515.3037
8525,3427.9976
8526,5445.512
8527,4902.4766
8528,5970.558
8529,6374.317
8530,3382.0195
8531,3814.959
8532,5225.5776
8533,5874.032
8534,8034.403
8535,4752.646
8536,5074.7686
8537,4262.5757
8538,5130.698
8539,4098.0127
8540,7878.9165
8541,6348.4688
8542,9370.797
8543,3420.1516
8544,4922.5933
8545,8504.819
8546,6315.107
8547,3869.2783
8548,7962.061
8549,5506.9873
8550,4164.5327
8551,3658.6018
8552,3922.6155
8553,4595.31
8554,4028.38
8555,3746.58
8556,3780.8025
8557,6052.3228
8558,5625.036
8559,16051.02
8560,5069.8047
6849,3282.5068
6850,5191.2783
6851,7099.4756
6852,4936.8506
6853,5927.4727
6854,4835.1367
6855,6201.478
6856,5737.554
6857,3531.4514
6858,4434.57
6859,5155.6396
6860,6456.878
6861,5572.493
6862,6939.473
6863,3840.3757
6864,3656.707
6865,3967.208
6866,7523.8726
6867,8155.1064
6868,6769.5415
6869,5876.7446
6870,3575.4502
6871,4638.093
6872,3280.6316
6873,6351.6606
6874,7569.421
6875,7849.0864
6876,4474.695
6877,3840.262
6878,3877.285
6879,4697.0493
6880,7879.112
6881,4921.551
6882,4160.709
6883,3961.4448
6884,6082.5205
6885,3033.6426
6886,6080.212
6887,3258.3591
6888,5334.084
6889,4626.273
6890,4283.5796
6891,6278.3804
6892,5239.858
6893,3898.5657
6894,5199.237
6895,5152.69
6896,8034.564
6897,4846.9995
6898,6018.542
6899,6010.195
6900,6838.0903
6901,5188.1943
6902,6766.914
6903,3339.3682
6904,4013.2832
6905,4887.8896
6906,5197.799
6907,7397.8125
6908,5784.8237
6909,4081.3354
6910,5640.908
6911,5478.2246
6912,7204.7676
6913,3122.639
6914,9827.211
6915,3712.1504
6916,4781.2925
6917,6514.9805
6918,3771.9514
6919,4725.117
6920,4421.408
6921,5484.5093
6922,4359.34
6923,4110.502
6924,6412.436
6925,5986.434
6926,4443.2246
6927,3986.1064
6928,6171.131
6929,9110.628
6930,5367.616
6931,4139.94
6932,4860.449
6933,5470.7363
6934,5046.409
6935,6255.2417
6936,3226.1426
6937,6158.33
6938,5079.6357
6939,5429.0874
6940,6679.918
6941,4004.633
6942,4008.2332
6943,3601.0505
6944,6171.9316
6945,6745.4873
6946,4230.4736
6947,3881.7776
6948,5745.1772
6949,4754.8677
6950,4416.472
6951,7154.21
6952,5028.3525
6953,6220.02
6954,4225.521
6955,3797.7266
6956,4958.782
6957,5888.2134
6958,5695.069
6959,6419.3022
6960,6335.765
6961,4422.18
6962,6791.55
6963,4410.145
6964,4953.3174
6965,6887.3403
6966,5100.421
6967,7852.4414
6968,6695.0605
6969,5288.105
6970,4520.078
6971,6213.2363
6972,5743.632
6973,4986.7017
6974,3311.7268
6975,4673.844
6976,5988.0615
6977,4549.6924
6978,3627.9727
6979,6205.33
6980,5407.216
6981,5113.9883
6982,4486.936
6983,3989.4084
6984,5645.979
6985,5389.333
6986,4361.2324
6987,4520.475
6988,4655.7256
6989,5261.479
6990,3007.7737
6991,5340.687
6992,3729.852
6993,6457.3706
6994,5839.6084
6995,5450.1426
6996,8642.161
6997,3816.9175
6998,3720.8328
6999,7927.4917
7000,4760.2046
7001,6325.7656
7002,6330.6064
7003,4206.8193
7004,5146.5693
7005,4384.7505
7006,6279.644
7007,8634.779
7008,5146.967
7009,2491.908
7010,3889.5986
7011,6549.179
7012,6712.0557
7013,4354.2363
7014,5500.388
7015,4073.6924
7016,4025.1226
7017,2683.6064
7018,4046.3616
7019,4863.6724
7020,5537.0625
7021,5634.3477
7022,5183.7124
7023,6707.883
7024,6787.949
7025,6004.247
7026,3761.8757
7027,7258.361
7028,7574.5415
7029,4092.212
7030,6047.083
7031,3918.3782
7032,5482.5005
7033,2789.2715
7034,4943.9897
7035,3845.4895
7036,7285.189
7037,5601.7666
7038,6576.5215
7039,6515.204
7040,4521.29
7041,6443.398
7042,14083.064
7043,7589.135
7044,4256.631
7045,2202.7253
7046,4782.7935
7047,6842.8926
7048,4397.3037
7049,10371.13
7050,14171.289
7051,3315.7764
7052,4148.2695
7053,6301.6045
7054,3676.6338
7055,6850.422
7056,4616.029
7057,5619.127
7058,0.0
7059,4868.2954
7060,4415.4067
7061,5853.796
7062,6908.7695
7063,5118.322
7064,4434.0454
7065,5862.5464
7066,3812.6816
7067,4424.9272
7068,6535.781
7069,4178.03
7070,4567.294
7071,5470.5693
7072,5167.1797
7073,4545.7925
7074,5783.853
7075,5512.763
7076,6572.402
7077,6632.8594
7078,6076.4204
7079,4537.7476
7080,2700.6604
7081,4763.7114
7082,5646.264
7083,4910.4517
7084,3647.9028
7085,6193.3794
7086,5262.1616
7087,7131.149
7088,5748.9487
7089,3916.8796
7090,4034.7947
7091,3762.5361
7092,7215.964
7093,4079.2375
7094,6080.734
7095,11276.969
7096,6017.7896
7097,5263.065
7098,3971.2668
7099,3906.078
7100,5572.78
7101,3493.8281
7102,4814.3438
7103,7732.4253
7104,4248.21
7105,10124.842
7106,10525.147
7107,4189.144
7108,5353.2437
7109,4440.5977
7110,5360.7705
7111,4750.072
7112,8506.385
7113,5598.348
7114,6431.6396
7115,3502.9924
7116,6132.48
7117,3785.8264
7118,7148.1733
7119,4987.396
7120,4740.4307
7121,5395.109
7122,5346.6655
7123,6442.3105
7124,7587.695
7125,4785.76
7126,7495.615
7127,5455.8535
7128,7170.161
7129,4318.63
7130,3899.5142
7131,3893.9534
7132,7011.581
7133,4588.381
7134,6026.808
7135,5008.162
7136,6775.9043
7137,3864.9438
7138,6254.5376
7139,5630.63
7140,3192.962
7141,10010.557
7142,12679.887
7143,5073.1763
7144,5101.7007
7145,6454.5317
7146,7829.25
7147,8768.799
7148,4476.71
7149,6042.9546
7150,4203.715
7151,6093.461
7152,3464.132
7153,4633.9136
7154,4255.0923
7155,4679.01
7156,6115.978
7157,4141.3423
7158,3349.1592
7159,5506.189
7160,3147.9905
7161,3566.4707
7162,4819.1865
7163,5227.482
7164,6857.0967
7165,7017.9644
7166,5819.624
7167,5284.7515
7168,5041.646
7169,9193.045
7170,5548.5884
7171,4447.367
7172,3793.3528
7173,6963.6343
7174,3748.357
7175,5697.307
7176,2774.166
7177,4041.632
7178,5385.566
7179,4925.4067
7180,3967.0981
7181,6710.2124
7182,7433.035
7183,9010.067
7184,4897.485
7185,7923.863
7186,2723.6707
7187,4129.26
7188,5216.7725
7189,3125.1272
7190,6705.1836
7191,3973.313
7192,4485.0703
7193,6919.3145
7194,8488.319
7195,6498.695
7196,4379.96
7197,3643.587
7198,7346.9937
7199,6287.052
7200,4908.6343
7201,4111.0195
7202,5470.6006
7203,6512.458
7204,3547.3577
7205,5106.1455
7206,5805.043
7207,6077.864
7208,10638.973
7209,3956.9277
7210,9374.337
7211,5495.59
7212,4258.5522
7213,2785.381
7214,4733.3096
7215,4334.519
7216,4585.3096
7217,5941.834
7218,4017.1824
7219,3860.975
7220,5435.1494
7221,2924.895
7222,6752.652
7223,5223.664
7224,6050.487
7225,6848.7427
7226,3686.0735
7227,7485.1914
7228,5881.4775
7229,4521.8076
7230,4637.2344
7231,4350.417
7232,8170.3037
7233,5368.4355
7234,3930.7175
7235,5779.717
7236,6493.9546
7237,5679.4673
7238,4400.648
7239,6630.5317
7240,5158.276
7241,5093.9883
7242,4640.4336
7243,6846.4897
7244,4652.3516
7245,4693.059
7246,4304.921
7247,3803.6543
7248,3376.1753
7249,4201.2695
7250,6258.679
7251,6762.8296
7252,8385.735
7253,8091.056
7254,6213.4023
7255,4491.7407
7256,4437.7603
7257,9006.115
7258,8018.426
7259,5139.966
7260,7011.568
7261,6452.1987
7262,5102.82
7263,3486.54
7264,8992.262
7265,4843.1406
7266,5284.8174
7267,4895.6167
7268,1704.1545
7269,7946.2354
7270,4625.5405
7271,3941.926
7272,4205.5117
7273,5239.473
7274,5765.7637
7275,5456.4155
7276,5531.6147
7277,4447.4097
7278,3535.2905
7279,3498.9146
7280,2486.8682
7281,5338.685
7282,13630.6455
7283,4400.4634
7284,4522.028
7285,5417.169
7286,4115.3867
7287,3894.9937
7288,4305.578
7289,3465.7417
7290,6403.067
7291,5351.3037
7292,3084.8638
7293,6303.6006
7294,3546.5183
7295,3794.254
7296,7035.712
7297,6040.442
7298,7932.2793
7299,3659.9666
7300,5613.9033
7301,3964.938
7302,3940.1365
7303,11296.755
7304,7822.1743
7305,5410.4766
7306,4326.9097
7307,3961.5542
7308,4442.127
7309,3789.9817
7310,7887.3228
7311,4219.6157
7312,4199.8867
7313,5610.8735
7314,3786.7256
7315,5353.964
7316,5467.466
7317,5864.6772
7318,5013.099
7319,3374.456
7320,4556.133
7321,4538.358
7322,6943.9487
7323,6809.2837
7324,5771.0347
7325,3289.8237
7326,6312.433
7327,4685.835
7328,3667.096
7329,5566.41
7330,5656.997
7331,4938.0986
7332,4991.675
7333,5288.912
7334,4574.2964
7335,4814.16
7336,5812.052
7337,5877.563
7338,3986.8784
7339,7147.5464
7340,4777.709
7341,3559.802
7342,8659.984
7343,4537.544
7344,3003.2234
7345,6026.8027
7346,7674.8047
7347,7704.2666
7348,4172.553
7349,4564.2104
7350,4715.324
7351,6173.3267
7352,4507.523
7353,6459.4033
7354,2681.5796
7355,4969.948
7356,4605.456
7357,4388.663
7358,3527.5525
7359,5899.693
7360,5439.5166
7361,4750.0854
7362,7047.761
7363,4955.983
7364,6314.908
7365,3424.0593
7366,4852.472
7367,4730.773
7368,5847.6235
7369,6257.468
7370,2924.3955
7371,7113.4727
7372,5083.562
7373,5992.2954
7374,3922.4958
7375,3174.6958
7376,5989.7695
7377,4294.073
7378,7154.8584
7379,4950.9365
7380,4570.9204
7381,6268.872
7382,5159.1323
7383,4099.7295
7384,6263.899
7385,3991.7153
7386,6540.3457
7387,7934.1333
7388,6223.842
7389,3651.3425
7390,3998.0945
7391,3186.0427
7392,2688.5857
7393,6316.878
7394,4427.883
7395,6926.472
7396,3220.4756
7397,5453.1895
7398,4646.6704
7399,7312.618
7400,3717.8667
7401,4321.028
7402,4010.13
7403,6339.1743
7404,3938.1523
7405,5668.086
7406,6548.8604
7407,7812.4067
7408,5958.7812
7409,5925.726
7410,4728.03
7411,3554.7898
7412,4283.31
7413,8370.593
7414,6850.69
7415,5824.144
7416,11631.753
7417,4393.97
7418,4005.7676
7419,4713.445
7420,6806.868
7421,6882.809
7422,5218.5293
7423,6586.126
7424,6044.315
7425,5647.8857
7426,5122.2046
7427,3975.7927
7428,3666.4243
7429,3762.913
7430,3278.0852
7431,3749.4048
7432,6270.893
7433,11931.853
7434,5154.99
7435,4114.1973
7436,5394.445
7437,3119.7773
7438,4820.382
7439,3244.163
7440,7296.378
7441,4983.6675
7442,4937.9194
7443,9846.444
7444,9867.927
7445,5109.624
7446,5781.3706
7447,3295.7732
7448,4631.1343
7449,4640.7036
7450,6769.2637
7451,3884.2446
7452,3267.7349
7453,4641.2793
7454,4765.2383
7455,5392.454
7456,5286.0474
7457,3235.3054
7458,5739.3765
7459,6369.181
7460,5307.3984
7461,3407.3403
7462,3064.7793
7463,5961.9424
7464,3883.985
7465,7850.6665
7466,3273.507
7467,3743.415
7468,5149.5303
7469,4418.929
7470,3900.0908
7471,3967.5864
7472,4603.22
7473,7938.7354
7474,6794.6987
7475,4672.084
7476,3310.0022
7477,4718.6406
7478,5356.1807
7479,4202.8086
7480,5037.9927
7481,4934.106
7482,9280.871
7483,5461.878
7484,5056.176
7485,6027.1475
7486,3773.877
7487,7562.645
7488,4281.243
7489,9464.933
7490,4845.3403
7491,4240.9624
7492,4000.5896
7493,3681.5051
7494,6223.67
7495,13418.563
7496,3449.698
7497,3916.1624
7498,7160.791
7499,5179.699
7500,5435.274
7501,6487.8687
7502,4724.748
7503,4118.4893
7504,3637.905
7505,7554.8223
7506,4655.69
7507,5435.8027
7508,6009.255
7509,4099.6514
7510,6177.5327
7511,4983.915
7512,3143.1953
7513,6821.973
7514,6938.2417
7515,3447.8423
7516,6056.18
7517,5168.057
7518,3982.6023
7519,7216.322
7520,5478.496
7521,6036.203
7522,3868.599
7523,3699.0396
7524,5717.777
7525,3003.5786
7526,6357.928
7527,3296.3076
7528,4892.834
7529,3979.0327
7530,4696.655
7531,5313.3906
7532,5790.996
7533,5002.7476
7534,6689.967
7535,4544.4136
7536,6136.3184
7537,5246.9346
7538,5802.2754
7539,7470.4062
7540,5776.0684
7541,2637.938
7542,5014.754
7543,5529.895
7544,3779.9658
7545,9092.086
7546,4202.323
7547,5054.416
7548,8007.1455
7549,5486.9893
7550,3117.8257
7551,7827.0996
7552,7922.6616
7553,4596.599
7554,6174.6343
7555,7534.7236
7556,4876.103
7557,4529.332
7558,5595.796
7559,4273.4253
7560,5000.4575
7561,5891.7974
7562,3742.7937
7563,5226.126
7564,5659.8794
7565,5282.5444
7566,5572.036
7567,5099.302
7568,5426.3794
7569,3365.307
7570,5356.9365
7571,5471.775
7572,5191.0654
7573,5274.2974
7574,5438.0015
7575,7225.082
7576,4699.51
7577,4067.2158
7578,4698.1157
7579,6131.3276
7580,5655.303
7581,3634.9565
7582,3349.5903
7583,6496.9717
7584,6290.255
7585,4351.654
7586,6131.62
7587,5119.4546
7588,5145.8037
7589,3938.9377
7590,2826.0986
7591,4819.053
7592,5125.1123
7593,4818.6353
7594,7098.5005
7595,6253.44
7596,4137.9463
7597,6714.265
7598,3368.162
7599,2796.8684
7600,6112.9624
7601,9415.313
7602,6065.5625
7603,5332.9697
7604,3266.5288
7605,5480.9946
7606,6442.8203
7607,4424.1504
7608,6359.329
7609,3998.3386
7610,3704.4424
7611,4255.7056
7612,4131.084
7613,4821.173
7614,3670.3052
7615,3674.3303
7616,3398.005
7617,5710.2666
7618,5181.3447
7619,3822.3828
7620,5139.0737
7621,5141.506
7622,4360.1675
7623,4232.4834
7624,6783.3735
7625,6006.1777
7626,4835.999
7627,3021.368
7628,10072.781
7629,5016.969
7630,3948.286
7631,5873.231
7632,6455.905
7633,5644.089
7634,4736.8687
7635,5760.3545
7636,6588.9346
7637,9335.453
7638,3845.7244
7639,3474.5107
7640,4029.337
7641,4951.187
7642,4042.0793
7643,6439.3003
7644,6938.123
7645,4800.6006
7646,3372.9304
7647,4941.887
7648,7323.905
7649,4024.7156
7650,5366.4595
7651,3309.3108
7652,5537.6914
7653,5927.6597
7654,5569.5864
7655,6575.38
7656,5011.918
7657,3468.7947
7658,5044.5903
7659,5964.5703
7660,6639.1826
7661,5774.2065
7662,6075.6553
7663,4650.985
7664,3809.5986
7665,7419.874
7666,3493.3484
7667,9083.505
7668,4564.52
7669,3525.571
7670,5504.33
7671,4896.9805
7672,5907.43
7673,6208.071
7674,3315.3586
7675,3697.1453
7676,5092.9585
7677,5842.8677
7678,7868.1025
7679,4828.9233
7680,4953.601
7681,4215.1343
7682,5183.208
7683,4004.2585
7684,8011.561
7685,6379.9736
7686,9097.829
7687,3548.18
7688,4875.559
7689,8267.808
7690,6190.958
7691,3677.4685
7692,7899.263
7693,5363.7573
7694,4248.6963
7695,3784.4363
7696,3866.6216
7697,4304.999
7698,4005.5193
7699,3643.5312
7700,3774.3486
7701,6006.3955
7702,5607.3853
7703,15776.525
7704,5157.2725
5993,3270.2578
5994,5279.013
5995,7289.512
5996,4964.7646
5997,5836.312
5998,4822.8286
5999,6274.8364
6000,5656.1665
6001,3536.3936
6002,4525.234
6003,5325.3496
6004,6557.0044
6005,5464.0195
6006,7143.682
6007,3769.3293
6008,3701.4717
6009,4111.0786
6010,7481.744
6011,8007.7104
6012,6817.739
6013,5778.625
6014,3636.6594
6015,4911.4727
6016,3399.1624
6017,6328.071
6018,7882.389
6019,7985.8965
6020,4523.1406
6021,3879.601
6022,3763.4836
6023,4969.678
6024,7903.7397
6025,5154.597
6026,4286.6494
6027,4036.0264
6028,6043.185
6029,3048.2842
6030,6305.5186
6031,3250.6843
6032,5402.277
6033,4794.9214
6034,4377.6377
6035,6494.252
6036,5268.032
6037,3830.1792
6038,5221.3027
6039,5056.779
6040,8101.296
6041,4898.4473
6042,6211.032
6043,5823.2554
6044,7003.1597
6045,5310.7256
6046,6881.391
6047,3518.6765
6048,4173.202
6049,4935.419
6050,5282.4185
6051,7517.0435
6052,5944.884
6053,4225.0854
6054,5635.0894
6055,5320.212
6056,7573.8047
6057,3174.6624
6058,10014.481
6059,3760.236
6060,4853.5
6061,6364.4746
6062,3895.9968
6063,4577.8887
6064,4547.3364
6065,5559.258
6066,4447.066
6067,4097.962
6068,6515.1606
6069,5981.137
6070,4425.48
6071,4018.75
6072,6034.286
6073,9209.685
6074,5377.384
6075,4146.315
6076,5030.708
6077,5378.0303
6078,5163.002
6079,6233.651
6080,3277.541
6081,6212.1816
6082,4955.8315
6083,5544.1763
6084,6513.129
6085,4058.2559
6086,4104.519
6087,3694.7195
6088,6209.9424
6089,6804.8037
6090,4255.328
6091,4011.825
6092,5701.3516
6093,4796.2935
6094,4405.0957
6095,7454.9316
6096,5140.3286
6097,6308.8936
6098,4359.939
6099,3883.4888
6100,4969.176
6101,6157.549
6102,5637.0947
6103,6560.627
6104,6340.112
6105,4330.279
6106,7154.872
6107,4372.98
6108,5245.854
6109,7056.7344
6110,4924.824
6111,7901.569
6112,6686.6685
6113,5406.2666
6114,4668.7114
6115,6150.8335
6116,6014.731
6117,4988.3047
6118,3205.16
6119,4764.202
6120,6026.6875
6121,4629.871
6122,3755.2964
6123,6272.293
6124,5242.8926
6125,5074.6187
6126,4484.4756
6127,4125.854
6128,5678.3564
6129,5295.591
6130,4475.2925
6131,4435.7417
6132,4552.21
6133,5311.4805
6134,2996.8325
6135,5447.746
6136,3782.0652
6137,6640.7847
6138,5653.982
6139,5343.8613
6140,8744.053
6141,3686.3442
6142,3898.1829
6143,7850.876
6144,4739.137
6145,6333.469
6146,6495.435
6147,4401.3613
6148,5229.013
6149,4444.403
6150,6294.678
6151,8598.445
6152,5394.6147
6153,2484.717
6154,3950.505
6155,6566.155
6156,6683.2124
6157,4332.0884
6158,5448.339
6159,3956.1804
6160,4193.218
6161,2719.6382
6162,4068.0347
6163,5033.746
6164,5446.354
6165,5605.4116
6166,5033.0884
6167,6711.499
6168,7042.936
6169,5992.141
6170,3965.025
6171,7207.8745
6172,7726.2915
6173,4271.2573
6174,5795.085
6175,4019.0183
6176,5551.6377
6177,2958.8848
6178,5021.8096
6179,3869.2783
6180,7238.5947
6181,5413.047
6182,6619.5176
6183,6625.6196
6184,4615.0737
6185,6537.1714
6186,13925.048
6187,7692.474
6188,4258.491
6189,2210.0195
6190,4729.762
6191,6819.7676
6192,4414.4717
6193,10437.477
6194,14011.174
6195,3255.516
6196,4172.573
6197,6508.7876
6198,3639.0955
6199,6786.9326
6200,4796.623
6201,5750.6816
6202,3472.2676
6203,5010.5986
6204,4727.3716
6205,5876.5596
6206,6715.392
6207,5276.1187
6208,4511.769
6209,5651.248
6210,3818.804
6211,4278.1157
6212,6588.1304
6213,4288.4736
6214,4625.62
6215,5387.94
6216,5202.6104
6217,4414.5854
6218,5823.1997
6219,5427.689
6220,6896.3394
6221,6416.9824
6222,6072.0864
6223,4508.727
6224,2830.2537
6225,4789.719
6226,5504.477
6227,4922.56
6228,3678.5457
6229,6271.3896
6230,5344.718
6231,7301.6895
6232,5587.5234
6233,4094.7578
6234,4225.279
6235,3886.9912
6236,7183.4614
6237,4117.0356
6238,6129.8364
6239,11276.84
6240,6050.8853
6241,5627.306
6242,4021.9023
6243,3932.469
6244,5569.8574
6245,3458.6936
6246,4906.252
6247,7810.41
6248,4394.1084
6249,10151.811
6250,10271.733
6251,4215.0337
6252,5310.4165
6253,4460.338
6254,5425.4736
6255,4776.7793
6256,8607.98
6257,5677.788
6258,6591.166
6259,3571.9014
6260,6137.7583
6261,3941.7566
6262,7066.7026
6263,4917.736
6264,4739.843
6265,5489.7065
6266,5310.7812
6267,6477.5303
6268,7636.0693
6269,4865.979
6270,7528.4595
6271,5512.7266
6272,7119.7856
6273,4415.6426
6274,3834.7197
6275,4055.7595
6276,7008.2715
6277,4678.4297
6278,6310.97
6279,4882.27
6280,6792.5605
6281,3900.9094
6282,6123.5664
6283,5657.267
6284,3260.0193
6285,9910.522
6286,12673.37
6287,5170.976
6288,5267.7056
6289,6335.8076
6290,7609.938
6291,8738.608
6292,4617.495
6293,6017.933
6294,4433.0303
6295,6269.147
6296,3501.4321
6297,4577.7534
6298,4194.806
6299,4667.865
6300,6124.9272
6301,4064.2566
6302,3403.8154
6303,5560.0317
6304,3143.4111
6305,3469.9663
6306,4719.442
6307,5108.489
6308,7039.9272
6309,7022.8926
6310,5850.257
6311,5432.7446
6312,5027.6567
6313,9194.686
6314,5406.308
6315,4517.4014
6316,3831.473
6317,6974.469
6318,3717.6042
6319,5689.6553
6320,2782.9429
6321,4024.7385
6322,5554.6465
6323,5041.098
6324,4111.6943
6325,6873.362
6326,7395.724
6327,9062.175
6328,4996.739
6329,7951.148
6330,2706.3372
6331,4243.8643
6332,5158.04
6333,3166.9128
6334,6872.3394
6335,4068.9387
6336,4424.699
6337,6798.459
6338,8479.184
6339,6774.173
6340,4378.644
6341,3794.7822
6342,7286.9053
6343,6195.3057
6344,4800.1475
6345,4198.381
6346,5458.8
6347,6678.064
6348,3654.029
6349,5019.8267
6350,5829.0073
6351,6347.6753
6352,10856.942
6353,4120.6816
6354,9289.692
6355,5619.1963
6356,4286.085
6357,2931.7058
6358,4809.0063
6359,4515.3853
6360,4626.026
6361,6029.419
6362,4067.5767
6363,3865.0435
6364,5501.3696
6365,2922.0752
6366,6622.972
6367,5168.062
6368,6108.696
6369,6928.0513
6370,3779.2268
6371,7567.5874
6372,5716.381
6373,4452.809
6374,4656.4673
6375,4281.382
6376,8042.837
6377,5384.169
6378,3973.3206
6379,5792.5537
6380,6660.043
6381,5528.3657
6382,4440.4873
6383,6576.0825
6384,5134.8354
6385,5083.6006
6386,4793.1743
6387,6911.4126
6388,4630.476
6389,4813.972
6390,4496.0874
6391,4007.1436
6392,3368.5125
6393,4438.12
6394,6383.1753
6395,7080.3853
6396,8408.072
6397,8218.849
6398,6488.3145
6399,4495.629
6400,4404.457
6401,9060.723
6402,8130.3857
6403,5060.2866
6404,6861.153
6405,6458.393
6406,5041.396
6407,3559.9922
6408,8924.914
6409,4814.6978
6410,5305.561
6411,4966.5312
6412,1747.802
6413,8033.2764
6414,4784.8423
6415,4047.3845
6416,4295.9253
6417,5238.8135
6418,5656.1284
6419,5373.2925
6420,5788.997
6421,4439.149
6422,3660.19
6423,3451.1956
6424,2534.418
6425,5528.376
6426,13721.4795
6427,4286.817
6428,4568.6494
6429,5191.496
6430,4199.6025
6431,3920.7861
6432,4331.266
6433,3448.2898
6434,6569.281
6435,5490.5283
6436,3129.6292
6437,6266.911
6438,3871.2534
6439,3904.7217
6440,7049.4688
6441,6026.0728
6442,7979.516
6443,3867.6213
6444,5612.9985
6445,3996.15
6446,3963.7847
6447,11037.727
6448,7891.3257
6449,5436.4043
6450,4361.715
6451,4047.1335
6452,4524.8755
6453,3967.0603
6454,8049.8286
6455,4326.1294
6456,4212.4614
6457,5821.056
6458,3976.5322
6459,5355.0054
6460,5418.0527
6461,6015.6953
6462,5120.348
6463,3346.4795
6464,4613.2515
6465,4634.6123
6466,6915.9297
6467,6889.0747
6468,5870.3184
6469,3325.7424
6470,6191.5015
6471,4753.1494
6472,3795.025
6473,5678.801
6474,5745.873
6475,4972.044
6476,4979.6953
6477,5385.6274
6478,4649.468
6479,4822.277
6480,5860.0586
6481,5852.004
6482,3937.1382
6483,7417.2773
6484,4767.9663
6485,3596.6836
6486,8792.08
6487,4539.9946
6488,2815.6033
6489,6221.7524
6490,7840.2573
6491,7665.243
6492,4129.1416
6493,4627.1514
6494,4580.0156
6495,6005.983
6496,4777.372
6497,6627.7686
6498,2679.8455
6499,4927.164
6500,4794.011
6501,4435.1113
6502,3648.2126
6503,5889.8926
6504,5601.382
6505,4614.184
6506,6810.401
6507,4861.59
6508,6395.803
6509,3455.4255
6510,4773.236
6511,4721.459
6512,6098.473
6513,6094.5767
6514,3215.904
6515,7074.175
6516,5184.429
6517,6050.4985
6518,3929.3604
6519,3224.4995
6520,5897.431
6521,4473.466
6522,7102.3135
6523,5109.351
6524,4556.2373
6525,6234.061
6526,5103.91
6527,4139.6675
6528,5965.139
6529,4059.0728
6530,6421.721
6531,8108.949
6532,6142.0454
6533,3826.1038
6534,4034.179
6535,3272.9138
6536,2627.5996
6537,6320.458
6538,4487.347
6539,6940.082
6540,3373.7544
6541,5529.457
6542,4685.1196
6543,7108.508
6544,3727.2415
6545,4280.957
6546,4188.6885
6547,6352.297
6548,4053.2031
6549,5701.7324
6550,6522.205
6551,7804.0728
6552,6014.691
6553,5881.9375
6554,4831.2363
6555,3677.4475
6556,4480.9395
6557,8415.413
6558,6937.19
6559,5552.305
6560,11743.065
6561,4290.0894
6562,4031.536
6563,4684.7666
6564,6900.3135
6565,7111.8853
6566,5264.7925
6567,6531.73
6568,6088.755
6569,5466.0474
6570,5169.546
6571,4159.003
6572,3765.6096
6573,3873.3774
6574,3247.5352
6575,3773.816
6576,6427.8496
6577,11900.349
6578,5068.968
6579,4189.887
6580,5218.4497
6581,3127.4177
6582,5065.4155
6583,3525.645
6584,7463.142
6585,5080.552
6586,5050.782
6587,9858.003
6588,9858.529
6589,5100.995
6590,6009.3867
6591,3225.5703
6592,4570.4365
6593,4685.392
6594,6968.7505
6595,3802.3845
6596,3337.7278
6597,4565.543
6598,4919.331
6599,5468.253
6600,5218.624
6601,3225.447
6602,5788.0527
6603,6295.753
6604,5477.8745
6605,3433.0308
6606,3065.6538
6607,6034.85
6608,4047.871
6609,7743.0747
6610,3454.5818
6611,4130.41
6612,5191.887
6613,4512.479
6614,3914.4556
6615,4207.6943
6616,4493.2837
6617,7794.93
6618,6792.664
6619,4773.4546
6620,3343.3494
6621,4677.912
6622,5291.344
6623,4187.6255
6624,4990.175
6625,4879.56
6626,9146.369
6627,5331.21
6628,5072.8765
6629,6106.896
6630,3723.3538
6631,7531.275
6632,4328.284
6633,9581.01
6634,4764.0156
6635,4350.703
6636,4013.337
6637,3861.7524
6638,6184.619
6639,13861.802
6640,3434.0723
6641,4145.3384
6642,7255.1216
6643,5114.437
6644,5394.8
6645,6541.687
6646,4838.957
6647,4116.651
6648,3668.5688
6649,7573.075
6650,4610.4844
6651,5392.3047
6652,5934.414
6653,3989.9946
6654,6261.605
6655,5001.4307
6656,3221.351
6657,7039.8735
6658,7128.6733
6659,3501.2551
6660,6107.4375
6661,5229.2974
6662,4171.3
6663,7252.354
6664,5489.8057
6665,6073.517
6666,3943.5393
6667,3890.6821
6668,5564.6055
6669,3128.307
6670,6351.9453
6671,3352.231
6672,4870.065
6673,4034.4136
6674,4683.502
6675,5340.58
6676,5890.9434
6677,5198.245
6678,6758.8833
6679,4731.0435
6680,6220.352
6681,5129.3574
6682,5859.829
6683,7448.6274
6684,5701.433
6685,2702.609
6686,4977.748
6687,5566.1025
6688,3722.647
6689,9366.105
6690,4186.707
6691,5146.216
6692,8038.5884
6693,5540.3433
6694,3224.2258
6695,7608.7114
6696,7871.0522
6697,4524.94
6698,6208.201
6699,7705.4277
6700,4938.8945
6701,4501.4517
6702,5628.1543
6703,4282.211
6704,4884.282
6705,5900.7397
6706,3875.0886
6707,5196.242
6708,5672.337
6709,5101.5933
6710,5609.5034
6711,5200.139
6712,5363.7627
6713,3559.5337
6714,5430.413
6715,5627.1724
6716,5236.54
6717,5333.8647
6718,5438.759
6719,7187.416
6720,4673.479
6721,4082.1921
6722,4612.697
6723,6251.6987
6724,5678.0806
6725,3629.3953
6726,3374.971
6727,6368.1787
6728,6234.703
6729,4314.817
6730,6138.121
6731,5205.405
6732,5095.4463
6733,4008.562
6734,2974.8567
6735,4900.9385
6736,5172.254
6737,4803.775
6738,7138.485
6739,6300.649
6740,4209.553
6741,6977.5635
6742,3365.05
6743,2883.0405
6744,6091.09
6745,9571.538
6746,6191.0522
6747,5580.679
6748,3265.946
6749,5425.3286
6750,6485.561
6751,4302.1953
6752,6316.4385
6753,4074.5786
6754,3734.167
6755,4125.8657
6756,4236.4985
6757,4831.0796
6758,3613.0042
6759,3637.2908
6760,3331.0195
6761,5649.033
6762,5121.799
6763,3845.9004
6764,5193.477
6765,5311.161
6766,4353.464
6767,4211.437
6768,6888.3257
6769,6023.469
6770,4873.569
6771,3057.6013
6772,10332.86
6773,5139.2646
6774,4023.3452
6775,6016.005
6776,6421.1333
6777,5546.2124
6778,4797.982
6779,5678.584
6780,6642.5903
6781,9262.195
6782,3962.571
6783,3411.8518
6784,4139.17
6785,4996.653
6786,4263.194
6787,6477.3696
6788,7011.0396
6789,4756.406
6790,3469.4863
6791,4930.982
6792,7243.892
6793,4096.3755
6794,5570.075
6795,3338.5972
6796,5739.935
6797,5878.673
6798,5641.4893
6799,6585.341
6800,5145.676
6801,3510.469
6802,5117.6333
6803,5963.1426
6804,6582.289
6805,5838.5503
6806,6205.3833
6807,4711.4355
6808,3775.71
6809,7353.3945
6810,3585.4612
6811,8948.713
6812,4676.5156
6813,3538.0098
6814,5472.824
6815,4919.2275
6816,5905.216
6817,6067.403
6818,3269.977
6819,3782.5486
6820,5118.429
6821,5991.9927
6822,7642.277
6823,4962.2505
6824,4978.2705
6825,4539.6436
6826,5246.6045
6827,4042.4573
6828,8016.2847
6829,6469.1206
6830,9116.1045
6831,3642.7146
6832,4860.9224
6833,8357.087
6834,6249.773
6835,4009.9312
6836,7895.301
6837,5334.7705
6838,4239.2437
6839,3912.0552
6840,3800.9558
6841,4456.285
6842,4071.944
6843,3590.4688
6844,3760.175
6845,6066.934
6846,5537.6333
6847,15771.531
6848,5064.7197
5137,3513.8193
5138,5419.1123
5139,7508.5737
5140,4727.119
5141,6128.0244
5142,5005.831
5143,6354.2236
5144,5808.3496
5145,3727.4976
5146,4625.92
5147,5793.471
5148,6568.6978
5149,5632.2627
5150,6908.6973
5151,4022.6736
5152,3860.1575
5153,4783.067
5154,8091.311
5155,8403.96
5156,7114.6396
5157,6102.4062
5158,3617.246
5159,5177.7925
5160,3370.1226
5161,6409.6416
5162,8358.77
5163,7994.478
5164,4836.696
5165,3783.4219
5166,3785.4436
5167,5151.6284
5168,8423.275
5169,5514.8457
5170,4621.9326
5171,4329.23
5172,6097.763
5173,3099.2646
5174,6510.2095
5175,3419.3394
5176,5721.1104
5177,4976.4185
5178,4515.6353
5179,6823.164
5180,5534.1904
5181,3958.7249
5182,5080.2173
5183,5836.8354
5184,9231.292
5185,5213.4595
5186,6149.103
5187,6425.3545
5188,7471.19
5189,5521.3564
5190,7412.836
5191,3478.4773
5192,4101.642
5193,5048.5854
5194,5633.4233
5195,8146.143
5196,6307.606
5197,4362.826
5198,6359.8145
5199,5754.978
5200,7941.121
5201,3293.9973
5202,10155.665
5203,3806.2532
5204,4901.9624
5205,6903.0786
5206,4098.834
5207,4835.478
5208,4925.04
5209,5844.228
5210,4844.906
5211,4308.98
5212,7052.28
5213,6348.3716
5214,4595.442
5215,3919.4849
5216,6531.363
5217,9866.13
5218,5572.328
5219,4030.59
5220,5423.125
5221,5461.654
5222,5371.0835
5223,7007.596
5224,3321.928
5225,6583.978
5226,5106.6616
5227,5919.3594
5228,6688.2188
5229,4309.9463
5230,4537.5786
5231,3983.0469
5232,6816.542
5233,7102.9844
5234,4453.1704
5235,4220.5376
5236,5955.0654
5237,5232.91
5238,4579.2646
5239,7687.956
5240,5269.706
5241,6348.8804
5242,4376.7646
5243,4047.2725
5244,5413.62
5245,6310.4824
5246,5875.388
5247,7128.578
5248,6763.249
5249,4456.476
5250,7646.8413
5251,4418.276
5252,5227.871
5253,7516.463
5254,5402.751
5255,8304.851
5256,7591.0605
5257,5784.879
5258,5015.1797
5259,6601.34
5260,6341.025
5261,5115.115
5262,3261.6401
5263,4855.7783
5264,5981.5425
5265,5009.2417
5266,3947.544
5267,6505.7153
5268,5532.6914
5269,5416.4766
5270,4658.5596
5271,4169.911
5272,5712.8926
5273,5710.3535
5274,4656.17
5275,4718.969
5276,4544.9385
5277,5529.2515
5278,3143.0154
5279,5731.149
5280,4018.0063
5281,7084.5938
5282,5854.4155
5283,5575.4224
5284,9562.258
5285,3722.8743
5286,4273.862
5287,8318.343
5288,5008.974
5289,7203.3657
5290,6768.9473
5291,4962.3975
5292,5722.2563
5293,4800.0923
5294,6344.655
5295,8733.851
5296,5602.6323
5297,2728.0837
5298,4007.8584
5299,7017.0474
5300,7610.228
5301,4531.6484
5302,5756.4
5303,4070.674
5304,3976.244
5305,2734.4233
5306,4205.5234
5307,5378.2764
5308,5623.797
5309,5790.085
5310,5309.4746
5311,7408.1284
5312,7429.2075
5313,6301.689
5314,4283.645
5315,7574.8306
5316,8197.812
5317,4416.034
5318,6322.9546
5319,4326.1587
5320,5905.0527
5321,3241.6294
5322,5035.461
5323,4136.593
5324,7359.3022
5325,5830.536
5326,7215.358
5327,6707.915
5328,4807.387
5329,6994.8687
5330,14365.423
5331,8121.395
5332,4074.427
5333,2609.4878
5334,5347.135
5335,7194.158
5336,4840.314
5337,10752.378
5338,15333.629
5339,3617.9673
5340,4227.4966
5341,7068.941
5342,3807.4043
5343,6979.1807
5344,4965.589
5345,6046.9155
5346,0.0
5347,5335.783
5348,4918.735
5349,6068.3345
5350,7511.9404
5351,5541.617
5352,4924.998
5353,6056.8213
5354,4012.2344
5355,4750.1714
5356,7025.666
5357,4693.314
5358,4925.4253
5359,5637.39
5360,5172.545
5361,4590.0005
5362,6017.8184
5363,5631.0435
5364,7287.3223
5365,6784.3696
5366,6353.23
5367,4543.1787
5368,3228.5564
5369,5095.009
5370,5786.8604
5371,4979.7476
5372,3628.7964
5373,6515.005
5374,5630.501
5375,7850.4565
5376,5589.2666
5377,4488.4087
5378,4298.0034
5379,4005.0723
5380,7580.0703
5381,4404.0493
5382,6730.808
5383,11218.696
5384,6570.133
5385,5591.613
5386,4557.3457
5387,4053.8218
5388,5954.997
5389,3490.923
5390,4800.953
5391,7972.4106
5392,4713.962
5393,10371.417
5394,10408.409
5395,4624.6714
5396,5547.0645
5397,4554.382
5398,5594.526
5399,5016.3853
5400,9384.15
5401,6119.6016
5402,6769.0703
5403,3636.042
5404,6317.3
5405,4311.9736
5406,7642.1094
5407,5557.6567
5408,4986.2495
5409,5828.49
5410,5545.1177
5411,6940.7505
5412,7631.2563
5413,5259.447
5414,7949.2373
5415,5778.438
5416,7164.3574
5417,4527.7075
5418,3964.7148
5419,4323.968
5420,7254.3257
5421,5004.9434
5422,6772.2344
5423,5383.0596
5424,7532.611
5425,4201.59
5426,6681.5874
5427,5599.1064
5428,3362.002
5429,10582.068
5430,13460.017
5431,5738.9604
5432,5800.228
5433,6621.892
5434,8142.7095
5435,8913.132
5436,4911.454
5437,6155.3467
5438,4844.356
5439,7091.476
5440,3545.9907
5441,4701.384
5442,4636.31
5443,4776.9844
5444,6358.8804
5445,3966.489
5446,3434.5408
5447,5896.25
5448,3267.3079
5449,3608.227
5450,4915.6626
5451,5398.599
5452,7654.9927
5453,7787.5063
5454,5900.098
5455,5693.6997
5456,5345.9365
5457,9295.764
5458,5402.4214
5459,5013.9453
5460,4069.5598
5461,8104.936
5462,3875.5063
5463,6393.162
5464,2839.7522
5465,3960.2998
5466,5892.635
5467,5374.82
5468,4457.305
5469,7366.859
5470,7874.4766
5471,9035.799
5472,5034.0635
5473,8775.065
5474,2714.524
5475,4484.0566
5476,5922.7314
5477,3329.882
5478,7271.0967
5479,4221.7295
5480,4551.598
5481,7042.6
5482,8742.852
5483,7154.428
5484,4758.7246
5485,3928.326
5486,7414.1157
5487,6833.435
5488,4826.9526
5489,4505.7563
5490,6036.0303
5491,7177.6606
5492,3908.3513
5493,4924.204
5494,6381.014
5495,6622.3086
5496,10999.747
5497,4633.4673
5498,9784.452
5499,5938.7744
5500,4587.09
5501,2953.5095
5502,4896.896
5503,4819.2646
5504,4916.113
5505,6727.573
5506,4514.9634
5507,3855.653
5508,6012.821
5509,3085.1052
5510,6953.97
5511,5517.6816
5512,6318.234
5513,7523.9297
5514,4025.6064
5515,7971.9546
5516,5942.3555
5517,4709.063
5518,5187.892
5519,4250.642
5520,8522.236
5521,5645.925
5522,4155.747
5523,6062.8154
5524,7008.96
5525,6073.4883
5526,4574.964
5527,6890.494
5528,5128.682
5529,5454.6045
5530,5098.9614
5531,7929.7827
5532,4740.209
5533,5057.57
5534,4731.206
5535,4487.0986
5536,3442.8237
5537,4810.8735
5538,6985.2676
5539,7153.0366
5540,8964.636
5541,8783.246
5542,6754.3267
5543,4419.5825
5544,4444.3223
5545,9117.165
5546,8441.798
5547,5492.037
5548,7116.235
5549,7037.6245
5550,5178.454
5551,3424.6406
5552,9322.338
5553,4941.095
5554,5404.952
5555,4967.1284
5556,1833.0419
5557,8501.129
5558,5045.4565
5559,4189.9272
5560,4436.093
5561,5768.927
5562,5823.983
5563,5652.24
5564,6238.2725
5565,4512.841
5566,3787.7336
5567,3425.0
5568,2571.0708
5569,5841.9707
5570,14045.425
5571,4352.5713
5572,5021.987
5573,5366.8843
5574,4544.379
5575,3985.4487
5576,4617.315
5577,3456.2332
5578,7087.5205
5579,5972.5747
5580,3157.6633
5581,6518.349
5582,3924.019
5583,3925.7112
5584,7710.8096
5585,6615.768
5586,8208.241
5587,3928.401
5588,5680.54
5589,4276.7573
5590,4121.1377
5591,11178.909
5592,8278.713
5593,5684.9683
5594,4365.0073
5595,4348.9316
5596,4774.5747
5597,3863.3882
5598,7881.833
5599,4379.839
5600,4247.112
5601,6276.4824
5602,4249.454
5603,5396.128
5604,5454.4536
5605,6381.982
5606,5572.4507
5607,3462.9062
5608,4817.495
5609,5081.2544
5610,7110.203
5611,7493.292
5612,6049.437
5613,3284.6086
5614,6477.351
5615,5016.3804
5616,3811.5762
5617,5750.4404
5618,5941.6865
5619,5192.7935
5620,5359.124
5621,5330.2183
5622,4827.431
5623,5054.069
5624,6115.482
5625,6645.3916
5626,4169.6807
5627,7546.656
5628,5203.265
5629,3810.5728
5630,9300.3125
5631,4621.276
5632,2864.8655
5633,6649.246
5634,8024.1943
5635,8018.5635
5636,4386.8423
5637,5102.343
5638,4866.007
5639,6547.293
5640,5316.2754
5641,7079.8384
5642,2785.211
5643,5193.0215
5644,4954.4043
5645,4508.4907
5646,3810.5618
5647,6109.174
5648,6055.002
5649,4839.16
5650,7033.618
5651,5142.5503
5652,6710.3594
5653,3861.9033
5654,5042.6465
5655,4920.199
5656,6236.208
5657,6963.8867
5658,3078.0527
5659,7485.727
5660,5313.335
5661,6211.092
5662,4265.895
5663,3135.7795
5664,6709.6875
5665,4643.9053
5666,7494.0566
5667,5464.0923
5668,4713.8135
5669,6958.6084
5670,5080.3335
5671,4308.298
5672,6598.356
5673,4074.8274
5674,6645.588
5675,8600.324
5676,6316.529
5677,3802.1487
5678,4116.6743
5679,3402.1404
5680,2792.0828
5681,6535.058
5682,5065.488
5683,7224.8755
5684,3711.6477
5685,5808.2725
5686,4769.686
5687,7449.1816
5688,4064.598
5689,4564.2715
5690,4415.5244
5691,6476.949
5692,4471.627
5693,5951.1245
5694,6676.771
5695,8279.154
5696,6489.614
5697,6276.183
5698,5209.195
5699,3852.212
5700,4819.9956
5701,9179.491
5702,7573.7324
5703,5588.979
5704,12010.829
5705,4211.694
5706,4111.5806
5707,4775.932
5708,7195.4893
5709,7488.762
5710,5865.477
5711,6643.1733
5712,6594.7065
5713,5704.893
5714,5609.2627
5715,4497.1387
5716,3803.5056
5717,4223.063
5718,3270.2173
5719,3849.1082
5720,6869.2856
5721,12610.18
5722,5348.9663
5723,4239.866
5724,5526.468
5725,3243.6123
5726,5367.6675
5727,3503.4502
5728,7490.0977
5729,5610.6113
5730,5158.886
5731,10402.077
5732,10443.352
5733,5142.6094
5734,6133.053
5735,3478.1355
5736,4726.826
5737,4739.205
5738,7391.1406
5739,4002.3684
5740,3533.7666
5741,4569.22
5742,5089.758
5743,5675.671
5744,5718.4097
5745,3238.1553
5746,6364.0317
5747,6690.8667
5748,5839.7085
5749,3679.946
5750,3282.7073
5751,6212.478
5752,4364.849
5753,8255.443
5754,3687.512
5755,4543.066
5756,5490.2563
5757,4897.2046
5758,4137.449
5759,4450.2104
5760,4634.1436
5761,8155.5654
5762,7337.952
5763,5065.0625
5764,3398.2935
5765,4703.6133
5766,5411.7153
5767,4394.951
5768,5245.634
5769,4930.267
5770,9477.761
5771,5840.9565
5772,5194.458
5773,6173.215
5774,3869.6658
5775,7764.3145
5776,4422.4204
5777,9798.983
5778,5143.3794
5779,4576.2427
5780,4459.929
5781,4104.5386
5782,6385.3735
5783,14752.864
5784,3565.855
5785,4506.3535
5786,7617.069
5787,5543.2456
5788,5758.2563
5789,6953.4927
5790,5043.7144
5791,4526.2354
5792,3832.445
5793,7805.4277
5794,4739.449
5795,5575.805
5796,6528.0806
5797,3976.741
5798,6809.7837
5799,5484.101
5800,3367.3782
5801,7104.807
5802,7529.752
5803,3508.544
5804,6527.4575
5805,5770.7705
5806,4403.1924
5807,7717.3135
5808,5963.4155
5809,6416.6455
5810,4164.2427
5811,4007.2888
5812,5507.8174
5813,3329.3643
5814,6389.8945
5815,3376.533
5816,5190.951
5817,4189.9272
5818,4951.456
5819,5472.469
5820,6064.863
5821,5662.563
5822,7549.888
5823,4918.3784
5824,6462.0776
5825,5237.4043
5826,6320.1626
5827,7545.77
5828,6028.677
5829,3140.357
5830,4930.446
5831,5632.66
5832,3896.7664
5833,9871.062
5834,4477.9014
5835,5271.033
5836,8474.276
5837,6084.4062
5838,3335.3408
5839,7780.0747
5840,8085.7334
5841,4829.6514
5842,6733.839
5843,8058.54
5844,5518.4136
5845,4607.824
5846,5863.9556
5847,4298.9707
5848,5076.4873
5849,6500.728
5850,3882.5518
5851,5743.895
5852,6442.5684
5853,5386.501
5854,5973.036
5855,5114.915
5856,5640.074
5857,3419.946
5858,5804.329
5859,5977.898
5860,5293.0557
5861,5451.2964
5862,6009.943
5863,7229.901
5864,5080.0283
5865,4083.6565
5866,5068.586
5867,6457.654
5868,6034.7754
5869,3716.5264
5870,3401.2935
5871,6419.382
5872,6577.3496
5873,4557.3237
5874,6652.158
5875,5417.717
5876,5195.335
5877,4511.072
5878,2932.6147
5879,5288.0547
5880,5622.6816
5881,5230.9688
5882,7475.674
5883,6518.685
5884,4284.07
5885,7067.1274
5886,3388.0356
5887,2692.1482
5888,6409.318
5889,9692.406
5890,6473.96
5891,5661.9585
5892,3244.6304
5893,5569.427
5894,6592.4863
5895,4651.8413
5896,6833.3633
5897,4195.41
5898,3806.0134
5899,4228.557
5900,4741.1724
5901,4963.1216
5902,3694.057
5903,3867.3152
5904,3492.8452
5905,5839.6753
5906,5498.631
5907,4398.2896
5908,5286.799
5909,5966.7095
5910,4432.654
5911,4272.362
5912,7258.8457
5913,6344.885
5914,5257.33
5915,3096.906
5916,10658.737
5917,5487.7744
5918,4193.1216
5919,6413.745
5920,6666.8184
5921,5633.9824
5922,5048.8984
5923,5942.1626
5924,7515.23
5925,9652.331
5926,4058.5461
5927,3726.9783
5928,4549.4795
5929,5133.645
5930,4816.898
5931,7093.445
5932,7176.346
5933,4958.139
5934,3537.5374
5935,5165.8145
5936,7424.058
5937,4367.902
5938,5807.6406
5939,3423.0012
5940,6134.715
5941,6062.0
5942,5980.1675
5943,6823.3657
5944,5221.6616
5945,3673.9517
5946,5281.199
5947,6364.7417
5948,7003.5938
5949,6243.076
5950,6525.0674
5951,5009.5234
5952,3853.1824
5953,7555.19
5954,3625.0112
5955,9323.672
5956,5049.409
5957,3826.79
5958,5702.211
5959,4969.9766
5960,6170.1597
5961,6623.0415
5962,3285.0693
5963,3908.3477
5964,5409.6196
5965,6468.1704
5966,7840.295
5967,5350.63
5968,4963.7275
5969,4295.2285
5970,5552.0986
5971,4157.8643
5972,8601.751
5973,6914.4126
5974,9428.496
5975,4034.5405
5976,4992.27
5977,8595.01
5978,6341.7627
5979,4010.2102
5980,8106.529
5981,5528.524
5982,4649.0244
5983,4113.5264
5984,4129.74
5985,4457.2715
5986,4275.085
5987,3807.0955
5988,3759.293
5989,6408.535
5990,5565.428
5991,16559.396
5992,5478.7783
4281,3929.6152
4282,4056.0884
4283,6059.728
4284,3256.6406
4285,6158.2593
4286,4729.6357
4287,5387.246
4288,5846.497
4289,4360.288
4290,3171.0454
4291,5494.117
4292,5821.645
4293,4398.0166
4294,5390.0835
4295,4846.5884
4296,3189.6921
4297,4232.1
4298,7399.231
4299,8287.182
4300,7035.6177
4301,6775.3423
4302,3833.9626
4303,5094.902
4304,2218.051
4305,7624.527
4306,7518.2983
4307,8433.661
4308,6002.724
4309,2882.7876
4310,4567.046
4311,5682.5015
4312,7946.978
4313,4177.508
4314,5197.5806
4315,4690.8525
4316,5625.09
4317,2537.774
4318,7227.205
4319,3725.1726
4320,6577.105
4321,5894.7207
4322,3377.2256
4323,8003.5874
4324,6203.3535
4325,4519.38
4326,3757.4214
4327,6980.2324
4328,9663.883
4329,5855.0244
4330,5388.3457
4331,7673.2896
4332,7292.412
4333,5744.4316
4334,6535.438
4335,2337.9688
4336,2523.079
4337,4602.5527
4338,5680.0415
4339,8260.595
4340,7377.371
4341,3989.8994
4342,7594.7905
4343,7533.854
4344,5926.529
4345,2842.4084
4346,9965.812
4347,3544.2625
4348,4227.2866
4349,7096.49
4350,4143.887
4351,5604.6045
4352,2765.4038
4353,5388.3354
4354,5041.598
4355,5220.2124
4356,7733.3765
4357,6660.9834
4358,4321.098
4359,3393.5344
4360,7283.841
4361,11032.749
4362,5100.8003
4363,2932.3071
4364,6213.521
4365,5532.6914
4366,5808.1836
4367,8804.937
4368,2174.5767
4369,7239.527
4370,4436.114
4371,5564.478
4372,6852.8794
4373,2698.2603
4374,4278.324
4375,4694.9214
4376,7457.421
4377,7183.619
4378,4042.0676
4379,4410.1406
4380,7104.766
4381,5683.835
4382,4678.751
4383,6761.6943
4384,4469.746
4385,5862.0093
4386,4213.699
4387,3141.5496
4388,5248.917
4389,5903.701
4390,5594.398
4391,7118.217
4392,7429.4346
4393,3852.8809
4394,7525.4224
4395,3119.075
4396,3405.7026
4397,7625.734
4398,6857.855
4399,7381.193
4400,8995.007
4401,6154.243
4402,4727.3267
4403,6830.6655
4404,7043.6216
4405,4804.682
4406,2926.2039
4407,5172.4414
4408,4605.829
4409,5171.8047
4410,3683.0156
4411,5417.7686
4412,6602.933
4413,5931.9355
4414,5292.5757
4415,2689.037
4416,6041.0933
4417,6391.9243
4418,3369.6277
4419,5032.4116
4420,3224.3335
4421,5184.5137
4422,3568.4888
4423,4554.5903
4424,4487.3643
4425,6708.9194
4426,5855.002
4427,6830.5547
4428,12404.293
4429,4047.288
4430,4356.933
4431,9346.785
4432,4672.886
4433,7522.7886
4434,6577.9585
4435,5174.5483
4436,6245.7207
4437,4327.236
4438,4993.3843
4439,7991.474
4440,4995.4805
4441,2825.0474
4442,3323.259
4443,7033.256
4444,8661.711
4445,5693.195
4446,6377.735
4447,4240.643
4448,2274.3235
4449,1729.473
4450,3660.403
4451,5236.9746
4452,6366.709
4453,5149.8154
4454,4169.533
4455,7840.0107
4456,7494.1855
4457,6537.483
4458,5072.8276
4459,7683.638
4460,8493.017
4461,3375.8083
4462,5710.6367
4463,5006.743
4464,6179.6245
4465,2809.9868
4466,4889.638
4467,4748.246
4468,8065.568
4469,5520.951
4470,7507.965
4471,6517.0435
4472,4284.352
4473,7800.7017
4474,15509.093
4475,8449.869
4476,3623.179
4477,3304.0083
4478,6277.4165
4479,7767.9443
4480,3991.6467
4481,8941.784
4482,14392.686
4483,4756.5737
4484,2741.8867
4485,8584.482
4486,3141.7983
4487,6339.8516
4488,3303.5198
4489,5612.26
4490,0.0
4491,6393.473
4492,4818.396
4493,4885.0693
4494,9744.201
4495,5683.8677
4496,5226.061
4497,6699.334
4498,5346.625
4499,5804.8
4500,8512.366
4501,4800.39
4502,5701.8955
4503,4251.3804
4504,3454.2456
4505,5031.4375
4506,5200.814
4507,4850.131
4508,7625.4795
4509,7657.0444
4510,7202.7266
4511,4097.3486
4512,3633.9233
4513,4518.9014
4514,5276.471
4515,5889.977
4516,2835.6292
4517,6230.179
4518,5476.302
4519,7502.875
4520,5403.1323
4521,4111.82
4522,3124.808
4523,2411.1064
4524,7811.274
4525,5611.7563
4526,5817.321
4527,11359.756
4528,7210.446
4529,4382.2544
4530,5162.243
4531,2459.6711
4532,4295.1016
4533,4081.8494
4534,3582.3467
4535,7602.596
4536,4494.7324
4537,7967.128
4538,10395.373
4539,5569.406
4540,5654.5103
4541,4196.911
4542,4996.2954
4543,4958.404
4544,10291.483
4545,5792.1562
4546,6291.215
4547,2939.6035
4548,5512.758
4549,4909.2383
4550,7788.153
4551,6069.1914
4552,5073.0894
4553,6247.2876
4554,4521.0054
4555,8177.687
4556,6254.287
4557,6116.0186
4558,8297.376
4559,6541.918
4560,7871.345
4561,3339.8364
4562,4959.08
4563,4290.2163
4564,8384.672
4565,6041.45
4566,7075.889
4567,6120.185
4568,7479.7246
4569,4453.3145
4570,6372.633
4571,5859.9297
4572,2852.4077
4573,11608.169
4574,14111.124
4575,6682.2563
4576,5962.8013
4577,6721.999
4578,7974.2207
4579,7701.196
4580,2925.9973
4581,4444.6235
4582,4975.792
4583,7512.5854
4584,2448.5425
4585,4473.517
4586,5161.2783
4587,5067.1987
4588,4979.809
4589,2829.5842
4590,3019.1838
4591,6714.092
4592,3513.5044
4593,4417.176
4594,5291.748
4595,5055.1006
4596,8461.58
4597,9566.765
4598,5204.0894
4599,6833.3438
4600,5690.9854
4601,9294.044
4602,4626.145
4603,3278.6138
4604,4928.668
4605,10596.501
4606,3798.904
4607,6927.7344
4608,2030.2922
4609,3714.8142
4610,5934.9463
4611,5637.756
4612,4603.264
4613,7941.5146
4614,8202.591
4615,7273.1777
4616,4075.6748
4617,9972.791
4618,1880.7438
4619,3561.925
4620,6663.754
4621,4473.6665
4622,9540.786
4623,2543.3486
4624,4872.5464
4625,5210.432
4626,7568.9375
4627,8485.454
4628,4741.855
4629,2692.929
4630,8540.35
4631,8486.102
4632,4578.369
4633,5104.3774
4634,8219.405
4635,5601.1895
4636,4788.609
4637,3689.2253
4638,7010.5645
4639,4166.6587
4640,11968.861
4641,6478.0615
4642,11588.655
4643,6094.0713
4644,4309.7695
4645,2128.6492
4646,5386.635
4647,5177.027
4648,4917.407
4649,8202.731
4650,5182.0957
4651,2680.8914
4652,6835.7427
4653,3155.0708
4654,8381.21
4655,6628.1543
4656,6661.682
4657,7951.315
4658,4487.942
4659,7075.896
4660,7104.3325
4661,5477.2686
4662,6125.3306
4663,3453.58
4664,8856.668
4665,5864.291
4666,3607.1394
4667,4907.979
4668,7194.1924
4669,5927.0093
4670,3572.4092
4671,5205.35
4672,5275.1577
4673,4759.0967
4674,5129.2495
4675,8807.053
4676,4603.782
4677,3833.2166
4678,5676.272
4679,4921.0767
4680,3063.73
4681,5023.3906
4682,7868.823
4683,6586.3774
4684,10015.036
4685,8470.802
4686,6624.3745
4687,4458.87
4688,3981.8843
4689,9307.599
4690,7377.0405
4691,6729.505
4692,5398.331
4693,5349.2725
4694,4808.7173
4695,2365.016
4696,11030.528
4697,5726.3623
4698,5471.128
4699,4600.547
4700,1349.4406
4701,7599.4785
4702,5447.4033
4703,4197.0073
4704,3850.1143
4705,6794.563
4706,4976.4614
4707,3921.901
4708,8506.774
4709,4173.198
4710,3972.502
4711,3445.1135
4712,2238.659
4713,4685.3433
4714,12485.384
4715,4720.018
4716,5330.264
4717,5084.8906
4718,3639.4392
4719,2998.3997
4720,5674.063
4721,2658.004
4722,8826.983
4723,6095.85
4724,2678.7285
4725,7457.9897
4726,2507.6724
4727,3521.6619
4728,8138.0044
4729,7426.7637
4730,8246.771
4731,2225.3833
4732,5231.962
4733,4300.0083
4734,3494.2048
4735,14063.333
4736,10247.886
4737,4845.4697
4738,3052.5999
4739,5154.5825
4740,4051.6646
4741,2421.4849
4742,7274.0864
4743,4236.252
4744,4889.9785
4745,6651.955
4746,4410.1914
4747,4999.356
4748,5691.43
4749,6502.043
4750,6356.3335
4751,2564.3684
4752,5191.5156
4753,6498.2114
4754,7918.1665
4755,5815.5176
4756,7001.9707
4757,2201.9417
4758,8156.3745
4759,4717.803
4760,2768.3945
4761,3942.2944
4762,4348.8403
4763,4572.9746
4764,6713.618
4765,3960.2546
4766,5181.641
4767,4721.36
4768,7078.785
4769,7850.045
4770,4743.2437
4771,7023.797
4772,5972.8594
4773,2386.3445
4774,9843.778
4775,3586.8535
4776,3308.2754
4777,5889.7466
4778,9238.232
4779,9335.435
4780,4023.9631
4781,4456.298
4782,5859.0635
4783,6903.8687
4784,4422.2856
4785,8019.3516
4786,2886.7146
4787,4897.046
4788,3920.8872
4789,3297.0151
4790,2672.6072
4791,6997.2705
4792,6152.23
4793,5213.445
4794,5040.8193
4795,7019.2896
4796,7184.195
4797,4001.7307
4798,4787.166
4799,5003.702
4800,6152.007
4801,5313.6997
4802,1948.6666
4803,6150.3584
4804,6128.7085
4805,6125.7744
4806,5354.8423
4807,2717.571
4808,8346.883
4809,2936.114
4810,8603.721
4811,4997.7397
4812,4612.411
4813,7812.0713
4814,3805.302
4815,4108.593
4816,8226.565
4817,2574.151
4818,5977.8066
4819,8671.225
4820,6896.517
4821,2414.5503
4822,4876.0894
4823,3361.5945
4824,2227.2397
4825,4912.0723
4826,5784.603
4827,4955.7607
4828,4169.553
4829,5499.208
4830,4464.2666
4831,8662.313
4832,4606.405
4833,5692.4453
4834,4046.6394
4835,5836.1006
4836,5419.1016
4837,5809.6353
4838,7345.7603
4839,8756.989
4840,7391.669
4841,5398.8203
4842,4974.283
4843,2662.7605
4844,5431.5215
4845,8111.734
4846,6598.9727
4847,5710.7188
4848,11580.523
4849,2953.2278
4850,4617.7817
4851,4457.8623
4852,7848.39
4853,8141.995
4854,7046.027
4855,7109.213
4856,7189.8706
4857,6904.066
4858,5966.408
4859,4908.4614
4860,2100.5525
4861,4561.599
4862,3205.7593
4863,3024.165
4864,6900.3335
4865,15145.959
4866,5308.6133
4867,3028.1895
4868,4525.031
4869,3792.1082
4870,5372.226
4871,2007.7703
4872,6147.8125
4873,6349.656
4874,3424.0789
4875,10066.558
4876,10562.204
4877,4073.0862
4878,5525.6665
4879,3633.7153
4880,3933.4443
4881,3766.4324
4882,8427.719
4883,3771.84
4884,4097.8135
4885,4638.8315
4886,5114.954
4887,4669.2056
4888,7019.9326
4889,2866.5796
4890,7564.6504
4891,6423.3755
4892,4769.7812
4893,3732.6462
4894,3632.8418
4895,4434.7476
4896,4513.026
4897,8734.392
4898,4150.4067
4899,3622.239
4900,5936.628
4901,4854.403
4902,5126.232
4903,4124.0205
4904,5272.738
4905,9259.413
4906,6516.4966
4907,5738.3257
4908,3104.1707
4909,4458.47
4910,5692.5923
4911,3775.2454
4912,4641.731
4913,4843.2515
4914,10070.706
4915,6658.5947
4916,4284.8667
4917,5701.401
4918,4536.9683
4919,6514.9365
4920,5074.4443
4921,8478.488
4922,6605.27
4923,4717.3354
4924,3830.9905
4925,2127.9932
4926,4410.145
4927,16101.556
4928,2117.4917
4929,4890.1606
4930,5948.372
4931,6827.311
4932,5364.1206
4933,7717.461
4934,5258.4136
4935,5837.7036
4936,2635.8374
4937,7694.896
4938,4022.6045
4939,5646.9697
4940,8441.572
4941,3820.2139
4942,7498.3467
4943,5996.052
4944,3106.096
4945,5704.4307
4946,5927.682
4947,2535.4507
4948,7971.0957
4949,6138.5137
4950,4212.598
4951,8865.585
4952,7537.606
4953,6200.4844
4954,4339.0654
4955,3622.0317
4956,5027.719
4957,0.0
4958,5784.079
4959,2311.581
4960,5447.055
4961,2866.4429
4962,5356.2163
4963,5404.1064
4964,4829.347
4965,5136.7114
4966,8215.384
4967,5388.8857
4968,7308.908
4969,5239.348
4970,5706.455
4971,8076.777
4972,6588.7715
4973,3820.429
4974,5171.8296
4975,5020.43
4976,4364.2954
4977,10718.783
4978,5327.2856
4979,5164.509
4980,8050.5576
4981,6704.889
4982,2088.3025
4983,8409.652
4984,7463.8394
4985,5717.319
4986,6994.241
4987,6401.1553
4988,7564.1167
4989,5041.5596
4990,4008.042
4991,3125.6907
4992,5843.308
4993,7097.4443
4994,2579.9287
4995,7214.2915
4996,6695.176
4997,5037.9204
4998,6771.7305
4999,4509.557
5000,6707.8447
5001,2532.8662
5002,4514.2485
5003,4785.025
5004,3488.3599
5005,5570.176
5006,7026.2227
5007,7469.494
5008,5870.5537
5009,3943.404
5010,5812.8667
5011,6938.3877
5012,7156.6055
5013,2499.2412
5014,2592.6707
5015,7802.1973
5016,5726.2476
5017,3826.8997
5018,7065.813
5019,6165.024
5020,5973.0303
5021,4683.721
5022,1876.782
5023,5806.0347
5024,5665.783
5025,4698.9043
5026,7753.1475
5027,6487.2188
5028,3464.8096
5029,5466.24
5030,2976.4463
5031,1138.2767
5032,6045.774
5033,9271.44
5034,5401.051
5035,4472.3564
5036,2802.258
5037,4908.1475
5038,7185.305
5039,5801.6
5040,8158.335
5041,3785.003
5042,3644.4282
5043,3672.3293
5044,5672.4346
5045,3482.6807
5046,2459.3872
5047,4076.5496
5048,3587.8972
5049,6627.737
5050,4501.791
5051,4817.5874
5052,5102.0215
5053,6740.3228
5054,4693.113
5055,3681.442
5056,8598.109
5057,7102.8286
5058,6241.9033
5059,1991.5697
5060,5896.509
5061,4841.5146
5062,3977.8752
5063,7422.2666
5064,8316.717
5065,5919.7324
5066,5757.5806
5067,5561.7397
5068,7034.2354
5069,10211.299
5070,3241.076
5071,3520.6038
5072,4797.689
5073,5468.5034
5074,5327.936
5075,8488.725
5076,6565.622
5077,5869.9546
5078,2585.9119
5079,6173.4565
5080,6161.8315
5081,3549.1177
5082,6045.1855
5083,3196.1802
5084,6378.4097
5085,5461.279
5086,5041.973
5087,6140.042
5088,3621.6863
5089,4446.112
5090,5867.9785
5091,5089.248
5092,7743.3926
5093,5202.6997
5094,7930.1987
5095,5019.8604
5096,3461.8657
5097,7571.147
5098,2744.0952
5099,9755.137
5100,5190.4663
5101,4464.9224
5102,6619.6753
5103,4340.746
5104,4241.646
5105,5380.5903
5106,2813.109
5107,2869.7427
5108,5715.9775
5109,5504.141
5110,9228.458
5111,5871.64
5112,5130.5366
5113,3688.9578
5114,5654.257
5115,3034.4443
5116,9230.623
5117,6226.508
5118,11570.278
5119,5097.561
5120,4850.4824
5121,6939.6187
5122,6462.38
5123,2973.645
5124,7545.5977
5125,6141.1606
5126,5094.7466
5127,5246.9497
5128,4747.2905
5129,2779.003
5130,4805.7456
5131,3282.6196
5132,2692.4153
5133,6852.206
5134,5507.7334
5135,18230.836
5136,6742.985
3425,0.0
3426,0.0
3427,0.0
3428,0.0
3429,0.0
3430,0.0
3431,0.0
3432,0.0
3433,0.0
3434,0.0
3435,0.0
3436,0.0
3437,0.0
3438,0.0
3439,0.0
3440,0.0
3441,0.0
3442,0.0
3443,0.0
3444,0.0
3445,0.0
3446,0.0
3447,0.0
3448,0.0
3449,0.0
3450,0.0
3451,0.0
3452,0.0
3453,0.0
3454,0.0
3455,0.0
3456,0.0
3457,0.0
3458,0.0
3459,0.0
3460,0.0
3461,0.0
3462,0.0
3463,0.0
3464,0.0
3465,0.0
3466,0.0
3467,0.0
3468,0.0
3469,0.0
3470,0.0
3471,0.0
3472,0.0
3473,0.0
3474,0.0
3475,0.0
3476,0.0
3477,0.0
3478,0.0
3479,0.0
3480,0.0
3481,0.0
3482,0.0
3483,0.0
3484,0.0
3485,0.0
3486,0.0
3487,0.0
3488,0.0
3489,0.0
3490,0.0
3491,0.0
3492,0.0
3493,0.0
3494,0.0
3495,0.0
3496,0.0
3497,0.0
3498,0.0
3499,0.0
3500,0.0
3501,0.0
3502,0.0
3503,0.0
3504,0.0
3505,0.0
3506,0.0
3507,0.0
3508,0.0
3509,0.0
3510,0.0
3511,0.0
3512,0.0
3513,0.0
3514,0.0
3515,0.0
3516,3693.8208
3517,0.0
3518,0.0
3519,0.0
3520,0.0
3521,0.0
3522,0.0
3523,0.0
3524,0.0
3525,0.0
3526,0.0
3527,0.0
3528,0.0
3529,0.0
3530,0.0
3531,0.0
3532,0.0
3533,0.0
3534,0.0
3535,0.0
3536,0.0
3537,0.0
3538,0.0
3539,0.0
3540,0.0
3541,0.0
3542,0.0
3543,0.0
3544,0.0
3545,0.0
3546,0.0
3547,0.0
3548,0.0
3549,0.0
3550,0.0
3551,0.0
3552,0.0
3553,0.0
3554,0.0
3555,0.0
3556,0.0
3557,0.0
3558,0.0
3559,0.0
3560,0.0
3561,0.0
3562,0.0
3563,0.0
3564,0.0
3565,0.0
3566,0.0
3567,0.0
3568,0.0
3569,0.0
3570,0.0
3571,0.0
3572,0.0
3573,0.0
3574,0.0
3575,0.0
3576,0.0
3577,0.0
3578,0.0
3579,0.0
3580,0.0
3581,0.0
3582,0.0
3583,0.0
3584,2163.575
3585,0.0
3586,0.0
3587,0.0
3588,0.0
3589,0.0
3590,0.0
3591,0.0
3592,0.0
3593,0.0
3594,0.0
3595,0.0
3596,0.0
3597,0.0
3598,0.0
3599,0.0
3600,0.0
3601,0.0
3602,0.0
3603,0.0
3604,0.0
3605,0.0
3606,0.0
3607,0.0
3608,0.0
3609,0.0
3610,0.0
3611,0.0
3612,0.0
3613,0.0
3614,0.0
3615,0.0
3616,0.0
3617,0.0
3618,0.0
3619,0.0
3620,0.0
3621,0.0
3622,0.0
3623,0.0
3624,0.0
3625,14050.142
3626,19863.232
3627,0.0
3628,0.0
3629,0.0
3630,0.0
3631,0.0
3632,0.0
3633,0.0
3634,6722.0503
3635,0.0
3636,0.0
3637,0.0
3638,0.0
3639,0.0
3640,0.0
3641,0.0
3642,0.0
3643,0.0
3644,0.0
3645,0.0
3646,0.0
3647,0.0
3648,0.0
3649,0.0
3650,0.0
3651,0.0
3652,0.0
3653,4168.893
3654,0.0
3655,0.0
3656,0.0
3657,0.0
3658,0.0
3659,0.0
3660,0.0
3661,0.0
3662,0.0
3663,2619.3052
3664,0.0
3665,0.0
3666,0.0
3667,0.0
3668,0.0
3669,0.0
3670,0.0
3671,0.0
3672,0.0
3673,0.0
3674,0.0
3675,0.0
3676,0.0
3677,0.0
3678,0.0
3679,0.0
3680,0.0
3681,8056.918
3682,0.0
3683,0.0
3684,0.0
3685,0.0
3686,0.0
3687,0.0
3688,0.0
3689,0.0
3690,0.0
3691,0.0
3692,0.0
3693,0.0
3694,0.0
3695,0.0
3696,0.0
3697,0.0
3698,7802.235
3699,0.0
3700,0.0
3701,0.0
3702,0.0
3703,0.0
3704,0.0
3705,0.0
3706,0.0
3707,0.0
3708,0.0
3709,0.0
3710,0.0
3711,0.0
3712,0.0
3713,0.0
3714,0.0
3715,0.0
3716,0.0
3717,0.0
3718,0.0
3719,0.0
3720,0.0
3721,0.0
3722,0.0
3723,0.0
3724,0.0
3725,0.0
3726,0.0
3727,0.0
3728,0.0
3729,0.0
3730,0.0
3731,0.0
3732,0.0
3733,0.0
3734,0.0
3735,0.0
3736,0.0
3737,0.0
3738,0.0
3739,0.0
3740,0.0
3741,0.0
3742,0.0
3743,0.0
3744,0.0
3745,0.0
3746,0.0
3747,0.0
3748,0.0
3749,0.0
3750,0.0
3751,0.0
3752,0.0
3753,0.0
3754,0.0
3755,0.0
3756,0.0
3757,0.0
3758,0.0
3759,0.0
3760,1583.6809
3761,0.0
3762,0.0
3763,0.0
3764,0.0
3765,0.0
3766,0.0
3767,0.0
3768,0.0
3769,0.0
3770,0.0
3771,0.0
3772,0.0
3773,0.0
3774,4171.037
3775,0.0
3776,0.0
3777,0.0
3778,0.0
3779,0.0
3780,0.0
3781,0.0
3782,0.0
3783,0.0
3784,0.0
3785,0.0
3786,0.0
3787,0.0
3788,0.0
3789,0.0
3790,0.0
3791,0.0
3792,0.0
3793,0.0
3794,0.0
3795,0.0
3796,0.0
3797,0.0
3798,0.0
3799,0.0
3800,0.0
3801,0.0
3802,0.0
3803,0.0
3804,0.0
3805,0.0
3806,0.0
3807,0.0
3808,0.0
3809,0.0
3810,0.0
3811,0.0
3812,0.0
3813,0.0
3814,0.0
3815,0.0
3816,0.0
3817,7223.249
3818,0.0
3819,0.0
3820,0.0
3821,0.0
3822,0.0
3823,0.0
3824,0.0
3825,0.0
3826,0.0
3827,2260.1245
3828,0.0
3829,0.0
3830,0.0
3831,3773.42
3832,0.0
3833,0.0
3834,0.0
3835,0.0
3836,0.0
3837,0.0
3838,0.0
3839,0.0
3840,0.0
3841,0.0
3842,0.0
3843,0.0
3844,0.0
3845,0.0
3846,0.0
3847,0.0
3848,0.0
3849,0.0
3850,0.0
3851,0.0
3852,0.0
3853,0.0
3854,0.0
3855,0.0
3856,0.0
3857,0.0
3858,16679.479
3859,0.0
3860,0.0
3861,0.0
3862,0.0
3863,0.0
3864,0.0
3865,0.0
3866,0.0
3867,0.0
3868,0.0
3869,0.0
3870,0.0
3871,0.0
3872,5061.6577
3873,0.0
3874,0.0
3875,0.0
3876,0.0
3877,0.0
3878,0.0
3879,0.0
3880,0.0
3881,0.0
3882,0.0
3883,0.0
3884,0.0
3885,0.0
3886,0.0
3887,0.0
3888,0.0
3889,0.0
3890,0.0
3891,0.0
3892,0.0
3893,0.0
3894,0.0
3895,0.0
3896,0.0
3897,0.0
3898,0.0
3899,0.0
3900,0.0
3901,0.0
3902,0.0
3903,0.0
3904,0.0
3905,0.0
3906,0.0
3907,0.0
3908,0.0
3909,0.0
3910,0.0
3911,0.0
3912,0.0
3913,0.0
3914,0.0
3915,0.0
3916,0.0
3917,0.0
3918,0.0
3919,0.0
3920,0.0
3921,0.0
3922,0.0
3923,0.0
3924,0.0
3925,0.0
3926,0.0
3927,0.0
3928,0.0
3929,0.0
3930,0.0
3931,0.0
3932,0.0
3933,0.0
3934,0.0
3935,0.0
3936,0.0
3937,0.0
3938,0.0
3939,0.0
3940,0.0
3941,0.0
3942,0.0
3943,0.0
3944,0.0
3945,0.0
3946,0.0
3947,10762.926
3948,0.0
3949,0.0
3950,0.0
3951,0.0
3952,0.0
3953,0.0
3954,0.0
3955,0.0
3956,0.0
3957,0.0
3958,0.0
3959,0.0
3960,0.0
3961,0.0
3962,0.0
3963,0.0
3964,0.0
3965,0.0
3966,0.0
3967,0.0
3968,0.0
3969,0.0
3970,0.0
3971,0.0
3972,0.0
3973,0.0
3974,0.0
3975,0.0
3976,0.0
3977,0.0
3978,0.0
3979,0.0
3980,0.0
3981,0.0
3982,0.0
3983,0.0
3984,0.0
3985,0.0
3986,0.0
3987,0.0
3988,0.0
3989,0.0
3990,0.0
3991,2564.29
3992,13221.618
3993,0.0
3994,0.0
3995,0.0
3996,0.0
3997,0.0
3998,0.0
3999,0.0
4000,0.0
4001,0.0
4002,0.0
4003,0.0
4004,0.0
4005,0.0
4006,0.0
4007,0.0
4008,0.0
4009,0.0
4010,0.0
4011,0.0
4012,0.0
4013,0.0
4014,0.0
4015,0.0
4016,0.0
4017,0.0
4018,0.0
4019,0.0
4020,10562.537
4021,0.0
4022,0.0
4023,0.0
4024,0.0
4025,0.0
4026,0.0
4027,0.0
4028,0.0
4029,0.0
4030,0.0
4031,0.0
4032,0.0
4033,0.0
4034,0.0
4035,0.0
4036,0.0
4037,0.0
4038,0.0
4039,0.0
4040,0.0
4041,0.0
4042,0.0
4043,0.0
4044,0.0
4045,0.0
4046,0.0
4047,0.0
4048,0.0
4049,0.0
4050,0.0
4051,0.0
4052,0.0
4053,0.0
4054,0.0
4055,0.0
4056,0.0
4057,0.0
4058,0.0
4059,0.0
4060,0.0
4061,0.0
4062,0.0
4063,0.0
4064,0.0
4065,0.0
4066,0.0
4067,0.0
4068,0.0
4069,0.0
4070,0.0
4071,0.0
4072,0.0
4073,0.0
4074,0.0
4075,0.0
4076,0.0
4077,0.0
4078,0.0
4079,0.0
4080,0.0
4081,0.0
4082,0.0
4083,0.0
4084,0.0
4085,0.0
4086,0.0
4087,0.0
4088,0.0
4089,0.0
4090,2613.8782
4091,0.0
4092,0.0
4093,0.0
4094,1859.8854
4095,0.0
4096,0.0
4097,0.0
4098,0.0
4099,0.0
4100,0.0
4101,0.0
4102,0.0
4103,0.0
4104,0.0
4105,0.0
4106,0.0
4107,0.0
4108,0.0
4109,0.0
4110,0.0
4111,0.0
4112,0.0
4113,0.0
4114,0.0
4115,0.0
4116,0.0
4117,0.0
4118,0.0
4119,0.0
4120,0.0
4121,0.0
4122,0.0
4123,0.0
4124,0.0
4125,0.0
4126,0.0
4127,0.0
4128,0.0
4129,0.0
4130,0.0
4131,0.0
4132,0.0
4133,0.0
4134,0.0
4135,0.0
4136,0.0
4137,0.0
4138,0.0
4139,0.0
4140,0.0
4141,0.0
4142,0.0
4143,0.0
4144,0.0
4145,1709.2601
4146,0.0
4147,0.0
4148,0.0
4149,0.0
4150,0.0
4151,0.0
4152,0.0
4153,0.0
4154,0.0
4155,0.0
4156,0.0
4157,0.0
4158,0.0
4159,0.0
4160,9426.365
4161,0.0
4162,0.0
4163,0.0
4164,0.0
4165,0.0
4166,0.0
4167,0.0
4168,0.0
4169,0.0
4170,0.0
4171,0.0
4172,0.0
4173,0.0
4174,0.0
4175,0.0
4176,0.0
4177,0.0
4178,0.0
4179,0.0
4180,0.0
4181,0.0
4182,0.0
4183,0.0
4184,0.0
4185,0.0
4186,0.0
4187,0.0
4188,0.0
4189,0.0
4190,0.0
4191,0.0
4192,0.0
4193,0.0
4194,0.0
4195,0.0
4196,0.0
4197,0.0
4198,0.0
4199,0.0
4200,0.0
4201,0.0
4202,0.0
4203,0.0
4204,0.0
4205,0.0
4206,0.0
4207,0.0
4208,0.0
4209,0.0
4210,0.0
4211,0.0
4212,0.0
4213,0.0
4214,0.0
4215,0.0
4216,0.0
4217,0.0
4218,0.0
4219,0.0
4220,0.0
4221,0.0
4222,0.0
4223,0.0
4224,3963.603
4225,0.0
4226,0.0
4227,0.0
4228,0.0
4229,0.0
4230,0.0
4231,0.0
4232,0.0
4233,0.0
4234,0.0
4235,0.0
4236,0.0
4237,0.0
4238,0.0
4239,0.0
4240,0.0
4241,0.0
4242,0.0
4243,0.0
4244,0.0
4245,0.0
4246,0.0
4247,0.0
4248,0.0
4249,0.0
4250,0.0
4251,0.0
4252,0.0
4253,0.0
4254,0.0
4255,0.0
4256,0.0
4257,0.0
4258,0.0
4259,0.0
4260,0.0
4261,0.0
4262,0.0
4263,0.0
4264,0.0
4265,10827.863
4266,4058.5422
4267,0.0
4268,0.0
4269,0.0
4270,0.0
4271,0.0
4272,0.0
4273,0.0
4274,0.0
4275,0.0
4276,0.0
4277,0.0
4278,0.0
4279,0.0
4280,0.0
2569,5071.599
2570,9129.182
2571,11016.493
2572,7931.7725
2573,8864.478
2574,6896.4907
2575,8816.719
2576,10093.92
2577,7209.772
2578,7169.9834
2579,8312.363
2580,9822.123
2581,9077.417
2582,9408.249
2583,7640.7466
2584,5838.2383
2585,6861.709
2586,12477.432
2587,11915.784
2588,12173.638
2589,10175.871
2590,6387.5728
2591,6848.3247
2592,5532.8813
2593,8673.756
2594,13388.663
2595,9982.974
2596,7987.7705
2597,7500.1777
2598,5482.093
2599,7470.043
2600,12845.895
2601,8504.705
2602,6224.982
2603,7004.763
2604,8821.117
2605,4810.075
2606,9401.091
2607,5805.2314
2608,7625.6323
2609,7831.0425
2610,6785.5215
2611,8988.3
2612,9085.957
2613,5984.1562
2614,8399.111
2615,8573.215
2616,12829.879
2617,6912.4146
2618,10583.946
2619,7884.1187
2620,10636.862
2621,8538.3545
2622,11209.455
2623,6191.962
2624,6079.4404
2625,7785.991
2626,7190.4263
2627,10851.808
2628,9807.052
2629,7365.9805
2630,8946.357
2631,7614.73
2632,12204.585
2633,4879.16
2634,15302.599
2635,6241.677
2636,7190.5635
2637,9627.93
2638,6009.6904
2639,8253.444
2640,7685.1333
2641,9441.005
2642,6792.5864
2643,6926.1353
2644,8702.236
2645,9052.18
2646,9008.606
2647,6257.8677
2648,8444.068
2649,12655.893
2650,7856.5317
2651,5792.9575
2652,8138.051
2653,6868.761
2654,7071.1665
2655,8149.0884
2656,5154.9756
2657,10985.624
2658,7200.4805
2659,8856.043
2660,8823.238
2661,5667.356
2662,6917.5063
2663,6863.352
2664,10045.554
2665,10545.767
2666,6312.8423
2667,6029.068
2668,8214.005
2669,6895.4385
2670,7310.3584
2671,10117.534
2672,8003.16
2673,9401.7
2674,7208.878
2675,5668.9185
2676,9079.755
2677,8908.041
2678,9297.803
2679,10532.779
2680,10070.648
2681,7123.5215
2682,10551.844
2683,7508.6094
2684,9601.198
2685,11224.754
2686,8697.747
2687,11689.952
2688,8679.168
2689,8881.674
2690,7433.9355
2691,8916.27
2692,9457.588
2693,8465.681
2694,5180.376
2695,6644.846
2696,9633.046
2697,7549.708
2698,6170.395
2699,10919.6875
2700,7494.486
2701,6677.1978
2702,6476.468
2703,6933.849
2704,9572.834
2705,8045.3457
2706,8514.088
2707,7011.715
2708,6979.8066
2709,8342.927
2710,4918.177
2711,8190.1914
2712,7028.4277
2713,10079.999
2714,8886.767
2715,7331.7188
2716,13134.293
2717,6925.3823
2718,5754.627
2719,12445.888
2720,7610.1123
2721,10620.603
2722,8779.159
2723,6324.4624
2724,7444.678
2725,6381.3003
2726,9823.032
2727,14191.956
2728,7132.673
2729,4214.3984
2730,5865.88
2731,11152.808
2732,11015.264
2733,8174.9575
2734,9074.889
2735,5563.0396
2736,6211.0737
2737,3851.2456
2738,6157.948
2739,7496.616
2740,8385.607
2741,8212.18
2742,7824.8457
2743,9682.944
2744,10900.51
2745,9044.783
2746,6485.7524
2747,10694.693
2748,13533.66
2749,7921.188
2750,10075.549
2751,6931.819
2752,7979.402
2753,5648.904
2754,9001.289
2755,7725.665
2756,9847.985
2757,8237.385
2758,10504.969
2759,9275.951
2760,6458.929
2761,11462.396
2762,19561.852
2763,12538.63
2764,8180.183
2765,4248.4453
2766,7332.453
2767,11228.973
2768,6715.4883
2769,12735.044
2770,17183.668
2771,4953.889
2772,7370.373
2773,9133.327
2774,6056.307
2775,11888.528
2776,8495.747
2777,10030.943
2778,4505.6963
2779,8342.497
2780,7554.8296
2781,9006.063
2782,12239.368
2783,7389.914
2784,6913.087
2785,8275.278
2786,6477.901
2787,6428.941
2788,8912.732
2789,7203.2354
2790,7189.953
2791,9664.583
2792,7685.1553
2793,6915.8306
2794,9449.788
2795,9118.904
2796,9829.789
2797,8767.001
2798,8123.9907
2799,6476.239
2800,4958.976
2801,8118.94
2802,8678.763
2803,7956.3823
2804,5139.505
2805,10605.338
2806,9723.238
2807,10955.03
2808,8170.7324
2809,7074.013
2810,7095.651
2811,5344.2285
2812,11421.897
2813,6076.8086
2814,9100.9795
2815,16253.717
2816,8476.645
2817,8218.746
2818,6267.616
2819,5626.576
2820,8897.563
2821,5372.595
2822,7609.8945
2823,11405.166
2824,6822.2075
2825,17100.648
2826,15624.092
2827,5794.632
2828,8850.597
2829,6438.827
2830,8441.081
2831,6953.1216
2832,12741.046
2833,9460.772
2834,12005.687
2835,5621.2227
2836,8609.499
2837,5814.1978
2838,9635.49
2839,8663.289
2840,7863.069
2841,7487.4478
2842,6844.7725
2843,10148.151
2844,10693.459
2845,6922.6284
2846,12589.174
2847,7448.606
2848,11066.493
2849,6293.0874
2850,6530.821
2851,6522.765
2852,13305.97
2853,7003.2866
2854,9138.922
2855,8974.577
2856,11390.447
2857,5810.9375
2858,9527.736
2859,8703.175
2860,5359.1343
2861,16359.189
2862,16806.33
2863,8584.54
2864,9084.926
2865,11080.033
2866,13101.026
2867,12685.064
2868,7615.013
2869,9855.313
2870,6924.8604
2871,9922.979
2872,4878.462
2873,7592.5957
2874,7046.2754
2875,6645.677
2876,8814.558
2877,6156.486
2878,6638.5747
2879,8372.2295
2880,5088.753
2881,5838.4
2882,6991.573
2883,9515.113
2884,11278.023
2885,9733.77
2886,8363.817
2887,7205.3174
2888,7505.8027
2889,13352.435
2890,9002.74
2891,7464.338
2892,6517.7397
2893,10275.192
2894,5378.4097
2895,8949.19
2896,4246.6543
2897,6498.881
2898,9758.133
2899,7004.8296
2900,6263.17
2901,9819.069
2902,10761.3545
2903,12280.071
2904,7090.854
2905,11587.417
2906,4245.2124
2907,6714.7773
2908,8429.97
2909,5718.3716
2910,9327.55
2911,6464.6484
2912,6343.971
2913,10502.004
2914,12730.247
2915,9368.616
2916,6555.935
2917,6089.301
2918,10421.372
2919,8828.912
2920,7757.127
2921,6507.1304
2922,8042.668
2923,11576.835
2924,5682.545
2925,7958.7124
2926,9743.337
2927,10080.682
2928,15085.323
2929,6315.7876
2930,13903.51
2931,8488.416
2932,6177.9214
2933,4782.378
2934,7096.368
2935,7288.5806
2936,7430.5967
2937,8187.8174
2938,6028.5044
2939,6244.2793
2940,8948.337
2941,4764.679
2942,8990.152
2943,9005.411
2944,10467.594
2945,11132.637
2946,7270.514
2947,11143.132
2948,7476.508
2949,6836.4663
2950,6603.3486
2951,6614.967
2952,12634.28
2953,7914.2705
2954,6347.094
2955,9826.218
2956,10666.323
2957,9178.809
2958,8132.4644
2959,10511.784
2960,6518.9336
2961,6164.136
2962,7477.8345
2963,9615.283
2964,8311.206
2965,7908.098
2966,7286.7036
2967,6070.8413
2968,5034.9854
2969,6609.7065
2970,9416.193
2971,10039.873
2972,11424.196
2973,13461.249
2974,9262.23
2975,6173.992
2976,5860.824
2977,11857.1045
2978,12507.266
2979,9403.987
2980,10397.772
2981,10951.8545
2982,7316.6436
2983,5195.9697
2984,12121.8955
2985,8071.324
2986,8949.02
2987,7406.44
2988,4222.1567
2989,13661.36
2990,6857.7896
2991,6499.0977
2992,5823.9775
2993,7784.573
2994,8153.636
2995,10984.66
2996,7257.8765
2997,5731.5864
2998,6317.987
2999,5621.7
3000,3939.6628
3001,8520.196
3002,18346.408
3003,6343.5054
3004,6960.2344
3005,8672.573
3006,6480.064
3007,6770.155
3008,6103.0586
3009,5590.7705
3010,9423.83
3011,8765.822
3012,4906.051
3013,10346.924
3014,7940.121
3015,5983.8647
3016,9413.32
3017,9541.25
3018,11015.189
3019,7257.295
3020,8954.211
3021,6224.685
3022,5761.7944
3023,16524.75
3024,11242.99
3025,7549.7583
3026,7711.6772
3027,6117.016
3028,6855.4746
3029,5687.2026
3030,10774.953
3031,6127.586
3032,6540.458
3033,8656.475
3034,6117.6465
3035,7923.984
3036,9649.073
3037,9511.157
3038,8802.694
3039,5878.7515
3040,6733.396
3041,7755.818
3042,10515.655
3043,10478.151
3044,8629.279
3045,5887.2246
3046,9049.443
3047,7050.141
3048,5478.1514
3049,8968.724
3050,8587.373
3051,8286.81
3052,7611.3823
3053,8249.289
3054,7574.91
3055,7133.5776
3056,8060.631
3057,8268.431
3058,8727.131
3059,10935.509
3060,7115.773
3061,6085.4106
3062,13631.764
3063,8032.9395
3064,4600.003
3065,9491.937
3066,9705.227
3067,13100.676
3068,5985.212
3069,7446.873
3070,7115.0605
3071,8871.522
3072,7673.0044
3073,11449.34
3074,4143.998
3075,9009.586
3076,7757.068
3077,7263.666
3078,6425.3667
3079,8342.41
3080,10303.387
3081,7100.6064
3082,11006.054
3083,8459.546
3084,10467.125
3085,5420.2236
3086,8012.6616
3087,7231.301
3088,8937.197
3089,10789.206
3090,5081.9185
3091,8774.822
3092,8753.182
3093,9559.75
3094,5862.6245
3095,5075.306
3096,9772.989
3097,8437.95
3098,10430.48
3099,8146.1274
3100,6964.5176
3101,10587.672
3102,8941.435
3103,9854.722
3104,8861.0625
3105,7541.655
3106,10160.373
3107,13002.239
3108,9300.65
3109,6288.707
3110,7369.761
3111,5661.7153
3112,0.0
3113,10128.077
3114,6795.185
3115,10599.473
3116,6056.024
3117,9045.361
3118,7547.21
3119,12140.836
3120,6106.0396
3121,6811.278
3122,8017.34
3123,9274.659
3124,6108.451
3125,8873.494
3126,8420.103
3127,11489.606
3128,9033.266
3129,8689.323
3130,6631.1387
3131,5953.7764
3132,6153.5444
3133,13376.984
3134,11745.283
3135,7612.29
3136,13967.358
3137,7569.443
3138,6514.6694
3139,8280.284
3140,10102.723
3141,12177.377
3142,8532.281
3143,10398.189
3144,10164.386
3145,7995.042
3146,8147.402
3147,7170.558
3148,6432.069
3149,6304.9775
3150,5147.2075
3151,7264.6772
3152,10240.676
3153,17105.95
3154,8627.634
3155,6213.213
3156,9661.855
3157,5182.8374
3158,7242.5107
3159,4874.615
3160,10203.481
3161,8007.2905
3162,8036.3345
3163,15057.337
3164,11917.159
3165,7822.622
3166,8437.54
3167,4940.9443
3168,6298.9307
3169,6492.115
3170,9670.65
3171,6559.419
3172,5423.9526
3173,6948.5996
3174,6626.8896
3175,9012.319
3176,8861.484
3177,3953.947
3178,8547.007
3179,9939.176
3180,10518.564
3181,7041.801
3182,6104.991
3183,9537.41
3184,5508.763
3185,10920.458
3186,5808.882
3187,6515.664
3188,8560.068
3189,7107.464
3190,5642.081
3191,7524.942
3192,8976.555
3193,11270.604
3194,12111.102
3195,6941.472
3196,4856.663
3197,6650.9844
3198,7128.347
3199,6190.45
3200,8685.942
3201,6969.7476
3202,13535.325
3203,9287.628
3204,7527.3535
3205,9270.388
3206,5706.1665
3207,11071.413
3208,6890.0737
3209,14716.565
3210,7917.0566
3211,7202.5137
3212,7334.8594
3213,5375.9478
3214,9447.58
3215,18299.68
3216,5916.712
3217,5912.549
3218,12106.897
3219,7878.8115
3220,8668.604
3221,9671.794
3222,7789.408
3223,6549.885
3224,5832.2163
3225,11339.632
3226,8136.1807
3227,8080.645
3228,8422.175
3229,5824.9443
3230,8395.684
3231,7336.035
3232,4774.8022
3233,9885.854
3234,10039.309
3235,5286.4155
3236,8646.539
3237,8553.033
3238,6039.353
3239,11022.599
3240,7980.46
3241,9449.959
3242,5756.7407
3243,6458.4854
3244,7368.672
3245,0.0
3246,9340.324
3247,5932.592
3248,6803.8433
3249,6238.713
3250,7343.96
3251,7111.397
3252,8434.008
3253,8931.667
3254,9892.126
3255,7586.4136
3256,9076.846
3257,7425.0
3258,10796.524
3259,10772.158
3260,7644.778
3261,4393.622
3262,7345.9917
3263,8804.987
3264,5248.1763
3265,12806.431
3266,7108.094
3267,7772.198
3268,11804.939
3269,7435.964
3270,5616.7583
3271,13277.535
3272,11901.382
3273,6358.516
3274,10914.836
3275,12047.99
3276,7080.304
3277,6465.5674
3278,8393.738
3279,7267.9766
3280,6938.639
3281,8298.421
3282,6134.7383
3283,7037.289
3284,10047.489
3285,9101.031
3286,10412.241
3287,6959.1987
3288,7988.906
3289,4532.621
3290,9316.347
3291,8876.085
3292,7466.2036
3293,7795.28
3294,9727.032
3295,11253.976
3296,7418.1973
3297,6558.2993
3298,7559.8755
3299,8523.952
3300,8426.225
3301,5309.5957
3302,5357.642
3303,8966.842
3304,7943.1816
3305,7319.1284
3306,9944.4
3307,7216.7485
3308,8847.398
3309,6887.104
3310,4527.423
3311,8341.384
3312,7775.1343
3313,9048.011
3314,11268.959
3315,10318.217
3316,5936.2373
3317,9896.655
3318,4982.2607
3319,4247.1807
3320,9756.532
3321,13756.125
3322,9022.055
3323,9140.525
3324,6854.219
3325,8587.013
3326,10798.77
3327,8075.914
3328,9538.647
3329,6469.3306
3330,5423.3887
3331,6567.489
3332,6304.7007
3333,7207.5166
3334,6788.26
3335,6807.764
3336,5377.738
3337,8610.838
3338,9939.792
3339,7149.483
3340,7480.8877
3341,8441.025
3342,6658.887
3343,5884.934
3344,11064.763
3345,9129.426
3346,6877.297
3347,5283.0933
3348,16047.055
3349,7441.0435
3350,8068.076
3351,10528.45
3352,9604.377
3353,9582.197
3354,6903.401
3355,8238.626
3356,12405.038
3357,14734.275
3358,6856.5273
3359,6622.934
3360,5996.6636
3361,7525.961
3362,6894.1494
3363,9326.758
3364,11093.558
3365,6813.844
3366,5540.824
3367,7897.4775
3368,9616.494
3369,6547.7114
3370,9432.094
3371,4821.1865
3372,9313.912
3373,9810.074
3374,9378.656
3375,10856.0625
3376,8089.467
3377,5552.485
3378,7094.8184
3379,10037.527
3380,9748.44
3381,9224.489
3382,8895.408
3383,8410.326
3384,5832.194
3385,10582.725
3386,5025.528
3387,12024.021
3388,7253.475
3389,5946.12
3390,8515.744
3391,6876.339
3392,9194.939
3393,8951.41
3394,5211.61
3395,6330.3228
3396,10257.195
3397,10876.469
3398,11187.773
3399,6835.86
3400,7349.699
3401,8774.932
3402,7873.763
3403,6840.478
3404,12308.424
3405,10388.584
3406,12872.14
3407,5409.666
3408,7631.548
3409,0.0
3410,8704.951
3411,6861.238
3412,12380.1
3413,7580.75
3414,6741.7373
3415,6508.614
3416,7269.6265
3417,6452.9683
3418,8242.218
3419,6435.2417
3420,6692.877
3421,10895.345
3422,7662.1733
3423,20530.883
3424,8048.761
1713,4191.642
1714,7787.2764
1715,9235.89
1716,6864.8447
1717,7526.0327
1718,6102.8315
1719,7701.7246
1720,8252.256
1721,5892.5845
1722,6066.037
1723,7204.4995
1724,8575.57
1725,7549.881
1726,8641.016
1727,6399.3
1728,5053.1724
1729,5868.8574
1730,10349.895
1731,10330.407
1732,10428.083
1733,8689.787
1734,5446.5825
1735,5983.922
1736,4897.5454
1737,7690.655
1738,11275.7
1739,8982.747
1740,6673.3647
1741,6323.57
1742,4852.25
1743,6423.265
1744,10835.033
1745,7304.295
1746,5337.7485
1747,5968.3945
1748,7744.818
1749,3902.6736
1750,7819.787
1751,4663.121
1752,6359.796
1753,6607.608
1754,5725.6143
1755,7722.188
1756,7782.3906
1757,5435.699
1758,7310.3164
1759,7247.161
1760,10961.845
1761,6121.3994
1762,9149.248
1763,6893.1104
1764,9151.5
1765,7127.3955
1766,9564.994
1767,5390.685
1768,5362.6167
1769,6646.8433
1770,6228.6523
1771,9282.288
1772,8273.424
1773,6457.3457
1774,7447.1
1775,7044.3604
1776,10515.345
1777,4198.353
1778,13229.464
1779,5353.8105
1780,6669.3306
1781,8246.897
1782,5325.7817
1783,6756.9624
1784,6517.6216
1785,7881.3145
1786,5904.0166
1787,5820.1294
1788,7749.296
1789,7504.1704
1790,7104.4004
1791,5347.849
1792,7447.434
1793,10700.683
1794,6862.7563
1795,4929.4297
1796,6753.1416
1797,6145.022
1798,6194.0884
1799,7174.7036
1800,4296.847
1801,8838.188
1802,6345.551
1803,7384.8267
1804,7896.476
1805,5216.847
1806,5722.2837
1807,5844.362
1808,8235.751
1809,9085.741
1810,5346.9004
1811,5149.6875
1812,7348.0938
1813,6072.631
1814,6233.264
1815,8892.863
1816,6916.5957
1817,8205.0
1818,6118.0376
1819,5004.676
1820,7391.4014
1821,7801.3564
1822,8023.6436
1823,9008.976
1824,8288.896
1825,6306.3667
1826,8781.688
1827,6449.971
1828,8357.996
1829,9578.588
1830,7317.132
1831,10046.942
1832,7716.7837
1833,7668.2344
1834,6099.4385
1835,7524.942
1836,8027.655
1837,7168.9507
1838,4638.3716
1839,5997.213
1840,8399.184
1841,6341.5693
1842,5289.3965
1843,8976.58
1844,6703.457
1845,6173.839
1846,5668.275
1847,5832.639
1848,8104.588
1849,6878.4053
1850,7494.993
1851,5779.645
1852,5932.682
1853,6841.548
1854,4405.0117
1855,7277.001
1856,5551.844
1857,8573.256
1858,7872.021
1859,6695.744
1860,11067.57
1861,6079.806
1862,5140.216
1863,10780.062
1864,6566.2485
1865,8675.345
1866,7872.7417
1867,5587.305
1868,6440.9956
1869,5742.2734
1870,8094.7305
1871,12144.345
1872,6502.2163
1873,3634.8662
1874,5071.696
1875,9532.526
1876,9202.23
1877,6676.071
1878,7568.2876
1879,4791.556
1880,5625.0684
1881,3413.03
1882,5397.4814
1883,6315.119
1884,7275.509
1885,7192.6006
1886,6733.608
1887,8154.7876
1888,9165.354
1889,7654.328
1890,5685.5596
1891,8974.8
1892,11364.447
1893,6256.131
1894,8478.739
1895,5732.2153
1896,6794.6084
1897,4457.8794
1898,7467.3926
1899,6088.7256
1900,8637.687
1901,7177.5513
1902,9019.758
1903,8070.1235
1904,5623.5664
1905,9817.271
1906,17221.764
1907,10774.11
1908,6715.251
1909,3442.3408
1910,6294.618
1911,9427.04
1912,5928.745
1913,11572.177
1914,15510.882
1915,4296.388
1916,6287.5913
1917,8071.0166
1918,5326.569
1919,9933.547
1920,6998.272
1921,7946.6294
1922,4112.812
1923,7206.211
1924,6557.83
1925,7489.6836
1926,10460.188
1927,6254.991
1928,5755.1704
1929,7245.9517
1930,5933.418
1931,5486.4976
1932,8104.5107
1933,6162.161
1934,6127.5977
1935,7775.75
1936,6664.752
1937,6056.099
1938,7977.2104
1939,7315.1294
1940,8417.324
1941,7687.9414
1942,7309.8145
1943,5565.8794
1944,4048.9639
1945,6834.7124
1946,7413.748
1947,6539.061
1948,4657.0312
1949,8930.722
1950,7866.3394
1951,9327.354
1952,6985.001
1953,6026.5034
1954,5832.7725
1955,4761.8125
1956,9868.144
1957,5184.237
1958,7853.1826
1959,14035.891
1960,7503.555
1961,7046.282
1962,5310.4014
1963,4896.345
1964,7667.9927
1965,4838.269
1966,6151.69
1967,9879.576
1968,5587.337
1969,14792.271
1970,13707.0
1971,4953.771
1972,7300.1436
1973,5654.7964
1974,7113.1133
1975,6121.388
1976,10907.624
1977,7882.69
1978,9795.507
1979,4941.411
1980,7502.0522
1981,4931.767
1982,8868.554
1983,6855.6187
1984,6750.9517
1985,6634.1816
1986,6325.4155
1987,8527.335
1988,9315.911
1989,5988.1816
1990,10344.792
1991,6549.023
1992,9350.477
1993,5656.5767
1994,5817.082
1995,5431.8843
1996,11144.418
1997,5684.865
1998,7807.364
1999,7236.31
2000,9337.697
2001,4914.022
2002,8046.2666
2003,7456.966
2004,4447.151
2005,14136.974
2006,14864.129
2007,7083.1143
2008,7377.7583
2009,9223.583
2010,11447.909
2011,10970.463
2012,6465.8203
2013,8232.617
2014,5720.3955
2015,8242.352
2016,4367.9937
2017,6359.8447
2018,5882.8633
2019,5995.52
2020,7687.421
2021,5433.1484
2022,5431.418
2023,7172.5415
2024,4356.189
2025,5105.7705
2026,6235.2266
2027,7362.3354
2028,9280.836
2029,8706.338
2030,7363.1777
2031,6362.9814
2032,6274.902
2033,11375.01
2034,7653.613
2035,6228.611
2036,5230.525
2037,8676.586
2038,4691.5864
2039,7449.6436
2040,3557.4053
2041,5747.1997
2042,8226.754
2043,6229.805
2044,5161.495
2045,8279.179
2046,9105.998
2047,10948.689
2048,6121.353
2049,10023.617
2050,3578.0195
2051,5900.0586
2052,7061.5015
2053,4646.2935
2054,8061.261
2055,5528.086
2056,5564.2974
2057,9026.307
2058,10746.975
2059,8143.028
2060,5747.3477
2061,5137.5933
2062,8853.746
2063,7610.1265
2064,6526.356
2065,5680.1387
2066,6809.0435
2067,9920.556
2068,4848.9976
2069,6970.838
2070,7803.902
2071,8640.364
2072,13184.634
2073,5039.4487
2074,12284.897
2075,7197.5005
2076,5428.3003
2077,4220.9727
2078,6206.04
2079,6177.061
2080,6182.543
2081,7236.738
2082,5333.1377
2083,5246.2744
2084,7614.563
2085,4009.82
2086,8075.1206
2087,7405.2036
2088,8977.3
2089,9215.476
2090,5753.9517
2091,9462.947
2092,6804.745
2093,5861.758
2094,5950.9204
2095,5842.6226
2096,10877.361
2097,6675.994
2098,5617.905
2099,8279.273
2100,8928.618
2101,7791.3325
2102,6617.914
2103,9059.306
2104,5957.4062
2105,6008.389
2106,6478.8647
2107,8339.045
2108,7034.1147
2109,6681.32
2110,6270.068
2111,5027.4365
2112,4438.1284
2113,5807.9565
2114,8199.712
2115,8733.076
2116,9896.967
2117,11198.107
2118,7918.3174
2119,5329.166
2120,5158.1284
2121,10376.057
2122,10431.884
2123,8045.0005
2124,9034.127
2125,9216.794
2126,6563.18
2127,4573.4106
2128,10652.944
2129,6812.753
2130,7215.2344
2131,6653.77
2132,3429.8032
2133,11676.547
2134,6040.73
2135,5721.8906
2136,5271.908
2137,6579.056
2138,7104.2104
2139,8962.96
2140,6492.1523
2141,5176.8394
2142,5205.0376
2143,5168.1357
2144,3225.2686
2145,7126.9263
2146,16213.632
2147,5562.154
2148,5746.35
2149,7359.4146
2150,5617.3154
2151,5712.854
2152,5271.928
2153,4958.9434
2154,7908.166
2155,7098.291
2156,4404.894
2157,8669.141
2158,6765.7007
2159,5182.8174
2160,8549.845
2161,7965.2437
2162,9503.142
2163,6351.673
2164,7605.6494
2165,5339.3267
2166,4934.953
2167,14200.893
2168,9813.152
2169,6602.0703
2170,6549.9976
2171,5286.3096
2172,6027.3657
2173,4949.9307
2174,9474.254
2175,5579.5933
2176,5909.29
2177,7151.365
2178,5048.653
2179,7019.892
2180,8006.183
2181,7899.2256
2182,7257.0317
2183,4890.7485
2184,6144.2837
2185,6464.612
2186,8976.932
2187,9014.004
2188,7234.985
2189,5426.6226
2190,7803.738
2191,6146.3936
2192,4665.475
2193,7512.4204
2194,7433.957
2195,6969.282
2196,6308.906
2197,6998.058
2198,6251.6094
2199,6152.189
2200,7295.4663
2201,7093.3706
2202,7039.1084
2203,9320.542
2204,6302.296
2205,5252.2124
2206,11517.155
2207,6489.7627
2208,3909.5073
2209,8185.5215
2210,8578.974
2211,11283.747
2212,5370.1616
2213,6390.498
2214,6396.7915
2215,7699.499
2216,6463.0396
2217,9435.774
2218,3628.5298
2219,7068.4824
2220,6432.3267
2221,6214.742
2222,5578.3374
2223,7175.5317
2224,8488.133
2225,6068.462
2226,9634.901
2227,7009.909
2228,8639.211
2229,4744.796
2230,7015.9097
2231,6721.845
2232,7504.4355
2233,8989.304
2234,3923.0195
2235,8029.079
2236,7487.498
2237,8242.761
2238,5050.912
2239,4379.8013
2240,8340.97
2241,7091.936
2242,9009.981
2243,6827.949
2244,6070.002
2245,8732.867
2246,7498.411
2247,7960.8384
2248,7861.891
2249,6357.4126
2250,8763.155
2251,10971.468
2252,8181.104
2253,5268.992
2254,6254.7285
2255,4917.1167
2256,0.0
2257,8696.254
2258,5778.8677
2259,9123.663
2260,5048.7734
2261,7770.1523
2262,6368.3003
2263,10454.135
2264,5182.175
2265,5841.391
2266,6395.248
2267,8148.5444
2268,5106.652
2269,7399.4146
2270,7609.8506
2271,10045.524
2272,7786.1104
2273,7229.087
2274,5881.8364
2275,5269.3843
2276,5367.545
2277,11512.422
2278,9755.778
2279,6720.999
2280,12748.181
2281,6357.067
2282,5663.7354
2283,6886.4863
2284,8678.497
2285,10596.106
2286,7048.084
2287,8804.517
2288,8141.0786
2289,7065.126
2290,6892.1245
2291,5895.092
2292,5382.988
2293,5324.2935
2294,4576.627
2295,5801.921
2296,8703.059
2297,14922.181
2298,7298.3267
2299,5388.094
2300,7663.7886
2301,4418.5244
2302,6248.1816
2303,4305.525
2304,8773.183
2305,6670.959
2306,6815.7554
2307,12856.116
2308,11085.191
2309,6788.0723
2310,7236.199
2311,4191.97
2312,5762.2783
2313,5646.9536
2314,8447.936
2315,5472.7563
2316,4598.9453
2317,6176.472
2318,5937.6416
2319,7256.0073
2320,7177.7563
2321,3648.498
2322,7141.1206
2323,8487.995
2324,8362.717
2325,5526.7837
2326,4962.1797
2327,7927.348
2328,5027.724
2329,9413.787
2330,4613.027
2331,5347.3286
2332,7059.346
2333,6096.0767
2334,4927.056
2335,5851.596
2336,7556.5303
2337,9592.384
2338,10218.519
2339,5736.2354
2340,4065.6953
2341,5923.2056
2342,6264.4844
2343,5078.5312
2344,7103.2485
2345,6260.566
2346,11681.582
2347,7681.667
2348,6492.0654
2349,8231.274
2350,5320.912
2351,9426.249
2352,6000.4287
2353,12856.7295
2354,6628.957
2355,6046.5234
2356,6050.5796
2357,4701.9624
2358,8124.4863
2359,15406.146
2360,5009.4136
2361,5062.0874
2362,10299.978
2363,6686.7896
2364,7572.5913
2365,7938.493
2366,6527.3457
2367,5390.9883
2368,5158.414
2369,9615.146
2370,6842.3833
2371,6931.6143
2372,7478.7686
2373,5345.5747
2374,7432.2056
2375,6267.192
2376,4194.466
2377,8512.496
2378,8779.192
2379,4813.5957
2380,7578.9497
2381,7055.4287
2382,4975.9253
2383,9537.4375
2384,6676.3506
2385,8025.955
2386,5027.556
2387,5336.8623
2388,6742.631
2389,0.0
2390,8167.6157
2391,4902.2334
2392,6125.5117
2393,5460.9976
2394,6413.3354
2395,6429.4805
2396,7537.944
2397,7072.805
2398,8441.782
2399,6712.3374
2400,7849.955
2401,6671.7676
2402,8790.6045
2403,9304.643
2404,6728.94
2405,3533.3855
2406,6670.113
2407,7417.0156
2408,4731.17
2409,11031.8545
2410,5769.6367
2411,6631.898
2412,10121.337
2413,6672.2
2414,4846.514
2415,11797.286
2416,9859.131
2417,5524.3486
2418,8989.037
2419,10066.433
2420,6207.68
2421,5798.801
2422,6963.927
2423,6295.759
2424,6389.608
2425,7195.805
2426,5181.8687
2427,6231.998
2428,7985.409
2429,7336.5737
2430,8325.86
2431,6204.099
2432,7138.553
2433,4175.711
2434,8242.698
2435,7281.1665
2436,6572.5396
2437,6936.9053
2438,8092.6772
2439,9504.928
2440,6142.485
2441,5756.746
2442,6413.715
2443,7411.09
2444,7162.1846
2445,4582.717
2446,4607.9824
2447,8052.9614
2448,7357.8003
2449,6329.6885
2450,8502.345
2451,6395.6016
2452,7484.7275
2453,5668.794
2454,3877.1887
2455,6898.1353
2456,6576.133
2457,7305.326
2458,9607.986
2459,8871.785
2460,5317.1934
2461,8411.369
2462,4383.906
2463,3798.4656
2464,8106.5054
2465,12238.54
2466,7785.1743
2467,7547.7427
2468,5301.671
2469,7343.2036
2470,9057.508
2471,6671.7803
2472,8327.258
2473,5415.2886
2474,4701.2715
2475,6179.501
2476,5519.672
2477,6470.0464
2478,5649.5127
2479,5516.256
2480,4483.9795
2481,7410.362
2482,8190.067
2483,5832.489
2484,6520.0654
2485,6895.899
2486,5834.3027
2487,5309.4033
2488,8943.294
2489,7928.278
2490,5983.8765
2491,4200.043
2492,14062.126
2493,6465.598
2494,6366.6
2495,8998.182
2496,8184.257
2497,8037.584
2498,6213.438
2499,7240.314
2500,9909.927
2501,12824.692
2502,5823.3774
2503,5540.5283
2504,5113.539
2505,6573.944
2506,5711.9985
2507,8316.994
2508,9420.137
2509,6147.5664
2510,4712.685
2511,6677.0513
2512,8617.419
2513,5497.64
2514,7725.584
2515,4254.3174
2516,7407.5986
2517,8392.232
2518,7847.103
2519,9201.555
2520,6853.2974
2521,4735.9336
2522,6019.305
2523,8483.608
2524,8547.61
2525,7542.9497
2526,7556.689
2527,6922.153
2528,5006.2324
2529,9398.841
2530,4610.7437
2531,10347.239
2532,6132.8896
2533,4906.051
2534,7123.732
2535,6157.6836
2536,7866.324
2537,7929.14
2538,4472.634
2539,5454.152
2540,8429.665
2541,9231.002
2542,9949.182
2543,6136.9507
2544,6536.2236
2545,7468.8813
2546,6571.2485
2547,5837.8706
2548,10589.469
2549,8652.504
2550,11119.817
2551,4511.9194
2552,6152.6465
2553,0.0
2554,7589.8154
2555,5875.674
2556,10461.556
2557,6911.36
2558,5916.34
2559,5413.0986
2560,5613.4053
2561,5837.0244
2562,6923.6187
2563,5518.503
2564,5564.839
2565,8990.547
2566,6573.455
2567,18504.244
2568,6594.3164
857,4050.9612
858,7200.151
859,8312.554
860,6281.669
861,6962.3594
862,5724.303
863,7356.6216
864,7721.1787
865,5456.9985
866,5522.115
867,6711.1597
868,7978.0244
869,7007.944
870,8225.569
871,5956.1504
872,4623.767
873,5341.6245
874,9469.953
875,9830.511
876,9572.204
877,7980.0566
878,4646.1387
879,5772.67
880,4472.949
881,7363.0796
882,10359.444
883,8684.235
884,6283.7065
885,5534.09
886,4673.256
887,6027.895
888,10405.828
889,6631.5815
890,5163.44
891,5615.1567
892,7432.7515
893,3598.022
894,7596.8984
895,4398.151
896,6289.859
897,6247.276
898,5287.681
899,7472.387
900,7247.1265
901,5190.1147
902,6683.391
903,7017.9175
904,10549.237
905,5902.1694
906,8462.08
907,6749.716
908,8774.371
909,6631.7524
910,9024.43
911,4836.1006
912,4687.9272
913,6057.584
914,5869.865
915,8747.581
916,7852.973
917,5672.9053
918,7152.989
919,6903.355
920,9741.525
921,3896.558
922,12507.874
923,5027.1196
924,6240.945
925,7883.7427
926,4937.7783
927,6323.871
928,5992.8213
929,7018.0176
930,5628.568
931,5485.304
932,7475.6094
933,7239.872
934,6496.8105
935,5148.661
936,7066.3794
937,10339.525
938,6335.185
939,4634.0596
940,6456.2866
941,5918.2812
942,5818.0366
943,7142.2104
944,3768.463
945,7978.7397
946,5984.9497
947,6863.4697
948,7472.815
949,4722.8823
950,5467.137
951,5388.1865
952,7734.7046
953,8649.442
954,5011.416
955,4898.756
956,6983.822
957,5783.5825
958,5982.849
959,8392.737
960,6310.8315
961,7701.6655
962,5807.1367
963,4450.7456
964,6841.672
965,7421.4385
966,7547.21
967,8455.723
968,7943.424
969,5795.295
970,8566.921
971,5928.6943
972,7566.7285
973,8846.791
974,7054.1904
975,9392.191
976,7610.9976
977,7319.031
978,5752.6016
979,7012.872
980,7449.53
981,6584.38
982,4289.0137
983,5720.112
984,7954.4854
985,6048.721
986,4661.747
987,8284.519
988,6554.416
989,6009.318
990,5329.852
991,5284.565
992,7254.8794
993,6511.29
994,6785.308
995,5598.5723
996,5375.03
997,6336.1216
998,4069.2144
999,6451.251
1000,5087.268
1001,8090.0684
1002,7520.565
1003,6524.7935
1004,10606.825
1005,5582.207
1006,4816.062
1007,10217.943
1008,6365.7617
1009,8309.367
1010,7361.507
1011,5380.0825
1012,6188.679
1013,5560.5093
1014,7651.438
1015,11097.674
1016,6159.957
1017,3452.661
1018,4773.2725
1019,8709.66
1020,8750.961
1021,6314.294
1022,7121.6733
1023,4681.5947
1024,5076.826
1025,3071.5613
1026,5075.0737
1027,5967.2446
1028,7036.658
1029,6773.8623
1030,6258.4585
1031,7794.4395
1032,8742.26
1033,7419.5063
1034,5302.3584
1035,8519.156
1036,10455.601
1037,5727.187
1038,7813.1743
1039,5336.0786
1040,6492.233
1041,4069.7075
1042,6918.6016
1043,5559.846
1044,8272.201
1045,6820.958
1046,8599.159
1047,7610.141
1048,5349.839
1049,9219.827
1050,16306.368
1051,10161.904
1052,5860.858
1053,3151.386
1054,6005.496
1055,8884.004
1056,5650.4614
1057,11349.24
1058,15138.594
1059,4072.0063
1060,5599.373
1061,7756.654
1062,4914.5376
1063,9363.703
1064,6522.1924
1065,7161.9727
1066,3987.8142
1067,6724.173
1068,6042.8047
1069,6821.8433
1070,10070.159
1071,6166.4824
1072,5489.1406
1073,6939.519
1074,5610.0923
1075,5196.222
1076,8017.256
1077,5772.224
1078,5774.625
1079,6846.333
1080,6210.126
1081,5733.6206
1082,7330.705
1083,6819.2017
1084,8020.6133
1085,7327.9507
1086,7059.9927
1087,5319.3696
1088,3885.2415
1089,6517.218
1090,6848.3643
1091,6330.8
1092,4385.052
1093,8201.644
1094,7237.5454
1095,8852.176
1096,6693.6943
1097,5364.622
1098,5479.108
1099,4483.513
1100,9241.088
1101,5112.203
1102,7735.3022
1103,13222.21
1104,7241.668
1105,6565.5283
1106,5078.299
1107,4572.608
1108,7200.57
1109,4558.65
1110,5838.4556
1111,9517.337
1112,5353.1567
1113,13953.259
1114,12896.717
1115,4855.63
1116,6812.2197
1117,5401.8027
1118,6510.2407
1119,5870.8784
1120,10408.151
1121,7530.7217
1122,8688.825
1123,4448.3687
1124,7054.796
1125,4739.707
1126,8591.117
1127,6540.758
1128,6225.7773
1129,6419.4126
1130,6100.4683
1131,8070.8086
1132,8941.546
1133,5848.26
1134,9579.182
1135,6346.0713
1136,8705.632
1137,5292.0713
1138,5579.4336
1139,5074.415
1140,10173.241
1141,5539.075
1142,7355.4355
1143,6589.8022
1144,8698.627
1145,4670.6577
1146,7756.1875
1147,6921.8623
1148,4003.1511
1149,13206.028
1150,14358.3
1151,6595.952
1152,6667.225
1153,8666.4375
1154,10639.267
1155,10317.046
1156,5782.97
1157,7415.4243
1158,5520.5244
1159,7864.0513
1160,4109.53
1161,6040.085
1162,5644.859
1163,5730.668
1164,7164.4463
1165,5153.594
1166,4861.1216
1167,6877.244
1168,4171.204
1169,4790.5737
1170,5921.4883
1171,6824.251
1172,8718.429
1173,8458.32
1174,6983.229
1175,6190.592
1176,5992.204
1177,10726.453
1178,6852.801
1179,5787.6274
1180,4985.8027
1181,8558.158
1182,4437.722
1183,7095.6104
1184,3289.1646
1185,5406.0864
1186,7538.6343
1187,5956.5083
1188,4943.2734
1189,7913.327
1190,8762.6455
1191,10569.269
1192,5743.3965
1193,9846.464
1194,3218.5774
1195,5370.2075
1196,6677.7007
1197,4451.6626
1198,7952.331
1199,5081.7197
1200,5152.906
1201,8479.265
1202,10157.863
1203,7964.909
1204,5391.467
1205,4826.3447
1206,8292.559
1207,7434.822
1208,6005.6274
1209,5452.7837
1210,6564.921
1211,9311.105
1212,4708.205
1213,6417.845
1214,7346.048
1215,8079.967
1216,12590.374
1217,4916.732
1218,11760.146
1219,6722.2686
1220,5106.4424
1221,3722.3735
1222,5734.074
1223,5842.327
1224,5872.738
1225,6944.6973
1226,5049.5103
1227,4776.8296
1228,7151.1943
1229,3665.3752
1230,7814.8066
1231,7148.2554
1232,8250.988
1233,8623.61
1234,5408.1235
1235,8875.695
1236,6675.956
1237,5523.0107
1238,5748.7236
1239,5446.972
1240,10196.924
1241,6284.7134
1242,5282.8267
1243,7579.7886
1244,8320.993
1245,7346.8745
1246,6038.6445
1247,8223.082
1248,5669.4863
1249,5906.0273
1250,6269.153
1251,8242.407
1252,6379.2617
1253,6067.235
1254,5880.6025
1255,4830.5176
1256,4095.4102
1257,5657.526
1258,8084.954
1259,8197.554
1260,9653.639
1261,10505.74
1262,7483.457
1263,4902.0464
1264,4862.527
1265,9858.3125
1266,9914.9375
1267,7424.9575
1268,8462.742
1269,8379.556
1270,6133.685
1271,4084.9226
1272,10078.721
1273,6448.163
1274,6508.893
1275,6173.4443
1276,2877.6987
1277,10931.202
1278,5778.603
1279,5387.539
1280,4949.43
1281,6249.0933
1282,6573.1665
1283,8084.692
1284,6478.679
1285,5008.6685
1286,4830.504
1287,4670.07
1288,2942.5916
1289,6432.707
1290,15285.678
1291,5325.655
1292,5546.44
1293,6902.308
1294,5356.15
1295,5259.221
1296,5160.8945
1297,4281.537
1298,7793.7183
1299,6580.3115
1300,4181.0757
1301,8018.227
1302,5967.609
1303,4732.2036
1304,8088.5483
1305,7558.715
1306,9136.177
1307,5516.261
1308,6987.92
1309,4953.969
1310,4659.7373
1311,13560.548
1312,9542.852
1313,6180.603
1314,5854.935
1315,5015.9595
1316,5550.8857
1317,4562.8657
1318,9276.81
1319,5245.904
1320,5675.1455
1321,6875.001
1322,4801.608
1323,6404.9907
1324,7317.453
1325,7463.3696
1326,6903.809
1327,4389.8853
1328,5940.2134
1329,6228.783
1330,8510.759
1331,8388.023
1332,6865.46
1333,4919.49
1334,7578.2197
1335,5773.347
1336,4269.2734
1337,6794.9126
1338,6993.988
1339,6446.177
1340,6081.0474
1341,6434.6587
1342,5987.9814
1343,5855.7446
1344,7045.449
1345,6959.325
1346,6239.915
1347,8817.273
1348,5915.561
1349,4781.954
1350,10923.969
1351,5987.6562
1352,3862.5886
1353,7502.3887
1354,8296.261
1355,10573.1
1356,5028.8706
1357,5774.906
1358,6061.208
1359,7222.636
1360,5942.1685
1361,8915.726
1362,3414.362
1363,6580.933
1364,6008.8135
1365,5571.212
1366,5080.193
1367,6857.986
1368,7940.235
1369,5680.7563
1370,8923.365
1371,6654.9756
1372,7898.374
1373,4552.94
1374,6566.4863
1375,6279.3145
1376,7281.076
1377,8267.878
1378,3635.109
1379,7990.613
1380,6965.3945
1381,7562.789
1382,4809.066
1383,4062.2256
1384,7859.657
1385,6104.2227
1386,8635.487
1387,6314.1914
1388,5654.219
1389,8510.305
1390,6526.997
1391,7111.024
1392,7769.352
1393,5754.1987
1394,8305.825
1395,10427.357
1396,7517.323
1397,4791.4326
1398,5862.479
1399,4579.4
1400,0.0
1401,7838.3433
1402,5591.33
1403,8295.549
1404,4800.312
1405,7354.264
1406,5893.9897
1407,9835.013
1408,5035.9077
1409,5587.572
1410,5902.9805
1411,7646.0103
1412,4970.1
1413,6972.4473
1414,7401.426
1415,9582.216
1416,7541.5107
1417,6777.611
1418,5725.21
1419,4700.0654
1420,5229.2725
1421,10700.4375
1422,9107.457
1423,6459.8223
1424,12651.668
1425,5767.128
1426,5385.7407
1427,6331.023
1428,8241.778
1429,10000.546
1430,6682.148
1431,8083.2964
1432,7733.7383
1433,6977.57
1434,6571.8877
1435,5462.821
1436,4978.4224
1437,5109.0293
1438,4195.47
1439,5288.4683
1440,8114.2563
1441,14074.524
1442,6672.2827
1443,5070.6606
1444,6978.222
1445,4108.0796
1446,5900.312
1447,4101.865
1448,8416.963
1449,6277.6797
1450,6127.761
1451,12016.799
1452,10757.507
1453,6216.0107
1454,6895.057
1455,3956.7542
1456,5547.6675
1457,5309.636
1458,8262.723
1459,5074.4346
1460,4456.026
1461,5980.7153
1462,5715.465
1463,6777.973
1464,6877.756
1465,3459.7463
1466,6993.841
1467,7816.0513
1468,7587.6655
1469,4929.402
1470,4495.7573
1471,7311.3276
1472,4991.0176
1473,8998.439
1474,4295.474
1475,5068.562
1476,6671.659
1477,5797.5674
1478,4670.168
1479,5478.5957
1480,6886.8936
1481,8997.187
1482,9420.19
1483,5481.842
1484,3859.539
1485,5684.323
1486,6048.8022
1487,4745.027
1488,6671.4746
1489,5882.016
1490,11277.065
1491,7334.9224
1492,6071.3335
1493,7699.4185
1494,5045.731
1495,8740.634
1496,5453.6836
1497,12091.065
1498,6321.7
1499,5680.908
1500,5381.16
1501,4378.435
1502,7451.008
1503,15054.853
1504,4606.5806
1505,4918.242
1506,9361.792
1507,6397.06
1508,7157.4385
1509,7531.454
1510,6260.4585
1511,5184.756
1512,4698.5547
1513,9127.04
1514,6362.5083
1515,6580.255
1516,7093.3906
1517,4975.1846
1518,7254.575
1519,6022.7456
1520,3967.3594
1521,7941.212
1522,8364.288
1523,4580.811
1524,7356.832
1525,6682.8877
1526,4771.638
1527,8894.025
1528,6357.728
1529,7371.807
1530,4577.8623
1531,4907.071
1532,6388.407
1533,0.0
1534,7512.9795
1535,4378.844
1536,5761.212
1537,4993.956
1538,5915.623
1539,6183.2627
1540,7007.242
1541,6759.689
1542,8257.791
1543,6326.2725
1544,7257.973
1545,6479.223
1546,8193.81
1547,8933.721
1548,6406.1396
1549,3491.939
1550,6306.8843
1551,6982.23
1552,4497.632
1553,10603.456
1554,5652.79
1555,6176.419
1556,9520.479
1557,6338.4126
1558,4345.85
1559,10812.61
1560,9299.435
1561,5437.8613
1562,8170.631
1563,9450.59
1564,6136.2363
1565,5464.468
1566,6530.97
1567,5836.045
1568,6183.935
1569,6918.7534
1570,4828.076
1571,6133.8545
1572,7505.8525
1573,6759.4824
1574,7664.6294
1575,5907.419
1576,6669.655
1577,4021.2427
1578,7663.1016
1579,6736.8584
1580,6152.406
1581,6536.6665
1582,7690.7646
1583,8895.425
1584,5861.3774
1585,5453.564
1586,6091.125
1587,6972.6997
1588,6914.0366
1589,4357.286
1590,4215.191
1591,7847.1177
1592,7125.7505
1593,5879.4414
1594,7892.0938
1595,6181.7646
1596,6894.1494
1597,5317.239
1598,3673.6785
1599,6553.1094
1600,6182.932
1601,6449.141
1602,9123.62
1603,8447.807
1604,5072.1216
1605,7875.543
1606,4156.4326
1607,3488.1301
1608,7696.628
1609,11111.272
1610,7427.734
1611,6695.176
1612,4565.905
1613,6744.2197
1614,8535.097
1615,6232.931
1616,7898.088
1617,5274.6846
1618,4335.722
1619,5761.6406
1620,5218.4795
1621,6044.275
1622,5267.6
1623,5134.7666
1624,4238.3257
1625,6964.259
1626,7263.0283
1627,5465.604
1628,6000.514
1629,6561.728
1630,5493.63
1631,4979.823
1632,8452.062
1633,7655.4966
1634,5922.409
1635,3787.2676
1636,12527.884
1637,6160.545
1638,5663.622
1639,8217.43
1640,7773.577
1641,7394.6943
1642,5881.5674
1643,6855.2524
1644,9267.002
1645,12103.688
1646,5185.4087
1647,4780.7363
1648,4960.0503
1649,6173.068
1650,5399.3047
1651,8027.7466
1652,8697.963
1653,6032.3926
1654,4312.529
1655,6247.204
1656,8265.576
1657,5111.4033
1658,7188.931
1659,4019.5742
1660,7101.7715
1661,7773.3696
1662,7100.8438
1663,8451.506
1664,6202.253
1665,4487.0903
1666,5826.156
1667,7484.0493
1668,8094.8
1669,7168.93
1670,7251.012
1671,6274.088
1672,4572.3115
1673,8974.851
1674,4363.8457
1675,9961.934
1676,5889.2354
1677,4674.3125
1678,6809.303
1679,5866.048
1680,7459.655
1681,7551.6885
1682,4005.2441
1683,4978.28
1684,7670.085
1685,8593.723
1686,9548.788
1687,5837.1694
1688,6185.097
1689,6489.1187
1690,6180.061
1691,5375.3223
1692,10081.162
1693,8034.61
1694,10433.993
1695,4403.3604
1696,5799.763
1697,0.0
1698,7166.565
1699,5166.194
1700,9905.845
1701,6621.0015
1702,5572.2856
1703,5140.4365
1704,5282.2974
1705,5380.349
1706,6233.93
1707,5125.093
1708,5076.429
1709,8194.88
1710,6374.937
1711,17681.027
1712,6325.9946
1,4088.4976
2,6890.1655
3,8200.213
4,6287.4775
5,6843.8843
6,5515.8877
7,7282.7573
8,7329.069
9,5127.7236
10,5549.181
11,6647.7812
12,7877.9097
13,6731.8545
14,8271.112
15,5680.0522
16,4690.4946
17,5472.2344
18,9286.061
19,9760.758
20,9287.628
21,7547.4976
22,4624.936
23,5838.4165
24,4349.23
25,7220.5283
26,10215.078
27,8803.324
28,5955.0996
29,5126.5107
30,4444.2036
31,6032.151
32,9786.243
33,6665.699
34,5207.6445
35,5320.6025
36,7274.8286
37,3595.4316
38,7443.471
39,4388.3867
40,6233.4487
41,6190.9224
42,5161.032
43,7404.5327
44,6952.206
45,4864.6885
46,6326.508
47,6673.295
48,10369.261
49,5899.828
50,8040.0835
51,6617.289
52,8484.847
53,6545.089
54,8897.343
55,4738.1973
56,4744.7915
57,5867.167
58,5819.291
59,8758.894
60,7752.519
61,5380.5034
62,7004.3286
63,6656.163
64,9582.618
65,3808.5195
66,12263.813
67,4748.799
68,6037.769
69,7757.312
70,4693.5557
71,5986.982
72,5773.5566
73,6907.0435
74,5596.8423
75,5413.4395
76,7412.744
77,7298.793
78,6166.912
79,5108.128
80,6814.2866
81,10033.01
82,6243.4634
83,4490.721
84,6292.157
85,5812.3125
86,5757.235
87,7025.4453
88,3698.3198
89,7664.717
90,5848.516
91,6770.807
92,6965.2417
93,4743.271
94,5437.2495
95,5308.153
96,7793.4136
97,8470.494
98,5069.147
99,4798.7603
100,6855.3306
101,5726.439
102,5711.6772
103,8436.912
104,6160.803
105,7565.848
106,5740.105
107,4451.085
108,6480.892
109,7374.395
110,7194.0757
111,8164.8115
112,7721.923
113,5671.358
114,8577.157
115,5630.4634
116,7259.524
117,8634.187
118,6650.3247
119,9204.898
120,7502.2954
121,7204.1904
122,5778.7466
123,6947.387
124,7582.71
125,6406.1455
126,4189.7275
127,5608.535
128,7609.8945
129,6010.6533
130,4751.3496
131,8122.2007
132,6350.043
133,5903.9883
134,5228.0605
135,5225.413
136,7008.666
137,6479.885
138,6425.6367
139,5495.3276
140,5186.68
141,6290.9688
142,4036.9968
143,6389.742
144,5085.7446
145,7894.5254
146,7330.2437
147,6334.4478
148,10329.5205
149,4947.391
150,4744.678
151,9699.435
152,6094.1465
153,8120.063
154,7409.3086
155,5569.1187
156,6161.056
157,5417.205
158,7473.1143
159,10634.337
160,6149.8184
161,3489.062
162,4601.4204
163,8298.033
164,8640.217
165,6155.4814
166,6918.872
167,4644.016
168,5143.605
169,3150.1445
170,4861.043
171,5868.751
172,6953.506
173,6567.7583
174,6097.6587
175,7704.796
176,8635.01
177,7155.4316
178,5311.5615
179,8444.335
180,10057.249
181,5620.821
182,7391.6553
183,5290.476
184,6437.507
185,4019.8696
186,6675.408
187,5244.0127
188,8182.6724
189,6590.9146
190,8378.293
191,7643.801
192,5246.6045
193,9013.402
194,16270.591
195,10097.242
196,5616.9404
197,3248.3904
198,5884.3843
199,8624.211
200,5518.2188
201,11403.654
202,15016.393
203,3958.132
204,5412.7065
205,7646.4185
206,4656.552
207,8742.168
208,6444.0806
209,7109.057
210,3970.3047
211,6582.81
212,5976.7573
213,6716.039
214,9638.128
215,6104.6304
216,5362.4224
217,6767.14
218,5279.663
219,5125.9775
220,7950.723
221,5681.331
222,5649.6045
223,6717.4805
224,6099.148
225,5353.5757
226,7137.314
227,6654.493
228,8038.726
229,6813.409
230,7006.7007
231,5159.718
232,3883.3555
233,6261.2705
234,6493.961
235,6269.6016
236,4346.0493
237,7703.2524
238,7032.1694
239,8678.249
240,6523.2876
241,5216.7827
242,5455.3486
243,4344.0723
244,9071.809
245,5023.127
246,7418.445
247,12928.108
248,7139.486
249,6741.718
250,5126.5156
251,4543.322
252,6913.351
253,4433.584
254,5795.516
255,9291.394
256,5349.196
257,13642.949
258,12680.358
259,4794.6055
260,6663.2964
261,5236.7446
262,6294.9004
263,5750.989
264,10334.191
265,7308.964
266,8314.773
267,4315.9443
268,6958.369
269,4786.974
270,8163.566
271,6448.5195
272,6106.9775
273,6272.688
274,6096.3677
275,7915.72
276,8961.814
277,5758.696
278,9205.285
279,6356.3213
280,8443.231
281,5187.6943
282,5243.1626
283,5072.0923
284,9966.458
285,5475.743
286,7422.762
287,6419.639
288,8546.6
289,4781.0645
290,7503.1685
291,6620.8247
292,3982.0781
293,12661.712
294,14330.118
295,6539.8403
296,6577.375
297,8359.639
298,10138.457
299,10066.078
300,5588.307
301,7211.2715
302,5452.352
303,7857.6855
304,4046.3074
305,5677.1924
306,5542.257
307,5454.5786
308,7037.678
309,5009.156
310,4791.117
311,6861.467
312,4056.3555
313,4552.523
314,5813.621
315,6480.781
316,8592.371
317,8374.33
318,6820.0996
319,6176.5483
320,6044.338
321,10286.008
322,6807.9067
323,5543.838
324,4815.5703
325,8336.444
326,4353.8794
327,6930.847
328,3362.3481
329,5139.26
330,7149.994
331,5955.4517
332,5104.105
333,7888.4966
334,8889.233
335,10527.878
336,5682.61
337,9701.867
338,3161.3376
339,5310.8013
340,6496.315
341,4476.637
342,7835.585
343,5259.2007
344,5159.925
345,8273.085
346,10053.893
347,8020.652
348,5244.608
349,4796.884
350,7943.6284
351,7342.9795
352,5842.004
353,5376.2505
354,6488.9824
355,9061.794
356,4557.2935
357,6199.1597
358,7215.5024
359,7818.1167
360,12161.453
361,5004.509
362,11299.341
363,6606.883
364,4957.5903
365,3724.59
366,5570.9253
367,5805.187
368,5811.1816
369,7039.726
370,4875.359
371,4741.407
372,7067.5117
373,3485.519
374,7756.72
375,6792.7095
376,7886.4424
377,8531.516
378,5200.2534
379,8985.592
380,6497.9136
381,5579.636
382,5616.9673
383,5232.7803
384,10017.769
385,6082.0566
386,5089.3257
387,7112.0005
388,8057.625
389,6870.111
390,5761.311
391,7967.6445
392,5661.7476
393,5878.46
394,6159.575
395,8225.64
396,6076.223
397,5948.707
398,5850.4297
399,4861.006
400,4062.3342
401,5569.666
402,7908.015
403,8179.4966
404,9452.447
405,10383.125
406,7494.228
407,4913.764
408,4830.7246
409,9858.642
410,9706.578
411,7214.9175
412,8127.602
413,8279.21
414,6006.5215
415,4090.647
416,10038.647
417,6317.716
418,6310.1694
419,6018.691
420,2711.3328
421,10713.734
422,5813.5986
423,5079.665
424,4880.952
425,6288.353
426,6419.3574
427,7549.139
428,6648.4917
429,4998.6787
430,4841.556
431,4393.7144
432,3124.7783
433,6421.556
434,15393.383
435,5121.1636
436,5384.385
437,6533.4624
438,5236.665
439,5055.5586
440,5017.505
441,4064.691
442,7742.4175
443,6605.478
444,4127.665
445,7822.0547
446,5680.4097
447,4650.018
448,7957.1567
449,7545.4463
450,9036.54
451,5274.458
452,6803.791
453,4927.606
454,4545.3765
455,13246.091
456,9377.628
457,6113.231
458,5551.6694
459,4919.143
460,5446.1514
461,4598.902
462,9051.973
463,5120.3286
464,5583.565
465,6814.3384
466,4831.8584
467,6383.93
468,7127.3887
469,7408.192
470,6727.5474
471,4105.2275
472,5769.499
473,6200.1
474,8278.468
475,8269.203
476,6902.5713
477,4810.9146
478,7381.672
479,5742.454
480,4354.5938
481,6789.1343
482,6779.945
483,6288.011
484,6004.2188
485,6352.1694
486,6065.048
487,5644.4604
488,6989.4663
489,6872.2085
490,5934.8276
491,8734.759
492,5850.7144
493,4402.012
494,10771.952
495,5880.4395
496,3625.25
497,7362.841
498,8321.922
499,9953.785
500,4995.819
501,5730.6187
502,5830.097
503,6983.762
504,6055.2676
505,8733.501
506,3437.2646
507,6431.5293
508,5903.51
509,5367.1196
510,5014.008
511,6727.522
512,7721.26
513,5593.8057
514,8373.332
515,6588.4194
516,7852.074
517,4636.0625
518,6288.665
519,6169.0415
520,7269.28
521,7864.4487
522,3996.6455
523,8112.2134
524,6737.263
525,7435.2827
526,4785.445
527,3975.6711
528,7739.1836
529,5914.974
530,8393.722
531,6243.3916
532,5624.698
533,8147.977
534,6301.412
535,6702.153
536,7415.3037
537,5714.658
538,7908.5054
539,10246.537
540,7283.7646
541,4698.528
542,5572.796
543,4439.204
544,0.0
545,7606.1284
546,5524.8335
547,8275.137
548,4783.6284
549,7196.3955
550,5777.0713
551,9331.216
552,4978.8496
553,5469.265
554,5747.605
555,7390.3086
556,4935.697
557,6859.831
558,7369.0376
559,9207.743
560,7413.543
561,6796.371
562,5735.223
563,4603.7207
564,5200.943
565,10306.434
566,8862.414
567,6154.8945
568,12832.694
569,5633.821
570,5371.0938
571,6218.703
572,8144.8223
573,9982.992
574,6417.3374
575,7746.4062
576,7512.5063
577,6651.7646
578,6676.669
579,5463.4565
580,4809.249
581,5159.915
582,4090.9397
583,4927.841
584,8093.395
585,14029.895
586,6577.3687
587,5072.6636
588,6732.625
589,4026.236
590,5811.514
591,4334.1055
592,8456.804
593,6121.674
594,5967.33
595,11822.866
596,10740.119
597,6076.084
598,6846.705
599,3962.038
600,5396.6787
601,5172.4214
602,8169.54
603,4908.836
604,4453.4844
605,5688.179
606,5790.3774
607,6624.387
608,6798.446
609,3489.0654
610,6900.2344
611,7615.645
612,7505.402
613,4657.467
614,4444.0933
615,7352.7773
616,5039.6025
617,8842.918
618,4296.966
619,5198.84
620,6586.9614
621,5675.097
622,4539.1675
623,5522.6943
624,6565.6475
625,8956.106
626,8980.399
627,5493.6978
628,3873.8948
629,5620.992
630,6042.8164
631,4783.51
632,6506.8447
633,5636.3257
634,10977.727
635,7109.518
636,6001.585
637,7447.3135
638,4841.9673
639,8581.199
640,5467.288
641,12059.671
642,6122.1
643,5555.303
644,5288.12
645,4377.078
646,7322.082
647,14888.845
648,4440.445
649,4974.606
650,9053.69
651,6152.048
652,6833.702
653,7616.626
654,6047.481
655,5064.367
656,4684.543
657,8929.836
658,6052.675
659,6372.5415
660,7001.5435
661,4836.133
662,7261.9478
663,6007.8853
664,3991.129
665,8047.955
666,8326.924
667,4450.7456
668,7274.3433
669,6623.2754
670,4747.087
671,8684.219
672,6267.138
673,7332.2715
674,4559.446
675,5014.711
676,6109.2905
677,0.0
678,7295.856
679,4278.1484
680,5653.178
681,4964.651
682,5797.7666
683,6082.851
684,6924.6753
685,6662.3433
686,8113.204
687,6215.1924
688,7156.544
689,6200.4844
690,7828.19
691,8922.633
692,6200.946
693,3511.2961
694,6154.3955
695,6772.338
696,4421.699
697,10698.683
698,5593.3945
699,6092.9434
700,9462.568
701,6368.5493
702,4203.751
703,10446.45
704,9192.405
705,5331.0166
706,7893.012
707,9239.995
708,6112.263
709,5325.4463
710,6484.4844
711,5591.4316
712,6050.3257
713,6842.729
714,4718.0957
715,6069.2896
716,7371.1743
717,6484.6763
718,7606.1353
719,5763.2783
720,6398.4146
721,4010.1184
722,7488.812
723,6701.6987
724,6060.595
725,6258.2495
726,7380.8057
727,8704.071
728,5791.5703
729,5208.2803
730,6095.914
731,6956.77
732,6737.6035
733,4221.778
734,4149.801
735,7487.7266
736,7069.15
737,5600.4575
738,7830.8633
739,6034.2056
740,6563.8813
741,5188.7783
742,3687.9692
743,6453.1157
744,6048.704
745,6372.481
746,8659.951
747,8075.3438
748,5031.7397
749,7873.3125
750,4140.426
751,3469.973
752,7513.0796
753,11072.005
754,7436.8716
755,6630.519
756,4453.506
757,6575.048
758,8352.02
759,6109.716
760,7814.8066
761,5178.79
762,4387.767
763,5529.2305
764,5146.27
765,5834.8037
766,5047.4976
767,4919.786
768,4186.1357
769,6745.159
770,6801.2217
771,5137.133
772,5922.539
773,6528.884
774,5430.9
775,4895.6772
776,8591.429
777,7454.8535
778,5846.854
779,3790.2493
780,12402.992
781,6058.4043
782,5526.9316
783,8035.2305
784,7545.2593
785,7016.5186
786,5755.6973
787,6758.793
788,9017.753
789,11896.524
790,5081.6665
791,4486.4697
792,4921.875
793,6010.602
794,5584.1455
795,7872.201
796,8416.649
797,5796.2627
798,4278.3115
799,6096.0654
800,8009.162
801,4992.232
802,6960.646
803,4080.6348
804,7056.5728
805,7564.477
806,6930.8735
807,8201.042
808,6125.4883
809,4469.094
810,5963.9727
811,7179.9067
812,7831.842
813,7108.4062
814,7328.468
815,6147.5664
816,4462.2104
817,8721.788
818,4368.602
819,9693.183
820,5876.7837
821,4504.119
822,6628.603
823,5668.367
824,7263.8047
825,7156.592
826,3954.592
827,4892.3813
828,7521.318
829,8265.938
830,9410.456
831,5785.574
832,6059.127
833,6373.3135
834,6083.472
835,5337.473
836,9775.852
837,7737.9956
838,10226.679
839,4446.4766
840,5740.302
841,0.0
842,6962.552
843,5388.058
844,9494.934
845,6487.2744
846,5457.384
847,5068.412
848,5130.145
849,5238.5137
850,5890.494
851,5007.2354
852,4887.3345
853,7890.5283
854,6345.599
855,17489.863
856,6250.4346
